availability,location,size_BHK,total_sqft,bath,balcony,price,area_type_Built-up  Area,area_type_Carpet  Area,area_type_Plot  Area,area_type_Super built-up  Area
40.0,417.0,2,1056.0,2.0,1.0,39.07,0.0,0.0,0.0,1.0
80.0,315.0,4,2600.0,5.0,3.0,120.0,0.0,0.0,1.0,0.0
80.0,1175.0,3,1440.0,2.0,3.0,62.0,1.0,0.0,0.0,0.0
80.0,755.0,3,1521.0,3.0,1.0,95.0,0.0,0.0,0.0,1.0
80.0,714.0,2,1200.0,2.0,1.0,51.0,0.0,0.0,0.0,1.0
80.0,1248.0,2,1170.0,2.0,1.0,38.0,0.0,0.0,0.0,1.0
34.0,891.0,4,2732.0,4.0,1.0,204.0,0.0,0.0,0.0,1.0
80.0,972.0,4,3300.0,4.0,1.0,600.0,0.0,0.0,0.0,1.0
80.0,797.0,3,1310.0,3.0,1.0,63.25,0.0,0.0,0.0,1.0
80.0,432.0,6,1020.0,6.0,1.0,370.0,0.0,0.0,1.0,0.0
29.0,1248.0,3,1800.0,2.0,2.0,70.0,0.0,0.0,0.0,1.0
80.0,1248.0,4,2785.0,5.0,3.0,295.0,0.0,0.0,1.0,0.0
80.0,70.0,2,1000.0,2.0,1.0,38.0,0.0,0.0,0.0,1.0
80.0,464.0,2,1100.0,2.0,2.0,40.0,1.0,0.0,0.0,0.0
80.0,1034.0,3,2250.0,3.0,2.0,148.0,0.0,0.0,1.0,0.0
80.0,834.0,2,1175.0,2.0,2.0,73.5,0.0,0.0,0.0,1.0
80.0,266.0,3,1180.0,3.0,2.0,48.0,0.0,0.0,0.0,1.0
80.0,968.0,3,1540.0,3.0,3.0,60.0,0.0,0.0,0.0,1.0
80.0,984.0,3,2770.0,4.0,2.0,290.0,0.0,0.0,0.0,1.0
80.0,786.0,2,1100.0,2.0,2.0,48.0,0.0,0.0,0.0,1.0
80.0,686.0,1,600.0,1.0,1.0,15.0,1.0,0.0,0.0,0.0
40.0,265.0,3,1755.0,3.0,1.0,122.0,0.0,0.0,0.0,1.0
80.0,1144.0,4,2800.0,5.0,2.0,380.0,0.0,0.0,1.0,0.0
80.0,234.0,3,1767.0,3.0,1.0,103.0,0.0,0.0,0.0,1.0
35.0,10.0,1,510.0,1.0,0.0,25.25,0.0,0.0,0.0,1.0
34.0,787.0,3,1250.0,3.0,2.0,56.0,0.0,0.0,0.0,1.0
80.0,415.0,2,660.0,1.0,1.0,23.1,0.0,0.0,0.0,1.0
52.0,1248.0,3,1610.0,3.0,2.0,81.0,1.0,0.0,0.0,0.0
24.0,983.0,2,1151.0,2.0,2.0,48.77,0.0,0.0,0.0,1.0
80.0,415.0,3,1025.0,2.0,1.0,47.0,0.0,0.0,0.0,1.0
40.0,1257.0,4,2475.0,4.0,0.0,186.0,0.0,0.0,0.0,1.0
80.0,266.0,3,1075.0,2.0,1.0,35.0,0.0,0.0,0.0,1.0
80.0,511.0,3,1760.0,2.0,2.0,123.0,0.0,0.0,0.0,1.0
80.0,968.0,3,1693.0,3.0,3.0,57.39,0.0,0.0,0.0,1.0
80.0,671.0,3,1925.0,3.0,1.0,125.0,1.0,0.0,0.0,0.0
63.0,662.0,2,700.0,2.0,1.0,36.0,0.0,0.0,0.0,1.0
80.0,420.0,2,1070.0,2.0,1.0,45.5,0.0,0.0,0.0,1.0
80.0,729.0,3,1724.0,3.0,2.0,125.0,0.0,0.0,0.0,1.0
80.0,324.0,3,1290.0,2.0,2.0,56.12,0.0,0.0,0.0,1.0
80.0,1175.0,2,1143.0,2.0,2.0,45.0,1.0,0.0,0.0,0.0
80.0,830.0,2,1296.0,2.0,1.0,81.0,1.0,0.0,0.0,0.0
40.0,1035.0,3,1254.0,3.0,2.0,38.0,0.0,0.0,0.0,1.0
80.0,435.0,1,600.0,1.0,0.0,38.0,0.0,0.0,0.0,1.0
80.0,1257.0,1,660.0,1.0,0.0,48.0,0.0,0.0,1.0,0.0
49.0,662.0,2,1330.74,2.0,2.0,91.79,0.0,0.0,0.0,1.0
80.0,492.0,8,600.0,9.0,1.0,200.0,0.0,0.0,1.0,0.0
80.0,394.0,2,970.0,2.0,0.0,33.0,0.0,0.0,0.0,1.0
61.0,1248.0,2,1459.0,2.0,1.0,94.82,0.0,0.0,0.0,1.0
80.0,624.0,2,800.0,1.0,1.0,130.0,0.0,0.0,1.0,0.0
80.0,524.0,2,869.0,2.0,1.0,36.0,1.0,0.0,0.0,0.0
80.0,87.0,2,1270.0,2.0,1.0,50.0,0.0,0.0,0.0,1.0
33.0,250.0,3,1670.0,3.0,1.0,99.0,0.0,0.0,0.0,1.0
80.0,1248.0,3,2010.0,3.0,2.0,91.0,1.0,0.0,0.0,0.0
80.0,743.0,2,1185.0,2.0,2.0,75.0,0.0,0.0,0.0,1.0
80.0,1257.0,3,1600.0,2.0,3.0,75.0,0.0,0.0,0.0,1.0
80.0,230.0,2,1200.0,2.0,2.0,44.0,0.0,0.0,0.0,1.0
53.0,363.0,4,3210.0,2.0,1.0,192.0,1.0,0.0,0.0,0.0
80.0,984.0,2,1500.0,2.0,2.0,185.0,0.0,0.0,0.0,1.0
80.0,830.0,6,1407.0,4.0,1.0,150.0,0.0,0.0,1.0,0.0
80.0,466.0,2,840.0,2.0,2.0,45.0,0.0,0.0,0.0,1.0
80.0,1147.0,3,4395.0,3.0,2.0,240.0,0.0,0.0,1.0,0.0
80.0,435.0,2,845.0,2.0,1.0,55.0,0.0,0.0,0.0,1.0
80.0,1248.0,4,5700.0,5.0,3.0,650.0,0.0,0.0,1.0,0.0
80.0,1186.0,2,1160.0,2.0,2.0,44.0,1.0,0.0,0.0,0.0
80.0,267.0,8,3000.0,8.0,0.0,140.0,1.0,0.0,0.0,0.0
80.0,394.0,2,1100.0,2.0,1.0,62.0,0.0,0.0,0.0,1.0
26.0,482.0,2,1140.0,2.0,3.0,43.0,0.0,0.0,0.0,1.0
80.0,797.0,2,1220.0,2.0,1.0,57.0,0.0,0.0,0.0,1.0
80.0,369.0,8,1350.0,7.0,0.0,85.0,0.0,0.0,1.0,0.0
80.0,662.0,2,1005.0,2.0,1.0,36.68,0.0,0.0,0.0,1.0
80.0,405.0,3,500.0,3.0,2.0,100.0,0.0,0.0,1.0,0.0
51.0,230.0,2,1358.0,2.0,1.0,80.58,0.0,0.0,0.0,1.0
80.0,513.0,3,1569.0,3.0,1.0,101.0,0.0,0.0,0.0,1.0
26.0,504.0,2,1240.0,2.0,1.0,70.0,0.0,0.0,0.0,1.0
80.0,520.0,3,2089.0,3.0,2.0,140.0,0.0,0.0,0.0,1.0
80.0,713.0,2,1206.0,2.0,1.0,48.23,0.0,0.0,0.0,1.0
80.0,639.0,2,1150.0,2.0,3.0,40.0,0.0,0.0,0.0,1.0
80.0,333.0,3,2511.0,3.0,3.0,205.0,1.0,0.0,0.0,0.0
80.0,676.0,2,460.0,1.0,0.0,22.0,1.0,0.0,0.0,0.0
80.0,552.0,6,4400.0,6.0,3.0,250.0,1.0,0.0,0.0,0.0
80.0,697.0,3,1660.0,2.0,2.0,105.0,0.0,0.0,0.0,1.0
36.0,520.0,4,3203.5,2.0,1.0,224.5,1.0,0.0,0.0,0.0
45.0,1257.0,2,1326.0,2.0,2.0,78.0,0.0,0.0,0.0,1.0
80.0,441.0,3,1325.0,2.0,2.0,60.8,0.0,0.0,0.0,1.0
80.0,413.0,3,1499.0,5.0,2.0,102.0,0.0,0.0,0.0,1.0
80.0,513.0,6,3000.0,7.0,2.0,210.0,1.0,0.0,0.0,0.0
80.0,662.0,3,1665.0,3.0,2.0,88.0,0.0,0.0,0.0,1.0
25.0,356.0,2,708.0,2.0,2.0,37.0,0.0,0.0,0.0,1.0
80.0,668.0,2,1060.0,2.0,2.0,58.06,0.0,0.0,0.0,1.0
80.0,972.0,6,710.0,6.0,3.0,160.0,0.0,0.0,1.0,0.0
80.0,1029.0,2,1000.0,2.0,2.0,70.0,1.0,0.0,0.0,0.0
28.0,415.0,2,1000.0,2.0,1.0,28.88,0.0,0.0,0.0,1.0
80.0,7.0,3,1450.0,2.0,2.0,70.0,0.0,0.0,0.0,1.0
80.0,552.0,4,1200.0,4.0,2.0,155.0,0.0,0.0,1.0,0.0
15.0,1144.0,2,1296.0,2.0,3.0,80.0,0.0,0.0,0.0,1.0
80.0,400.0,3,1540.0,3.0,2.0,90.0,0.0,0.0,0.0,1.0
80.0,686.0,4,2894.0,4.0,1.0,245.0,0.0,0.0,1.0,0.0
80.0,1037.0,3,1330.0,2.0,1.0,48.0,0.0,0.0,0.0,1.0
80.0,371.0,2,1200.0,2.0,1.0,65.0,1.0,0.0,0.0,0.0
80.0,1127.0,3,1200.0,3.0,1.0,90.0,1.0,0.0,0.0,0.0
80.0,1263.0,3,2502.0,3.0,3.0,138.0,0.0,0.0,0.0,1.0
80.0,302.0,2,650.0,1.0,1.0,17.0,1.0,0.0,0.0,0.0
80.0,714.0,3,2400.0,2.0,1.0,150.0,0.0,0.0,1.0,0.0
80.0,473.0,2,1007.0,2.0,2.0,43.0,0.0,0.0,0.0,1.0
80.0,1061.0,2,1200.0,2.0,2.0,50.0,0.0,0.0,0.0,1.0
80.0,920.0,2,966.0,2.0,2.0,49.9,0.0,0.0,0.0,1.0
80.0,845.0,3,1630.0,2.0,1.0,98.0,1.0,0.0,0.0,0.0
80.0,972.0,3,1640.0,3.0,2.0,229.0,1.0,0.0,0.0,0.0
80.0,589.0,2,782.0,2.0,2.0,55.68,1.0,0.0,0.0,0.0
38.0,363.0,2,1260.0,2.0,2.0,66.78,0.0,0.0,0.0,1.0
80.0,742.0,3,1800.0,3.0,3.0,120.0,0.0,0.0,0.0,1.0
80.0,281.0,3,1413.0,2.0,2.0,75.0,0.0,0.0,0.0,1.0
80.0,1248.0,2,1116.0,2.0,1.0,51.91,0.0,0.0,0.0,1.0
80.0,415.0,3,1530.0,2.0,1.0,45.9,0.0,0.0,0.0,1.0
80.0,986.0,4,3700.0,4.0,1.0,225.0,1.0,0.0,0.0,0.0
80.0,1035.0,3,2497.0,3.0,2.0,140.0,1.0,0.0,0.0,0.0
80.0,686.0,3,1540.0,2.0,3.0,64.0,0.0,0.0,0.0,1.0
28.0,1144.0,3,1436.0,3.0,1.0,74.75,0.0,0.0,0.0,1.0
32.0,784.0,2,1100.0,2.0,2.0,75.0,0.0,0.0,0.0,1.0
80.0,520.0,2,276.0,3.0,3.0,23.0,0.0,0.0,1.0,0.0
80.0,1144.0,3,1427.0,3.0,2.0,120.0,0.0,0.0,0.0,1.0
80.0,96.0,3,2061.0,3.0,1.0,200.0,0.0,0.0,0.0,1.0
33.0,511.0,4,5611.5,4.0,0.0,477.0,0.0,0.0,0.0,1.0
80.0,1055.0,4,2650.0,4.0,2.0,150.0,1.0,0.0,0.0,0.0
73.0,363.0,3,1282.0,2.0,2.0,68.52,0.0,0.0,0.0,1.0
80.0,633.0,2,1050.0,2.0,1.0,34.0,1.0,0.0,0.0,0.0
80.0,735.0,3,1600.0,3.0,2.0,65.0,1.0,0.0,0.0,0.0
74.0,1183.0,2,945.0,2.0,1.0,54.0,0.0,0.0,0.0,1.0
80.0,533.0,2,1500.0,2.0,1.0,78.0,0.0,0.0,0.0,1.0
80.0,1232.0,7,950.0,7.0,0.0,115.0,0.0,0.0,1.0,0.0
80.0,920.0,3,1870.0,3.0,3.0,110.0,1.0,0.0,0.0,0.0
80.0,1034.0,3,1600.0,3.0,1.0,75.0,0.0,0.0,1.0,0.0
80.0,415.0,2,880.0,1.0,1.0,16.5,0.0,0.0,0.0,1.0
80.0,991.0,4,1200.0,4.0,0.0,210.0,0.0,0.0,1.0,0.0
80.0,720.0,3,1535.0,3.0,2.0,83.0,0.0,0.0,0.0,1.0
80.0,662.0,2,950.0,2.0,1.0,57.0,1.0,0.0,0.0,0.0
27.0,363.0,2,1360.0,2.0,1.0,65.0,0.0,0.0,0.0,1.0
45.0,72.0,2,1073.5,2.0,0.0,54.005,0.0,0.0,0.0,1.0
34.0,269.0,3,1280.0,3.0,1.0,50.4,0.0,0.0,0.0,1.0
42.0,303.0,3,1260.0,2.0,2.0,85.05,0.0,0.0,0.0,1.0
80.0,520.0,8,5000.0,8.0,1.0,250.0,1.0,0.0,0.0,0.0
40.0,1257.0,5,3050.0,5.0,1.0,213.0,0.0,0.0,0.0,1.0
80.0,668.0,3,1563.05,3.0,1.0,105.0,0.0,0.0,0.0,1.0
80.0,552.0,2,1000.0,2.0,1.0,60.0,0.0,0.0,0.0,1.0
19.0,116.0,2,1167.0,2.0,1.0,43.76,0.0,0.0,0.0,1.0
80.0,1230.0,7,4000.0,7.0,2.0,225.0,0.0,0.0,0.0,1.0
80.0,714.0,3,1828.0,3.0,1.0,110.0,0.0,0.0,0.0,1.0
80.0,688.0,2,890.0,2.0,1.0,35.0,0.0,0.0,0.0,1.0
80.0,220.0,3,1612.0,3.0,3.0,46.74,0.0,0.0,0.0,1.0
80.0,374.0,6,1034.0,5.0,1.0,185.0,0.0,0.0,1.0,0.0
38.0,834.0,3,1710.0,4.0,2.0,91.31,0.0,0.0,0.0,1.0
80.0,663.0,2,957.0,2.0,1.0,58.0,0.0,0.0,0.0,1.0
34.0,5.0,3,1250.0,2.0,3.0,44.0,0.0,0.0,0.0,1.0
80.0,1030.0,3,2795.0,4.0,1.0,235.0,0.0,0.0,0.0,1.0
80.0,547.0,2,1125.0,2.0,2.0,50.0,0.0,0.0,0.0,1.0
31.0,417.0,2,1020.0,2.0,1.0,30.6,0.0,0.0,0.0,1.0
80.0,639.0,2,1200.0,2.0,2.0,50.0,0.0,0.0,0.0,1.0
80.0,1144.0,3,1735.0,3.0,3.0,135.0,0.0,0.0,0.0,1.0
80.0,1144.0,3,2050.0,3.0,1.0,145.0,0.0,0.0,0.0,1.0
80.0,773.0,4,3750.0,4.0,0.0,760.0,0.0,0.0,1.0,0.0
80.0,1254.0,3,1350.0,2.0,3.0,48.0,1.0,0.0,0.0,0.0
34.0,534.0,2,1063.0,2.0,1.0,32.0,0.0,0.0,0.0,1.0
80.0,693.0,3,1904.0,3.0,1.0,150.0,0.0,0.0,0.0,1.0
80.0,1248.0,4,4200.0,4.0,2.0,420.0,1.0,0.0,0.0,0.0
80.0,951.0,3,2000.0,3.0,1.0,175.0,0.0,0.0,0.0,1.0
28.0,1034.0,2,1242.5,2.0,0.0,43.49,0.0,0.0,0.0,1.0
80.0,1142.0,3,1425.0,2.0,2.0,75.0,0.0,0.0,0.0,1.0
80.0,415.0,3,1500.0,2.0,1.0,64.5,0.0,0.0,0.0,1.0
80.0,415.0,2,1060.0,2.0,1.0,60.0,1.0,0.0,0.0,0.0
80.0,579.0,3,1470.0,2.0,2.0,70.0,1.0,0.0,0.0,0.0
80.0,716.0,6,1300.0,6.0,0.0,99.0,0.0,0.0,0.0,1.0
80.0,150.0,1,450.0,1.0,1.0,11.0,0.0,0.0,0.0,1.0
26.0,415.0,2,1152.0,2.0,1.0,64.5,0.0,0.0,0.0,1.0
80.0,415.0,3,1350.0,2.0,1.0,56.0,0.0,0.0,0.0,1.0
80.0,290.0,3,1550.0,3.0,3.0,65.0,0.0,0.0,0.0,1.0
80.0,285.0,3,1500.0,3.0,2.0,100.0,0.0,0.0,1.0,0.0
80.0,725.0,5,600.0,3.0,2.0,85.0,0.0,0.0,1.0,0.0
80.0,850.0,1,400.0,1.0,0.0,14.0,0.0,0.0,1.0,0.0
80.0,784.0,1,705.0,1.0,2.0,67.0,0.0,0.0,0.0,1.0
80.0,415.0,2,770.0,1.0,1.0,36.0,1.0,0.0,0.0,0.0
80.0,547.0,2,1242.0,2.0,3.0,51.0,0.0,0.0,0.0,1.0
80.0,512.0,3,1700.0,3.0,2.0,155.0,0.0,0.0,0.0,1.0
80.0,1144.0,3,2144.0,3.0,2.0,145.0,0.0,0.0,0.0,1.0
67.0,1218.0,3,1704.0,3.0,2.0,110.0,0.0,0.0,0.0,1.0
80.0,415.0,2,1070.0,2.0,1.0,52.0,0.0,0.0,0.0,1.0
80.0,73.0,3,1846.0,3.0,2.0,300.0,0.0,0.0,1.0,0.0
80.0,585.0,2,1340.0,2.0,2.0,55.7,0.0,0.0,0.0,1.0
80.0,415.0,2,1025.0,2.0,1.0,46.0,1.0,0.0,0.0,0.0
80.0,624.0,2,1277.5,2.0,0.0,56.8,0.0,0.0,0.0,1.0
80.0,797.0,2,1200.0,2.0,2.0,52.0,0.0,0.0,0.0,1.0
28.0,662.0,4,2250.0,4.0,1.0,110.0,1.0,0.0,0.0,0.0
80.0,918.0,3,1550.0,2.0,3.0,80.0,0.0,0.0,0.0,1.0
80.0,234.0,4,1200.0,5.0,1.0,325.0,0.0,0.0,1.0,0.0
80.0,414.0,7,1800.0,7.0,1.0,250.0,0.0,0.0,1.0,0.0
80.0,797.0,2,1200.0,2.0,2.0,60.0,0.0,0.0,0.0,1.0
80.0,1257.0,2,1327.0,2.0,2.0,98.0,0.0,0.0,0.0,1.0
80.0,714.0,2,1186.0,2.0,2.0,58.0,0.0,0.0,0.0,1.0
80.0,766.0,3,1783.0,3.0,1.0,115.0,1.0,0.0,0.0,0.0
80.0,492.0,3,1400.0,3.0,2.0,56.0,0.0,0.0,0.0,1.0
80.0,848.0,2,980.0,2.0,1.0,48.0,0.0,0.0,0.0,1.0
80.0,413.0,2,1285.0,2.0,2.0,82.0,0.0,0.0,0.0,1.0
80.0,750.0,3,912.0,2.0,1.0,70.0,0.0,0.0,0.0,1.0
80.0,1248.0,2,1225.0,2.0,2.0,47.6,1.0,0.0,0.0,0.0
80.0,1248.0,2,1075.0,2.0,1.0,53.0,0.0,0.0,0.0,1.0
80.0,633.0,3,1260.0,2.0,2.0,54.0,1.0,0.0,0.0,0.0
80.0,1257.0,3,1282.0,2.0,2.0,48.7,0.0,0.0,0.0,1.0
80.0,705.0,3,1909.0,3.0,2.0,88.0,0.0,0.0,0.0,1.0
80.0,910.0,2,1359.0,2.0,1.0,87.0,0.0,0.0,0.0,1.0
80.0,853.0,2,1207.0,2.0,2.0,43.5,1.0,0.0,0.0,0.0
80.0,903.0,4,1736.0,6.0,0.0,190.0,0.0,0.0,1.0,0.0
58.0,27.0,4,2850.0,4.0,1.0,428.0,0.0,0.0,0.0,1.0
80.0,652.0,3,1595.0,3.0,2.0,65.0,0.0,0.0,0.0,1.0
32.0,888.0,3,1798.0,3.0,2.0,89.0,1.0,0.0,0.0,0.0
80.0,420.0,3,1475.0,3.0,2.0,78.29,0.0,0.0,0.0,1.0
80.0,1136.0,3,1580.0,3.0,3.0,100.0,0.0,0.0,0.0,1.0
80.0,358.0,2,1295.0,2.0,1.0,65.0,0.0,0.0,0.0,1.0
80.0,770.0,6,3600.0,6.0,0.0,141.0,1.0,0.0,0.0,0.0
80.0,415.0,1,589.0,1.0,1.0,27.0,0.0,0.0,0.0,1.0
80.0,879.0,3,1415.0,3.0,3.0,78.0,0.0,0.0,0.0,1.0
28.0,1035.0,3,1787.0,3.0,2.0,98.29,0.0,0.0,0.0,1.0
80.0,1035.0,3,1787.0,3.0,2.0,125.0,0.0,0.0,0.0,1.0
80.0,711.0,3,1475.0,2.0,3.0,90.0,0.0,0.0,0.0,1.0
80.0,744.0,4,2000.0,4.0,1.0,75.5,1.0,0.0,0.0,0.0
45.0,1035.0,2,984.0,2.0,1.0,44.28,0.0,0.0,0.0,1.0
40.0,363.0,3,1630.0,2.0,1.0,74.82,0.0,0.0,0.0,1.0
80.0,831.0,3,2405.0,4.0,2.0,260.0,0.0,0.0,0.0,1.0
80.0,70.0,2,1080.0,2.0,2.0,72.0,1.0,0.0,0.0,0.0
80.0,1061.0,2,1500.0,2.0,1.0,115.0,0.0,0.0,1.0,0.0
80.0,511.0,3,1900.0,3.0,2.0,119.0,0.0,0.0,0.0,1.0
39.0,402.0,2,805.0,2.0,1.0,22.14,0.0,0.0,0.0,1.0
80.0,276.0,2,1153.0,2.0,2.0,56.4,0.0,0.0,0.0,1.0
80.0,381.0,2,1148.0,2.0,2.0,60.0,0.0,0.0,0.0,1.0
80.0,833.0,2,1110.0,2.0,2.0,55.0,0.0,0.0,0.0,1.0
80.0,415.0,2,1100.0,2.0,2.0,42.0,1.0,0.0,0.0,0.0
80.0,644.0,2,1290.0,2.0,2.0,110.0,0.0,0.0,0.0,1.0
80.0,406.0,3,1500.0,2.0,1.0,65.0,0.0,0.0,0.0,1.0
26.0,212.0,2,1080.0,2.0,2.0,39.0,0.0,0.0,0.0,1.0
67.0,1218.0,3,1933.0,3.0,1.0,129.0,0.0,0.0,0.0,1.0
80.0,986.0,5,3500.0,5.0,2.0,150.0,1.0,0.0,0.0,0.0
80.0,722.0,2,1060.0,2.0,2.0,60.0,1.0,0.0,0.0,0.0
27.0,302.0,1,645.0,1.0,1.0,16.45,0.0,0.0,0.0,1.0
80.0,825.0,8,2600.0,8.0,2.0,180.0,0.0,0.0,1.0,0.0
37.0,302.0,1,645.0,1.0,1.0,16.45,0.0,0.0,0.0,1.0
80.0,145.0,3,1644.0,3.0,3.0,84.0,0.0,0.0,0.0,1.0
80.0,868.0,2,1285.0,2.0,3.0,72.5,0.0,0.0,0.0,1.0
80.0,415.0,3,1200.0,3.0,1.0,90.0,0.0,0.0,1.0,0.0
80.0,415.0,2,910.0,2.0,1.0,40.0,0.0,0.0,0.0,1.0
80.0,714.0,3,1577.0,3.0,1.0,70.0,0.0,0.0,0.0,1.0
22.0,817.0,3,4050.0,3.0,2.0,280.0,0.0,0.0,1.0,0.0
80.0,885.0,3,2420.0,3.0,2.0,185.0,0.0,0.0,0.0,1.0
80.0,302.0,2,800.0,1.0,1.0,20.0,0.0,0.0,0.0,1.0
80.0,114.0,2,1060.0,2.0,2.0,55.0,1.0,0.0,0.0,0.0
80.0,70.0,2,1270.0,2.0,2.0,93.0,0.0,0.0,0.0,1.0
32.0,1072.0,2,900.0,2.0,2.0,22.5,0.0,0.0,0.0,1.0
80.0,730.0,2,1280.0,2.0,1.0,69.0,1.0,0.0,0.0,0.0
80.0,531.0,4,1200.0,2.0,0.0,95.0,0.0,0.0,1.0,0.0
80.0,1035.0,2,1025.0,2.0,2.0,36.0,1.0,0.0,0.0,0.0
20.0,415.0,2,1108.0,2.0,1.0,63.0,0.0,0.0,0.0,1.0
80.0,761.0,5,1200.0,5.0,1.0,170.0,0.0,0.0,1.0,0.0
80.0,343.0,3,3045.0,3.0,2.0,170.0,0.0,0.0,0.0,1.0
80.0,108.0,4,2900.0,3.0,2.0,300.0,0.0,0.0,1.0,0.0
80.0,1218.0,3,1500.0,3.0,2.0,75.5,0.0,0.0,0.0,1.0
80.0,968.0,2,1295.0,2.0,2.0,43.9,0.0,0.0,0.0,1.0
80.0,276.0,2,1162.0,2.0,1.0,59.9,0.0,0.0,0.0,1.0
80.0,1035.0,2,1035.0,2.0,2.0,49.2,0.0,0.0,0.0,1.0
80.0,150.0,4,1600.0,4.0,0.0,52.8,1.0,0.0,0.0,0.0
80.0,626.0,3,1464.0,3.0,2.0,46.0,0.0,0.0,0.0,1.0
36.0,520.0,3,1866.0,2.0,2.0,61.58,0.0,0.0,0.0,1.0
80.0,449.0,2,700.0,1.0,1.0,26.0,0.0,0.0,0.0,1.0
80.0,639.0,3,1804.0,3.0,2.0,120.0,0.0,0.0,0.0,1.0
80.0,1034.0,2,913.0,2.0,1.0,32.0,0.0,0.0,0.0,1.0
63.0,1137.0,3,1868.0,3.0,2.0,131.0,0.0,0.0,0.0,1.0
80.0,688.0,2,883.0,2.0,1.0,45.0,1.0,0.0,0.0,0.0
80.0,1117.0,2,900.0,2.0,1.0,110.0,0.0,0.0,1.0,0.0
80.0,705.0,3,1664.0,2.0,3.0,73.95,0.0,0.0,0.0,1.0
80.0,513.0,3,2026.0,3.0,2.0,132.0,0.0,0.0,0.0,1.0
80.0,186.0,2,1210.0,2.0,1.0,80.9,0.0,0.0,0.0,1.0
80.0,817.0,4,4111.0,4.0,2.0,250.0,0.0,0.0,1.0,0.0
80.0,633.0,3,1762.0,3.0,3.0,91.45,0.0,0.0,0.0,1.0
80.0,604.0,3,1252.0,3.0,3.0,55.0,0.0,0.0,0.0,1.0
80.0,459.0,2,861.0,2.0,1.0,34.5,1.0,0.0,0.0,0.0
80.0,70.0,3,1420.0,2.0,1.0,100.0,1.0,0.0,0.0,0.0
80.0,1101.0,6,1450.0,6.0,0.0,250.0,0.0,0.0,1.0,0.0
80.0,420.0,3,1490.0,3.0,1.0,78.8,1.0,0.0,0.0,0.0
80.0,266.0,3,1075.0,2.0,1.0,46.0,0.0,0.0,0.0,1.0
27.0,892.0,3,1425.0,2.0,2.0,94.0,0.0,0.0,0.0,1.0
80.0,639.0,2,1200.0,2.0,1.0,40.0,1.0,0.0,0.0,0.0
80.0,635.0,3,1280.0,2.0,2.0,56.0,0.0,0.0,0.0,1.0
80.0,1076.0,2,1084.0,2.0,2.0,50.0,0.0,0.0,0.0,1.0
31.0,302.0,2,1015.0,2.0,2.0,25.88,0.0,0.0,0.0,1.0
69.0,662.0,2,1017.0,2.0,1.0,51.25,0.0,0.0,0.0,1.0
80.0,504.0,2,1027.0,2.0,2.0,44.0,0.0,0.0,0.0,1.0
80.0,417.0,2,1069.0,2.0,2.0,45.0,0.0,0.0,0.0,1.0
80.0,511.0,2,1349.0,2.0,1.0,98.2,0.0,0.0,0.0,1.0
80.0,75.0,2,1005.0,2.0,1.0,50.0,0.0,0.0,0.0,1.0
80.0,582.0,2,1417.0,2.0,3.0,75.0,0.0,0.0,0.0,1.0
30.0,1134.0,3,1475.0,3.0,1.0,98.0,0.0,0.0,1.0,0.0
80.0,807.0,2,950.0,2.0,2.0,47.0,0.0,1.0,0.0,0.0
80.0,950.0,4,2000.0,4.0,0.0,120.0,0.0,0.0,0.0,1.0
80.0,451.0,3,880.0,3.0,1.0,140.0,0.0,0.0,1.0,0.0
80.0,1035.0,4,1863.0,3.0,2.0,104.0,0.0,0.0,0.0,1.0
80.0,1080.0,2,1010.0,2.0,1.0,29.5,0.0,0.0,0.0,1.0
80.0,639.0,3,1425.0,2.0,1.0,70.0,0.0,0.0,0.0,1.0
80.0,1218.0,3,1450.0,3.0,0.0,100.0,0.0,0.0,0.0,1.0
80.0,714.0,3,1847.0,3.0,2.0,105.0,0.0,0.0,0.0,1.0
80.0,78.0,2,1100.0,2.0,3.0,45.0,0.0,0.0,0.0,1.0
52.0,662.0,1,525.0,1.0,1.0,26.0,0.0,0.0,0.0,1.0
80.0,781.0,3,1665.0,3.0,2.0,95.0,0.0,0.0,0.0,1.0
80.0,229.0,4,1664.0,4.0,3.0,65.0,0.0,0.0,0.0,1.0
80.0,573.0,3,1850.0,3.0,3.0,150.0,0.0,0.0,0.0,1.0
80.0,910.0,2,1438.0,2.0,3.0,100.0,0.0,0.0,0.0,1.0
80.0,1118.0,3,1560.0,3.0,3.0,115.0,0.0,0.0,0.0,1.0
26.0,1257.0,2,1350.0,2.0,1.0,55.55,0.0,0.0,0.0,1.0
80.0,662.0,3,1550.0,3.0,3.0,67.0,0.0,0.0,0.0,1.0
26.0,783.0,2,1140.0,2.0,2.0,46.5,0.0,0.0,0.0,1.0
80.0,1101.0,5,1200.0,5.0,2.0,180.0,0.0,0.0,1.0,0.0
28.0,698.0,2,850.0,2.0,2.0,27.0,0.0,0.0,0.0,1.0
80.0,1248.0,2,1280.0,2.0,2.0,75.0,0.0,0.0,0.0,1.0
80.0,829.0,2,1170.0,2.0,2.0,52.0,1.0,0.0,0.0,0.0
80.0,823.0,2,1113.0,2.0,1.0,51.0,0.0,0.0,0.0,1.0
80.0,520.0,2,1385.0,2.0,1.0,83.09,0.0,0.0,0.0,1.0
26.0,415.0,2,1128.0,2.0,1.0,65.0,0.0,0.0,0.0,1.0
80.0,797.0,2,1200.0,2.0,2.0,128.0,0.0,0.0,1.0,0.0
80.0,97.0,4,1200.0,4.0,3.0,165.0,0.0,0.0,1.0,0.0
80.0,972.0,3,2390.0,3.0,2.0,415.0,0.0,0.0,0.0,1.0
80.0,451.0,4,2400.0,4.0,1.0,400.0,0.0,0.0,1.0,0.0
80.0,504.0,3,1464.0,3.0,2.0,56.0,0.0,0.0,0.0,1.0
80.0,786.0,2,1200.0,2.0,2.0,55.0,0.0,0.0,0.0,1.0
80.0,676.0,2,1200.0,2.0,2.0,52.0,0.0,0.0,0.0,1.0
80.0,636.0,3,1150.0,2.0,1.0,55.0,0.0,0.0,0.0,1.0
80.0,222.0,3,1645.0,3.0,2.0,95.0,1.0,0.0,0.0,0.0
57.0,1035.0,2,1000.0,2.0,1.0,67.0,0.0,0.0,0.0,1.0
80.0,504.0,4,2650.0,4.0,2.0,198.0,0.0,0.0,1.0,0.0
80.0,65.0,2,1192.0,2.0,2.0,74.0,0.0,0.0,0.0,1.0
80.0,1172.0,3,2135.0,3.0,2.0,215.0,0.0,0.0,0.0,1.0
40.0,1248.0,2,1173.0,2.0,1.0,58.0,0.0,0.0,0.0,1.0
80.0,1175.0,2,1020.0,2.0,2.0,45.0,1.0,0.0,0.0,0.0
80.0,1149.0,4,3122.0,6.0,2.0,230.0,0.0,0.0,0.0,1.0
80.0,1085.0,3,1600.0,3.0,3.0,64.0,0.0,0.0,0.0,1.0
33.0,1132.0,2,1200.0,2.0,0.0,79.0,0.0,0.0,1.0,0.0
80.0,827.0,2,1230.0,2.0,3.0,48.0,0.0,1.0,0.0,0.0
80.0,5.0,2,1250.0,2.0,2.0,40.0,0.0,0.0,0.0,1.0
80.0,639.0,2,1325.0,2.0,2.0,76.0,0.0,0.0,0.0,1.0
80.0,70.0,3,1850.0,3.0,1.0,150.0,1.0,0.0,0.0,0.0
63.0,662.0,1,525.0,2.0,1.0,21.53,0.0,0.0,0.0,1.0
80.0,223.0,2,1200.0,2.0,2.0,65.0,0.0,0.0,0.0,1.0
80.0,277.0,3,1350.0,2.0,0.0,140.0,0.0,0.0,1.0,0.0
32.0,268.0,3,1260.0,3.0,1.0,49.36,0.0,0.0,0.0,1.0
80.0,935.0,3,1800.0,3.0,0.0,150.0,0.0,0.0,0.0,1.0
28.0,1122.0,3,11.0,3.0,2.0,74.0,0.0,0.0,1.0,0.0
80.0,137.0,2,1100.0,2.0,1.0,43.25,1.0,0.0,0.0,0.0
80.0,507.0,2,1508.0,2.0,1.0,77.0,0.0,0.0,0.0,1.0
80.0,1028.0,3,1592.0,3.0,2.0,75.0,0.0,1.0,0.0,0.0
80.0,96.0,2,1388.0,2.0,3.0,57.0,0.0,0.0,0.0,1.0
34.0,417.0,1,630.0,1.0,1.0,28.35,0.0,0.0,0.0,1.0
80.0,949.0,3,2000.0,3.0,2.0,365.0,0.0,0.0,1.0,0.0
80.0,205.0,3,1762.0,3.0,1.0,125.0,0.0,0.0,0.0,1.0
63.0,184.0,2,950.0,2.0,2.0,50.0,0.0,0.0,0.0,1.0
80.0,703.0,4,3252.0,5.0,3.0,335.0,0.0,0.0,0.0,1.0
27.0,770.0,2,1116.0,2.0,1.0,50.0,0.0,0.0,0.0,1.0
80.0,865.0,2,1308.0,2.0,2.0,89.04,0.0,0.0,0.0,1.0
80.0,766.0,3,1200.0,3.0,0.0,90.0,0.0,0.0,0.0,1.0
80.0,264.0,4,1500.0,4.0,2.0,230.0,0.0,0.0,1.0,0.0
80.0,214.0,1,500.0,1.0,1.0,18.5,1.0,0.0,0.0,0.0
80.0,516.0,2,1075.0,2.0,1.0,52.0,0.0,0.0,0.0,1.0
33.0,302.0,1,530.0,1.0,0.0,11.66,0.0,0.0,0.0,1.0
80.0,234.0,2,1205.0,2.0,3.0,66.0,1.0,0.0,0.0,0.0
80.0,60.0,2,1075.0,2.0,2.0,60.0,0.0,0.0,0.0,1.0
80.0,624.0,2,930.0,2.0,2.0,39.0,1.0,0.0,0.0,0.0
80.0,186.0,2,1380.0,2.0,1.0,60.0,0.0,0.0,0.0,1.0
80.0,511.0,4,2483.0,5.0,2.0,212.0,0.0,0.0,0.0,1.0
80.0,701.0,2,1166.0,2.0,2.0,55.0,1.0,0.0,0.0,0.0
80.0,214.0,2,1050.0,2.0,1.0,65.0,0.0,0.0,0.0,1.0
45.0,461.0,3,2023.71,3.0,2.0,275.0,0.0,0.0,0.0,1.0
80.0,230.0,2,1200.0,2.0,2.0,46.8,0.0,0.0,0.0,1.0
80.0,743.0,3,1600.0,2.0,1.0,108.0,0.0,0.0,0.0,1.0
80.0,262.0,3,1935.0,3.0,2.0,110.0,0.0,0.0,0.0,1.0
34.0,72.0,1,451.0,1.0,0.0,29.9,0.0,0.0,0.0,1.0
80.0,415.0,3,1800.0,3.0,2.0,95.0,0.0,0.0,0.0,1.0
34.0,587.0,3,1400.0,3.0,0.0,77.0,0.0,0.0,0.0,1.0
80.0,513.0,3,1801.0,3.0,2.0,115.0,0.0,0.0,0.0,1.0
80.0,771.0,2,1451.0,2.0,1.0,90.0,1.0,0.0,0.0,0.0
42.0,124.0,2,1200.0,1.0,1.0,36.0,0.0,0.0,1.0,0.0
80.0,230.0,2,1160.0,2.0,2.0,44.0,0.0,0.0,0.0,1.0
80.0,686.0,2,1000.0,2.0,1.0,25.0,1.0,0.0,0.0,0.0
80.0,662.0,2,950.0,2.0,1.0,40.0,0.0,0.0,0.0,1.0
52.0,529.0,3,1629.0,3.0,2.0,79.0,1.0,0.0,0.0,0.0
80.0,1218.0,3,1580.0,2.0,0.0,134.0,1.0,0.0,0.0,0.0
67.0,1218.0,3,1826.0,3.0,2.0,121.0,0.0,0.0,0.0,1.0
80.0,70.0,2,1245.0,2.0,1.0,94.0,1.0,0.0,0.0,0.0
80.0,968.0,2,1145.0,2.0,2.0,45.79,0.0,0.0,0.0,1.0
80.0,1087.0,2,825.0,2.0,1.0,33.0,0.0,0.0,0.0,1.0
27.0,1263.0,3,1693.0,3.0,3.0,108.0,0.0,0.0,0.0,1.0
80.0,420.0,2,1113.27,2.0,2.0,53.0,0.0,0.0,0.0,1.0
80.0,142.0,2,1460.0,2.0,1.0,58.0,1.0,0.0,0.0,0.0
80.0,394.0,2,1050.0,2.0,1.0,32.0,1.0,0.0,0.0,0.0
80.0,380.0,2,1260.0,2.0,2.0,55.0,1.0,0.0,0.0,0.0
80.0,615.0,6,700.0,3.0,1.0,120.0,0.0,0.0,0.0,1.0
80.0,542.0,2,1656.0,2.0,1.0,120.0,1.0,0.0,0.0,0.0
80.0,302.0,3,1208.0,3.0,1.0,45.0,0.0,0.0,0.0,1.0
80.0,1248.0,3,1910.0,3.0,2.0,161.0,0.0,0.0,0.0,1.0
80.0,1248.0,4,3252.0,4.0,1.0,230.0,0.0,0.0,0.0,1.0
80.0,228.0,2,1200.0,2.0,1.0,65.0,0.0,0.0,1.0,0.0
80.0,456.0,4,1200.0,4.0,1.0,175.0,0.0,0.0,0.0,1.0
80.0,70.0,2,1175.0,2.0,1.0,82.0,0.0,0.0,0.0,1.0
80.0,645.0,2,1000.0,2.0,0.0,165.0,0.0,0.0,1.0,0.0
80.0,214.0,4,1200.0,2.0,0.0,125.0,0.0,0.0,1.0,0.0
80.0,972.0,3,2390.0,3.0,2.0,410.0,0.0,0.0,0.0,1.0
42.0,972.0,7,12000.0,6.0,3.0,2200.0,0.0,0.0,0.0,1.0
80.0,1114.0,2,550.0,1.0,1.0,62.0,0.0,0.0,1.0,0.0
80.0,686.0,1,370.923994,1.0,0.0,18.5,0.0,0.0,0.0,1.0
80.0,1031.0,2,1185.0,2.0,1.0,38.0,0.0,0.0,0.0,1.0
80.0,686.0,2,750.0,2.0,1.0,38.0,0.0,0.0,0.0,1.0
80.0,773.0,6,1200.0,7.0,3.0,250.0,0.0,0.0,1.0,0.0
80.0,662.0,3,1550.0,3.0,3.0,64.5,0.0,0.0,0.0,1.0
80.0,110.0,3,1760.0,3.0,2.0,88.0,1.0,0.0,0.0,0.0
80.0,262.0,2,1125.0,2.0,2.0,62.0,0.0,0.0,0.0,1.0
80.0,845.0,3,1350.0,3.0,2.0,150.0,0.0,0.0,1.0,0.0
16.0,116.0,2,1000.0,2.0,1.0,55.0,0.0,0.0,1.0,0.0
27.0,269.0,2,1090.0,2.0,2.0,31.48,1.0,0.0,0.0,0.0
80.0,1134.0,2,1200.0,2.0,0.0,60.0,0.0,0.0,1.0,0.0
80.0,276.0,3,1991.0,4.0,2.0,103.0,0.0,0.0,0.0,1.0
36.0,268.0,2,1060.0,2.0,1.0,26.5,0.0,0.0,0.0,1.0
80.0,106.0,2,1105.0,2.0,1.0,75.0,0.0,0.0,0.0,1.0
80.0,528.0,2,985.0,2.0,2.0,67.0,1.0,0.0,0.0,0.0
80.0,302.0,6,1533.0,5.0,3.0,85.0,0.0,0.0,1.0,0.0
19.0,186.0,3,1590.0,3.0,2.0,79.0,0.0,0.0,0.0,1.0
80.0,290.0,2,1120.0,2.0,2.0,55.0,0.0,0.0,0.0,1.0
80.0,1024.0,2,1069.0,2.0,1.0,55.0,0.0,0.0,0.0,1.0
80.0,797.0,3,1933.0,3.0,2.0,140.0,0.0,0.0,0.0,1.0
10.0,542.0,2,1194.0,2.0,0.0,69.0,1.0,0.0,0.0,0.0
80.0,275.0,2,1150.0,2.0,3.0,69.0,0.0,0.0,0.0,1.0
80.0,1260.0,2,1240.0,2.0,2.0,47.12,0.0,0.0,0.0,1.0
80.0,968.0,2,1419.0,2.0,2.0,48.1,0.0,0.0,0.0,1.0
80.0,70.0,8,1200.0,8.0,1.0,250.0,0.0,0.0,1.0,0.0
80.0,1002.0,3,2150.0,4.0,1.0,240.0,0.0,0.0,0.0,1.0
80.0,1112.0,3,1450.0,3.0,2.0,55.0,0.0,0.0,0.0,1.0
31.0,1169.0,3,1630.0,3.0,2.0,68.29,0.0,0.0,0.0,1.0
80.0,356.0,2,708.0,1.0,1.0,40.0,0.0,0.0,0.0,1.0
80.0,668.0,3,1000.0,4.0,3.0,110.0,0.0,0.0,1.0,0.0
80.0,1248.0,4,11890.0,4.0,3.0,700.0,0.0,0.0,1.0,0.0
80.0,234.0,2,1250.0,2.0,1.0,76.0,0.0,0.0,0.0,1.0
80.0,70.0,3,1400.0,2.0,1.0,95.0,0.0,0.0,0.0,1.0
80.0,1035.0,3,1670.0,2.0,3.0,57.0,0.0,0.0,0.0,1.0
80.0,137.0,3,1750.0,3.0,2.0,100.0,0.0,0.0,0.0,1.0
80.0,1238.0,2,1404.0,2.0,1.0,71.0,0.0,0.0,0.0,1.0
80.0,528.0,3,1715.0,2.0,2.0,95.0,0.0,0.0,0.0,1.0
26.0,415.0,1,630.0,1.0,1.0,34.65,1.0,0.0,0.0,0.0
80.0,507.0,3,1752.12,3.0,2.0,135.0,0.0,0.0,0.0,1.0
80.0,547.0,3,1650.0,3.0,2.0,78.0,0.0,0.0,0.0,1.0
80.0,968.0,2,1295.0,2.0,1.0,55.47,0.0,0.0,0.0,1.0
80.0,451.0,3,1800.0,3.0,2.0,252.0,0.0,0.0,1.0,0.0
37.0,1035.0,2,1346.0,2.0,1.0,74.03,0.0,0.0,0.0,1.0
80.0,1150.0,4,1200.0,4.0,2.0,200.0,0.0,0.0,1.0,0.0
80.0,533.0,2,1150.0,2.0,2.0,55.0,0.0,0.0,0.0,1.0
80.0,319.0,4,3309.0,4.0,3.0,325.0,1.0,0.0,0.0,0.0
34.0,302.0,3,1190.0,2.0,2.0,30.35,0.0,0.0,0.0,1.0
80.0,78.0,3,1620.0,3.0,2.0,98.0,0.0,0.0,0.0,1.0
26.0,797.0,2,950.0,2.0,1.0,46.96,0.0,0.0,0.0,1.0
80.0,15.0,11,5000.0,9.0,3.0,360.0,0.0,0.0,0.0,1.0
80.0,507.0,3,2450.0,3.0,0.0,120.0,0.0,0.0,0.0,1.0
34.0,417.0,3,1220.0,2.0,1.0,35.23,0.0,0.0,0.0,1.0
80.0,545.0,2,850.0,2.0,1.0,30.0,0.0,0.0,0.0,1.0
80.0,903.0,2,1020.0,2.0,2.0,63.0,1.0,0.0,0.0,0.0
80.0,324.0,2,1100.0,2.0,2.0,50.0,1.0,0.0,0.0,0.0
80.0,360.0,2,1150.0,2.0,2.0,126.0,0.0,0.0,0.0,1.0
28.0,511.0,3,1760.0,2.0,2.0,130.0,0.0,0.0,0.0,1.0
80.0,106.0,3,1800.0,3.0,3.0,110.0,0.0,0.0,0.0,1.0
80.0,96.0,2,1070.0,2.0,1.0,54.0,0.0,0.0,0.0,1.0
80.0,41.0,4,1500.0,4.0,2.0,220.0,0.0,0.0,1.0,0.0
80.0,1212.0,2,1440.0,2.0,0.0,95.0,0.0,0.0,1.0,0.0
80.0,112.0,2,900.0,2.0,1.0,40.0,0.0,0.0,0.0,1.0
80.0,553.0,4,1200.0,4.0,1.0,230.0,1.0,0.0,0.0,0.0
34.0,1248.0,2,1130.0,2.0,1.0,42.16,0.0,0.0,0.0,1.0
80.0,711.0,2,1320.0,2.0,1.0,165.0,0.0,0.0,0.0,1.0
44.0,702.0,2,1270.0,2.0,1.0,98.0,0.0,0.0,0.0,1.0
80.0,916.0,2,1200.0,2.0,1.0,62.0,1.0,0.0,0.0,0.0
80.0,1003.0,4,4800.0,4.0,1.0,235.0,0.0,0.0,0.0,1.0
80.0,839.0,2,1200.0,2.0,1.0,74.0,0.0,0.0,0.0,1.0
80.0,1111.0,2,929.0,2.0,0.0,50.17,0.0,0.0,0.0,1.0
80.0,950.0,4,1150.0,4.0,2.0,260.0,1.0,0.0,0.0,0.0
80.0,221.0,4,1125.0,4.0,3.0,180.0,0.0,0.0,1.0,0.0
80.0,684.0,5,500.0,3.0,2.0,65.0,0.0,0.0,1.0,0.0
80.0,45.0,5,1200.0,5.0,2.0,190.0,0.0,0.0,1.0,0.0
80.0,626.0,3,1464.0,3.0,2.0,56.0,0.0,0.0,0.0,1.0
80.0,70.0,4,3600.0,4.0,3.0,400.0,0.0,0.0,0.0,1.0
80.0,211.0,4,2000.0,4.0,2.0,99.0,0.0,0.0,1.0,0.0
80.0,324.0,2,1208.0,2.0,1.0,49.0,0.0,0.0,0.0,1.0
80.0,512.0,2,1130.0,2.0,2.0,60.0,0.0,0.0,0.0,1.0
80.0,1121.0,3,1753.0,3.0,2.0,120.0,0.0,0.0,0.0,1.0
80.0,892.0,5,4500.0,7.0,3.0,337.0,0.0,0.0,0.0,1.0
80.0,210.0,3,600.0,3.0,2.0,58.0,0.0,0.0,1.0,0.0
75.0,528.0,2,1196.0,2.0,2.0,94.42,0.0,0.0,0.0,1.0
80.0,60.0,2,1150.0,3.0,3.0,52.5,1.0,0.0,0.0,0.0
26.0,415.0,2,1128.0,2.0,1.0,63.0,0.0,0.0,0.0,1.0
80.0,896.0,2,1000.0,2.0,1.0,53.0,0.0,0.0,0.0,1.0
80.0,1257.0,2,1035.0,2.0,1.0,45.0,0.0,0.0,0.0,1.0
80.0,692.0,2,950.0,2.0,1.0,32.0,1.0,0.0,0.0,0.0
80.0,266.0,3,1075.0,2.0,1.0,36.0,0.0,0.0,0.0,1.0
80.0,1248.0,2,1040.0,2.0,1.0,48.5,0.0,0.0,0.0,1.0
24.0,795.0,2,720.0,2.0,1.0,45.0,0.0,0.0,1.0,0.0
80.0,755.0,3,1511.0,3.0,1.0,95.0,0.0,0.0,0.0,1.0
80.0,1075.0,3,1300.0,3.0,1.0,58.0,1.0,0.0,0.0,0.0
40.0,528.0,3,1545.0,3.0,1.0,68.75,0.0,0.0,0.0,1.0
80.0,1055.0,1,375.0,2.0,0.0,26.0,1.0,0.0,0.0,0.0
80.0,1212.0,2,1062.0,2.0,3.0,38.0,0.0,0.0,0.0,1.0
80.0,629.0,2,1115.0,2.0,1.0,40.0,0.0,0.0,0.0,1.0
80.0,573.0,2,1000.0,2.0,1.0,35.0,0.0,0.0,0.0,1.0
22.0,648.0,2,883.0,2.0,1.0,45.0,0.0,0.0,0.0,1.0
38.0,1035.0,2,1195.0,2.0,1.0,70.0,0.0,0.0,0.0,1.0
80.0,170.0,4,1200.0,3.0,1.0,165.0,0.0,0.0,1.0,0.0
80.0,813.0,1,700.0,1.0,0.0,41.0,1.0,0.0,0.0,0.0
80.0,1238.0,2,1246.0,2.0,1.0,67.0,0.0,0.0,0.0,1.0
80.0,72.0,4,660.0,4.0,2.0,90.0,0.0,0.0,1.0,0.0
80.0,201.0,4,8500.0,4.0,2.0,145.0,0.0,0.0,1.0,0.0
80.0,669.0,4,1600.0,4.0,1.0,80.0,0.0,0.0,0.0,1.0
28.0,504.0,4,2805.0,5.0,3.0,154.0,0.0,0.0,0.0,1.0
80.0,230.0,3,1584.0,3.0,1.0,65.0,0.0,0.0,0.0,1.0
80.0,1049.0,4,3000.0,5.0,1.0,275.0,0.0,0.0,1.0,0.0
80.0,542.0,3,1175.0,2.0,2.0,48.0,1.0,0.0,0.0,0.0
43.0,1262.0,3,1595.0,3.0,2.0,115.0,1.0,0.0,0.0,0.0
80.0,1179.0,2,1353.0,2.0,2.0,110.0,0.0,0.0,0.0,1.0
26.0,415.0,3,1599.0,3.0,2.0,125.0,0.0,0.0,0.0,1.0
80.0,1248.0,2,1150.0,2.0,1.0,70.0,0.0,0.0,0.0,1.0
16.0,582.0,4,5230.0,6.0,1.0,465.0,0.0,0.0,0.0,1.0
80.0,624.0,2,1155.0,2.0,2.0,42.74,0.0,0.0,0.0,1.0
80.0,568.0,1,1200.0,2.0,0.0,85.0,1.0,0.0,0.0,0.0
31.0,417.0,2,1000.0,2.0,1.0,25.0,0.0,0.0,0.0,1.0
80.0,1144.0,4,3000.0,4.0,1.0,120.0,0.0,0.0,0.0,1.0
80.0,982.0,3,1867.0,3.0,1.0,160.0,1.0,0.0,0.0,0.0
32.0,983.0,2,1251.0,2.0,1.0,47.0,0.0,0.0,0.0,1.0
26.0,442.0,2,1028.0,2.0,1.0,45.5,0.0,0.0,0.0,1.0
80.0,140.0,2,1222.0,2.0,2.0,45.0,0.0,0.0,0.0,1.0
80.0,214.0,3,1170.0,2.0,1.0,66.0,0.0,0.0,0.0,1.0
80.0,511.0,3,2400.0,4.0,1.0,245.0,0.0,0.0,0.0,1.0
80.0,990.0,3,1385.0,2.0,2.0,48.48,0.0,0.0,0.0,1.0
80.0,492.0,2,1372.0,2.0,1.0,68.0,0.0,0.0,0.0,1.0
80.0,770.0,3,1282.0,2.0,2.0,49.0,0.0,0.0,0.0,1.0
80.0,819.0,9,5000.0,9.0,3.0,210.0,0.0,0.0,0.0,1.0
80.0,68.0,5,3000.0,3.0,1.0,528.0,1.0,0.0,0.0,0.0
80.0,662.0,2,1135.0,2.0,1.0,39.73,0.0,0.0,0.0,1.0
52.0,1248.0,3,1768.0,3.0,2.0,101.0,1.0,0.0,0.0,0.0
80.0,281.0,3,1325.0,2.0,1.0,90.0,1.0,0.0,0.0,0.0
26.0,415.0,3,1599.0,3.0,2.0,99.0,0.0,0.0,0.0,1.0
33.0,1248.0,3,1500.0,3.0,1.0,61.95,0.0,0.0,1.0,0.0
80.0,38.0,3,2610.0,3.0,0.0,499.0,0.0,0.0,1.0,0.0
80.0,1175.0,2,1286.0,2.0,2.0,63.0,0.0,0.0,0.0,1.0
80.0,651.0,5,2845.0,5.0,1.0,140.0,1.0,0.0,0.0,0.0
80.0,614.0,3,1600.0,2.0,1.0,50.0,0.0,0.0,0.0,1.0
37.0,520.0,2,1317.5,2.0,0.0,63.77,0.0,0.0,0.0,1.0
80.0,511.0,3,3450.0,5.0,2.0,260.0,0.0,0.0,0.0,1.0
26.0,829.0,2,1102.0,2.0,2.0,53.67,0.0,0.0,0.0,1.0
80.0,1257.0,2,1350.0,2.0,2.0,54.0,0.0,0.0,0.0,1.0
80.0,192.0,3,1200.0,2.0,2.0,42.0,0.0,0.0,0.0,1.0
80.0,534.0,6,1300.0,6.0,0.0,145.0,0.0,0.0,1.0,0.0
80.0,521.0,2,1800.0,1.0,1.0,80.0,0.0,0.0,1.0,0.0
80.0,317.0,2,950.0,2.0,1.0,40.0,1.0,0.0,0.0,0.0
63.0,662.0,1,525.0,1.0,1.0,27.25,0.0,0.0,0.0,1.0
80.0,150.0,2,656.0,2.0,1.0,25.0,1.0,0.0,0.0,0.0
80.0,797.0,4,1780.0,4.0,3.0,175.0,0.0,0.0,1.0,0.0
80.0,45.0,2,1056.0,2.0,1.0,80.0,0.0,0.0,0.0,1.0
64.0,214.0,1,595.0,1.0,1.0,33.32,0.0,0.0,0.0,1.0
80.0,568.0,2,1080.0,2.0,2.0,50.0,1.0,0.0,0.0,0.0
40.0,70.0,3,2225.0,3.0,1.0,160.0,0.0,0.0,0.0,1.0
27.0,268.0,2,1126.0,2.0,1.0,28.15,0.0,0.0,0.0,1.0
80.0,420.0,3,1490.0,3.0,1.0,84.0,0.0,0.0,0.0,1.0
80.0,491.0,4,2000.0,4.0,1.0,300.0,0.0,0.0,1.0,0.0
80.0,1035.0,3,1550.0,3.0,3.0,100.0,0.0,0.0,0.0,1.0
80.0,1248.0,3,1600.0,3.0,2.0,86.0,0.0,0.0,0.0,1.0
80.0,147.0,2,1160.0,2.0,1.0,55.0,1.0,0.0,0.0,0.0
80.0,1248.0,4,4144.0,4.0,3.0,315.0,1.0,0.0,0.0,0.0
80.0,1035.0,3,2100.0,3.0,2.0,125.0,0.0,0.0,0.0,1.0
80.0,1238.0,2,1404.0,2.0,1.0,69.3,0.0,0.0,0.0,1.0
80.0,1035.0,4,2230.0,4.0,3.0,225.0,0.0,0.0,1.0,0.0
80.0,798.0,3,1544.0,3.0,1.0,120.0,0.0,0.0,0.0,1.0
34.0,201.0,3,1305.0,2.0,1.0,58.7,0.0,0.0,0.0,1.0
80.0,797.0,2,1230.0,2.0,2.0,80.0,0.0,0.0,0.0,1.0
80.0,1132.0,2,1200.0,2.0,0.0,65.0,0.0,0.0,1.0,0.0
80.0,507.0,3,1460.0,3.0,1.0,73.0,0.0,0.0,0.0,1.0
79.0,1035.0,2,1800.0,2.0,1.0,34.185,0.0,0.0,1.0,0.0
80.0,464.0,2,967.0,2.0,3.0,45.0,1.0,0.0,0.0,0.0
80.0,281.0,1,540.0,1.0,1.0,36.0,1.0,0.0,0.0,0.0
40.0,533.0,1,715.0,1.0,2.0,46.0,0.0,0.0,0.0,1.0
80.0,1248.0,3,2500.0,3.0,2.0,313.0,0.0,0.0,0.0,1.0
80.0,404.0,3,1578.0,3.0,1.0,180.0,0.0,0.0,0.0,1.0
80.0,834.0,2,1020.0,2.0,1.0,48.95,0.0,0.0,0.0,1.0
80.0,604.0,2,1020.0,2.0,1.0,40.0,0.0,0.0,0.0,1.0
80.0,711.0,2,1253.0,2.0,1.0,102.0,0.0,0.0,0.0,1.0
80.0,572.0,2,1180.0,2.0,2.0,42.0,0.0,0.0,0.0,1.0
80.0,875.0,2,961.0,2.0,2.0,38.0,0.0,0.0,0.0,1.0
80.0,656.0,3,1419.0,3.0,3.0,75.0,1.0,0.0,0.0,0.0
80.0,507.0,3,1709.0,3.0,2.0,150.0,0.0,0.0,0.0,1.0
80.0,913.0,2,1600.0,2.0,0.0,115.0,0.0,0.0,1.0,0.0
31.0,1201.0,1,416.0,1.0,1.0,18.5,0.0,0.0,0.0,1.0
80.0,1029.0,2,1100.0,2.0,2.0,98.0,0.0,1.0,0.0,0.0
80.0,492.0,3,1430.0,2.0,1.0,65.0,0.0,0.0,0.0,1.0
80.0,1083.0,2,1260.0,2.0,2.0,45.0,0.0,0.0,0.0,1.0
80.0,951.0,3,1630.0,3.0,2.0,85.0,1.0,0.0,0.0,0.0
46.0,1035.0,3,1249.0,3.0,2.0,44.71,0.0,0.0,0.0,1.0
80.0,639.0,3,1450.0,2.0,3.0,85.0,0.0,0.0,0.0,1.0
23.0,706.0,3,2791.0,3.0,1.0,223.0,0.0,0.0,0.0,1.0
80.0,539.0,1,600.0,1.0,0.0,90.0,0.0,0.0,0.0,1.0
80.0,147.0,1,834.0,1.0,1.0,60.0,1.0,0.0,0.0,0.0
80.0,387.0,3,1125.0,4.0,1.0,70.0,0.0,0.0,1.0,0.0
80.0,140.0,3,2060.0,3.0,2.0,140.0,0.0,0.0,0.0,1.0
42.0,784.0,7,12000.0,7.0,3.0,2200.0,0.0,0.0,0.0,1.0
80.0,464.0,2,891.0,2.0,1.0,25.0,1.0,0.0,0.0,0.0
80.0,968.0,2,1133.0,2.0,1.0,49.07,0.0,0.0,0.0,1.0
80.0,266.0,3,1075.0,2.0,1.0,37.0,1.0,0.0,0.0,0.0
34.0,1048.0,4,3000.0,5.0,2.0,260.0,0.0,0.0,0.0,1.0
80.0,275.0,4,2440.0,5.0,2.0,425.0,0.0,0.0,1.0,0.0
80.0,1212.0,2,1200.0,2.0,2.0,55.0,1.0,0.0,0.0,0.0
80.0,1144.0,2,1075.0,2.0,2.0,45.8,0.0,0.0,0.0,1.0
80.0,635.0,2,1140.0,2.0,2.0,40.0,0.0,0.0,0.0,1.0
80.0,800.0,5,940.0,4.0,2.0,150.0,0.0,0.0,1.0,0.0
80.0,554.0,6,2160.0,5.0,1.0,250.0,0.0,0.0,1.0,0.0
80.0,968.0,2,1090.0,2.0,1.0,42.0,0.0,0.0,0.0,1.0
80.0,944.0,4,1500.0,4.0,1.0,70.0,1.0,0.0,0.0,0.0
80.0,1248.0,4,4104.0,4.0,2.0,360.0,0.0,0.0,0.0,1.0
80.0,1248.0,3,1790.0,3.0,1.0,100.0,0.0,0.0,0.0,1.0
28.0,511.0,3,1920.0,3.0,2.0,134.0,0.0,0.0,0.0,1.0
80.0,491.0,2,1374.0,2.0,2.0,95.0,1.0,0.0,0.0,0.0
80.0,214.0,3,1445.0,3.0,2.0,95.0,0.0,1.0,0.0,0.0
40.0,656.0,1,711.0,1.0,1.0,36.0,0.0,0.0,0.0,1.0
80.0,1164.0,3,1500.0,3.0,3.0,95.0,0.0,0.0,0.0,1.0
80.0,1248.0,3,1720.0,3.0,3.0,100.0,0.0,0.0,0.0,1.0
80.0,1192.0,3,1400.0,3.0,2.0,60.0,0.0,0.0,0.0,1.0
80.0,729.0,2,1030.0,2.0,2.0,49.0,1.0,0.0,0.0,0.0
80.0,834.0,2,1200.0,2.0,1.0,85.0,0.0,0.0,0.0,1.0
31.0,535.0,3,1375.0,3.0,2.0,70.0,0.0,1.0,0.0,0.0
80.0,513.0,2,1050.0,1.0,1.0,56.0,0.0,0.0,1.0,0.0
80.0,587.0,3,2250.0,3.0,2.0,160.0,0.0,0.0,0.0,1.0
80.0,234.0,2,1000.0,2.0,2.0,50.0,0.0,0.0,0.0,1.0
80.0,589.0,1,469.0,1.0,0.0,25.0,0.0,0.0,0.0,1.0
80.0,797.0,4,3800.0,4.0,3.0,250.0,0.0,0.0,0.0,1.0
80.0,648.0,2,883.0,2.0,1.0,29.0,0.0,0.0,0.0,1.0
80.0,431.0,3,1820.0,2.0,3.0,86.0,0.0,0.0,0.0,1.0
80.0,1080.0,3,1440.0,2.0,3.0,65.0,1.0,0.0,0.0,0.0
80.0,1286.0,6,3600.0,4.0,1.0,160.0,0.0,0.0,0.0,1.0
80.0,784.0,4,2500.0,5.0,2.0,325.0,1.0,0.0,0.0,0.0
27.0,771.0,2,1225.0,2.0,2.0,48.0,0.0,0.0,0.0,1.0
80.0,67.0,3,4000.0,3.0,1.0,660.0,0.0,0.0,1.0,0.0
80.0,324.0,2,875.0,2.0,3.0,52.8,0.0,1.0,0.0,0.0
80.0,588.0,1,750.0,1.0,2.0,40.0,0.0,0.0,0.0,1.0
80.0,65.0,2,1180.0,2.0,3.0,80.0,0.0,0.0,0.0,1.0
80.0,504.0,2,1194.0,2.0,2.0,47.0,0.0,0.0,0.0,1.0
80.0,520.0,3,1500.0,2.0,2.0,62.0,0.0,0.0,0.0,1.0
80.0,925.0,2,1160.0,2.0,2.0,52.2,0.0,0.0,0.0,1.0
80.0,1034.0,3,2378.0,3.0,1.0,262.0,0.0,0.0,0.0,1.0
80.0,511.0,2,1128.0,2.0,1.0,60.0,0.0,0.0,0.0,1.0
27.0,550.0,3,1500.0,3.0,1.0,150.0,1.0,0.0,0.0,0.0
80.0,1035.0,3,1220.0,2.0,1.0,35.23,0.0,0.0,0.0,1.0
60.0,662.0,2,1210.0,2.0,2.0,58.0,0.0,0.0,0.0,1.0
80.0,268.0,3,1100.0,2.0,1.0,58.0,0.0,0.0,0.0,1.0
33.0,504.0,3,1200.0,3.0,2.0,46.0,1.0,0.0,0.0,0.0
80.0,853.0,4,3385.0,5.0,1.0,260.0,0.0,0.0,0.0,1.0
80.0,531.0,3,1641.0,3.0,2.0,66.0,0.0,0.0,0.0,1.0
80.0,968.0,2,1200.0,2.0,1.0,45.0,0.0,0.0,0.0,1.0
80.0,771.0,2,1260.0,2.0,1.0,67.39,0.0,0.0,0.0,1.0
80.0,1257.0,3,1720.0,3.0,3.0,78.0,0.0,0.0,0.0,1.0
80.0,1257.0,2,1132.5,2.0,0.0,48.13,0.0,0.0,0.0,1.0
80.0,561.0,2,1210.0,2.0,1.0,45.98,1.0,0.0,0.0,0.0
80.0,266.0,4,2200.0,4.0,2.0,200.0,0.0,0.0,0.0,1.0
80.0,1144.0,3,1075.0,2.0,1.0,45.0,1.0,0.0,0.0,0.0
80.0,1057.0,3,1702.0,3.0,2.0,130.0,0.0,0.0,0.0,1.0
80.0,968.0,2,1630.0,2.0,2.0,200.0,0.0,0.0,0.0,1.0
26.0,1061.0,2,1141.0,2.0,2.0,38.55,0.0,0.0,0.0,1.0
28.0,573.0,3,2072.0,3.0,2.0,108.0,0.0,0.0,0.0,1.0
80.0,521.0,5,5520.0,2.0,1.0,375.0,1.0,0.0,0.0,0.0
80.0,1141.0,3,1200.0,2.0,0.0,70.0,0.0,0.0,0.0,1.0
33.0,243.0,3,1350.0,3.0,0.0,77.0,1.0,0.0,0.0,0.0
28.0,1100.0,4,4046.0,4.0,0.0,445.0,0.0,0.0,0.0,1.0
80.0,750.0,3,1180.0,2.0,2.0,78.34,0.0,0.0,0.0,1.0
80.0,533.0,2,1355.0,2.0,2.0,115.0,0.0,0.0,1.0,0.0
80.0,214.0,1,600.0,1.0,0.0,50.0,0.0,0.0,0.0,1.0
80.0,284.0,7,1200.0,7.0,1.0,150.0,0.0,0.0,1.0,0.0
80.0,700.0,3,1640.0,2.0,1.0,120.0,0.0,0.0,0.0,1.0
80.0,885.0,5,1200.0,5.0,0.0,100.0,0.0,0.0,1.0,0.0
80.0,797.0,3,1190.0,2.0,2.0,57.0,0.0,0.0,0.0,1.0
80.0,107.0,4,2400.0,4.0,2.0,375.0,0.0,0.0,0.0,1.0
34.0,96.0,2,1019.0,2.0,2.0,49.85,0.0,0.0,0.0,1.0
80.0,275.0,3,1875.0,3.0,2.0,165.0,0.0,0.0,1.0,0.0
80.0,1248.0,3,1250.0,3.0,2.0,40.0,0.0,0.0,0.0,1.0
80.0,755.0,3,1200.0,3.0,2.0,140.0,0.0,0.0,0.0,1.0
80.0,635.0,2,1140.0,2.0,1.0,56.0,0.0,0.0,0.0,1.0
40.0,528.0,3,1683.0,3.0,1.0,109.0,0.0,0.0,0.0,1.0
80.0,214.0,3,1515.0,3.0,1.0,83.3,1.0,0.0,0.0,0.0
80.0,1187.0,4,2118.0,4.0,2.0,111.0,0.0,0.0,0.0,1.0
80.0,128.0,4,1380.0,3.0,0.0,58.0,0.0,0.0,1.0,0.0
80.0,154.0,2,1083.0,2.0,2.0,61.75,1.0,0.0,0.0,0.0
80.0,930.0,2,600.0,2.0,1.0,55.0,0.0,0.0,0.0,1.0
80.0,1121.0,3,2300.0,3.0,3.0,120.0,0.0,0.0,0.0,1.0
26.0,1017.0,2,1240.0,2.0,2.0,60.0,0.0,0.0,0.0,1.0
15.0,127.0,3,1750.0,3.0,1.0,120.0,0.0,0.0,1.0,0.0
80.0,84.0,2,1230.0,2.0,1.0,43.48,0.0,0.0,0.0,1.0
80.0,1161.0,3,1500.0,3.0,1.0,139.0,0.0,0.0,1.0,0.0
28.0,415.0,2,985.0,2.0,1.0,40.39,1.0,0.0,0.0,0.0
80.0,807.0,3,1500.0,2.0,1.0,87.0,1.0,0.0,0.0,0.0
28.0,573.0,2,1125.0,2.0,1.0,32.49,0.0,0.0,0.0,1.0
80.0,714.0,2,950.0,2.0,1.0,44.0,0.0,0.0,0.0,1.0
80.0,158.0,5,5600.0,2.0,1.0,548.5,0.0,0.0,1.0,0.0
31.0,417.0,3,1580.0,3.0,3.0,76.0,1.0,0.0,0.0,0.0
45.0,520.0,3,1092.0,2.0,1.0,98.5,1.0,0.0,0.0,0.0
39.0,402.0,2,1090.0,2.0,1.0,28.34,0.0,0.0,0.0,1.0
26.0,652.0,3,2264.0,3.0,1.0,159.0,0.0,0.0,0.0,1.0
80.0,471.0,3,1033.0,2.0,2.0,25.53,0.0,0.0,0.0,1.0
37.0,511.0,2,810.0,2.0,2.0,24.5,0.0,0.0,0.0,1.0
80.0,302.0,2,1045.0,2.0,0.0,45.0,0.0,0.0,0.0,1.0
80.0,711.0,2,1337.0,2.0,1.0,82.0,0.0,0.0,0.0,1.0
80.0,230.0,2,1200.0,2.0,2.0,32.0,0.0,0.0,0.0,1.0
37.0,1248.0,3,1580.0,3.0,2.0,160.0,0.0,0.0,0.0,1.0
80.0,1076.0,3,1500.0,2.0,3.0,54.0,0.0,0.0,0.0,1.0
80.0,476.0,3,1640.0,4.0,2.0,91.0,0.0,0.0,0.0,1.0
80.0,686.0,3,1570.0,3.0,2.0,62.0,0.0,0.0,0.0,1.0
80.0,70.0,3,1470.0,2.0,2.0,82.0,1.0,0.0,0.0,0.0
56.0,355.0,2,1160.0,2.0,2.0,40.61,0.0,0.0,0.0,1.0
80.0,214.0,2,1050.0,2.0,1.0,71.0,0.0,0.0,0.0,1.0
80.0,547.0,3,1855.0,3.0,1.0,225.0,1.0,0.0,0.0,0.0
80.0,415.0,3,1460.0,2.0,1.0,90.0,0.0,0.0,0.0,1.0
80.0,276.0,3,1823.0,3.0,2.0,100.0,0.0,0.0,0.0,1.0
80.0,545.0,2,1094.0,2.0,2.0,42.0,1.0,0.0,0.0,0.0
80.0,914.0,2,1153.0,2.0,2.0,57.0,0.0,0.0,1.0,0.0
80.0,582.0,3,1325.0,3.0,1.0,57.0,1.0,0.0,0.0,0.0
80.0,602.0,4,1200.0,3.0,2.0,85.0,0.0,0.0,1.0,0.0
80.0,968.0,3,1590.0,2.0,2.0,125.0,0.0,0.0,1.0,0.0
80.0,862.0,5,1210.0,4.0,2.0,160.0,0.0,0.0,0.0,1.0
80.0,504.0,4,1200.0,4.0,0.0,220.0,1.0,0.0,0.0,0.0
80.0,625.0,2,1202.0,2.0,1.0,48.0,0.0,0.0,0.0,1.0
29.0,910.0,2,1202.0,2.0,1.0,53.0,0.0,0.0,0.0,1.0
80.0,676.0,2,1200.0,2.0,3.0,62.5,1.0,0.0,0.0,0.0
80.0,1034.0,3,1688.0,3.0,1.0,118.0,0.0,0.0,0.0,1.0
24.0,983.0,2,1020.0,2.0,1.0,52.0,0.0,0.0,0.0,1.0
80.0,537.0,2,1185.0,2.0,2.0,47.0,0.0,0.0,0.0,1.0
80.0,192.0,2,1235.0,2.0,1.0,52.04,0.0,0.0,0.0,1.0
80.0,688.0,4,3205.0,5.0,1.0,500.0,0.0,0.0,0.0,1.0
26.0,413.0,2,1077.0,2.0,2.0,37.64,0.0,0.0,0.0,1.0
80.0,1248.0,3,1415.0,2.0,3.0,66.0,0.0,0.0,0.0,1.0
80.0,899.0,3,2330.0,3.0,2.0,162.0,1.0,0.0,0.0,0.0
80.0,1248.0,2,805.0,2.0,2.0,35.0,0.0,0.0,0.0,1.0
80.0,350.0,1,425.0,1.0,0.0,20.03,0.0,0.0,0.0,1.0
80.0,124.0,2,1155.0,2.0,3.0,59.95,0.0,0.0,0.0,1.0
80.0,877.0,4,5270.0,4.0,3.0,1250.0,1.0,0.0,0.0,0.0
80.0,771.0,2,656.0,2.0,1.0,22.0,0.0,0.0,0.0,1.0
80.0,306.0,2,1100.0,2.0,0.0,48.0,0.0,0.0,1.0,0.0
80.0,107.0,2,1150.0,2.0,3.0,52.0,0.0,0.0,0.0,1.0
80.0,908.0,1,600.0,1.0,1.0,60.0,0.0,0.0,1.0,0.0
28.0,1248.0,2,1468.0,2.0,1.0,140.0,0.0,0.0,0.0,1.0
80.0,513.0,4,4300.0,5.0,2.0,550.0,0.0,0.0,0.0,1.0
80.0,582.0,3,2280.0,4.0,2.0,126.0,0.0,0.0,0.0,1.0
28.0,417.0,2,1341.0,2.0,1.0,97.0,0.0,0.0,0.0,1.0
80.0,1144.0,2,1279.0,2.0,1.0,77.0,0.0,0.0,0.0,1.0
80.0,1180.0,4,2225.0,4.0,0.0,98.88,0.0,0.0,0.0,1.0
80.0,719.0,2,1185.0,2.0,2.0,43.51,0.0,0.0,0.0,1.0
80.0,1071.0,3,1750.0,3.0,2.0,85.0,0.0,0.0,1.0,0.0
80.0,547.0,2,1152.0,2.0,1.0,53.5,0.0,0.0,0.0,1.0
35.0,1187.0,5,1000.0,4.0,1.0,160.0,0.0,0.0,1.0,0.0
27.0,60.0,2,1300.0,2.0,3.0,36.0,0.0,0.0,0.0,1.0
80.0,1175.0,4,2760.0,4.0,2.0,155.0,0.0,0.0,0.0,1.0
80.0,1177.0,2,1070.0,2.0,2.0,39.0,0.0,0.0,0.0,1.0
80.0,1263.0,2,1101.0,2.0,0.0,45.0,0.0,0.0,0.0,1.0
80.0,415.0,2,775.0,2.0,1.0,55.0,0.0,0.0,0.0,1.0
80.0,891.0,1,667.0,1.0,1.0,36.85,1.0,0.0,0.0,0.0
80.0,729.0,2,1070.0,2.0,1.0,55.0,0.0,0.0,0.0,1.0
80.0,1034.0,3,1875.0,2.0,2.0,110.0,0.0,0.0,1.0,0.0
80.0,711.0,2,735.0,2.0,1.0,57.99,0.0,0.0,0.0,1.0
80.0,797.0,5,4360.0,4.0,1.0,90.0,0.0,0.0,0.0,1.0
80.0,1046.0,3,1750.0,3.0,2.0,130.0,0.0,0.0,1.0,0.0
80.0,1232.0,2,1215.0,2.0,1.0,67.0,0.0,0.0,0.0,1.0
52.0,203.0,9,600.0,9.0,3.0,190.0,0.0,0.0,0.0,1.0
80.0,228.0,2,820.0,2.0,1.0,30.0,0.0,0.0,0.0,1.0
80.0,488.0,2,1177.5,2.0,0.0,59.935,1.0,0.0,0.0,0.0
80.0,219.0,3,1779.0,3.0,2.0,89.61,1.0,0.0,0.0,0.0
80.0,1248.0,2,1105.0,2.0,2.0,58.0,0.0,0.0,0.0,1.0
80.0,587.0,1,10763.9,2.0,1.0,93.0,0.0,0.0,0.0,1.0
80.0,537.0,3,1650.0,3.0,2.0,60.0,0.0,0.0,0.0,1.0
80.0,346.0,2,1694.0,2.0,2.0,150.0,0.0,0.0,0.0,1.0
80.0,652.0,3,2376.0,3.0,1.0,203.0,0.0,0.0,0.0,1.0
80.0,635.0,3,1975.0,3.0,3.0,150.0,0.0,0.0,0.0,1.0
80.0,10.0,2,674.0,2.0,1.0,33.0,0.0,0.0,0.0,1.0
80.0,833.0,2,1185.0,2.0,1.0,41.0,1.0,0.0,0.0,0.0
80.0,492.0,1,445.0,1.0,0.0,28.0,0.0,0.0,0.0,1.0
80.0,464.0,6,900.0,7.0,1.0,76.0,0.0,0.0,0.0,1.0
80.0,711.0,3,1475.0,3.0,2.0,75.0,0.0,0.0,0.0,1.0
80.0,797.0,3,1618.0,3.0,3.0,82.5,0.0,0.0,0.0,1.0
80.0,1212.0,2,1120.0,2.0,0.0,65.0,0.0,0.0,1.0,0.0
80.0,853.0,4,2181.0,3.0,2.0,152.0,0.0,0.0,1.0,0.0
36.0,214.0,4,1200.0,4.0,0.0,90.0,0.0,0.0,0.0,1.0
41.0,214.0,6,600.0,4.0,3.0,65.0,0.0,0.0,0.0,1.0
80.0,1144.0,3,1556.0,2.0,1.0,59.13,0.0,0.0,0.0,1.0
80.0,635.0,2,1179.0,2.0,1.0,66.02,1.0,0.0,0.0,0.0
80.0,638.0,2,1296.0,2.0,2.0,83.0,1.0,0.0,0.0,0.0
80.0,673.0,2,1275.0,2.0,2.0,52.0,0.0,0.0,0.0,1.0
80.0,464.0,7,1875.0,2.0,2.0,300.0,0.0,0.0,0.0,1.0
80.0,415.0,3,1400.0,2.0,2.0,77.0,0.0,0.0,0.0,1.0
80.0,1144.0,2,1222.0,2.0,1.0,63.0,0.0,0.0,0.0,1.0
80.0,1164.0,2,940.0,2.0,1.0,41.0,0.0,0.0,0.0,1.0
80.0,230.0,2,1185.0,2.0,2.0,42.6,0.0,0.0,0.0,1.0
28.0,573.0,3,1779.0,3.0,2.0,112.0,0.0,0.0,0.0,1.0
80.0,504.0,3,1615.0,3.0,2.0,59.76,0.0,0.0,0.0,1.0
80.0,70.0,4,4624.5,2.0,1.0,453.0,0.0,0.0,0.0,1.0
80.0,140.0,2,1056.0,2.0,1.0,61.0,1.0,0.0,0.0,0.0
80.0,554.0,2,1100.0,2.0,0.0,46.0,0.0,0.0,0.0,1.0
80.0,903.0,2,920.0,2.0,1.0,40.0,1.0,0.0,0.0,0.0
80.0,487.0,3,1602.0,2.0,0.0,75.0,0.0,0.0,1.0,0.0
80.0,1002.0,2,1176.0,2.0,0.0,62.0,0.0,0.0,0.0,1.0
80.0,668.0,4,675.0,3.0,1.0,59.0,1.0,0.0,0.0,0.0
26.0,51.0,3,1352.0,3.0,0.0,135.0,0.0,0.0,1.0,0.0
31.0,250.0,3,1717.0,3.0,3.0,99.0,0.0,0.0,0.0,1.0
80.0,1238.0,4,10961.0,4.0,1.0,80.0,0.0,0.0,0.0,1.0
19.0,116.0,4,2119.0,4.0,3.0,111.0,0.0,0.0,0.0,1.0
80.0,520.0,2,1246.0,2.0,1.0,67.3,1.0,0.0,0.0,0.0
27.0,302.0,2,1141.0,2.0,1.0,42.79,0.0,0.0,0.0,1.0
80.0,1258.0,2,1157.0,2.0,1.0,84.0,1.0,0.0,0.0,0.0
80.0,511.0,2,1025.0,2.0,2.0,27.68,0.0,0.0,0.0,1.0
80.0,865.0,1,650.0,1.0,2.0,33.0,0.0,0.0,0.0,1.0
80.0,1021.0,2,1349.0,2.0,1.0,98.0,0.0,0.0,0.0,1.0
28.0,415.0,3,1566.0,3.0,1.0,83.3,1.0,0.0,0.0,0.0
35.0,1283.0,4,2830.0,3.0,3.0,195.0,0.0,0.0,0.0,1.0
80.0,1186.0,3,1320.0,2.0,1.0,38.13,0.0,0.0,0.0,1.0
80.0,960.0,3,1780.0,3.0,1.0,84.83,0.0,0.0,0.0,1.0
80.0,70.0,2,1091.0,2.0,1.0,34.9,1.0,0.0,0.0,0.0
52.0,1263.0,4,3670.0,4.0,3.0,300.0,0.0,0.0,0.0,1.0
80.0,910.0,2,918.0,2.0,1.0,50.49,0.0,0.0,0.0,1.0
80.0,1257.0,4,1950.0,4.0,0.0,130.0,0.0,0.0,0.0,1.0
80.0,644.0,3,1695.0,3.0,1.0,90.0,1.0,0.0,0.0,0.0
71.0,662.0,3,1705.0,3.0,2.0,95.0,0.0,0.0,0.0,1.0
52.0,1248.0,3,1375.0,3.0,2.0,75.0,1.0,0.0,0.0,0.0
80.0,1144.0,1,525.0,1.0,1.0,30.0,0.0,0.0,0.0,1.0
80.0,70.0,2,1447.0,2.0,1.0,83.0,0.0,0.0,0.0,1.0
80.0,232.0,2,1114.0,2.0,1.0,39.0,0.0,0.0,0.0,1.0
80.0,1192.0,3,1450.0,2.0,1.0,100.0,1.0,0.0,0.0,0.0
80.0,511.0,2,460.0,1.0,0.0,15.0,1.0,0.0,0.0,0.0
26.0,415.0,2,1022.0,2.0,2.0,40.0,0.0,0.0,0.0,1.0
34.0,662.0,2,1000.0,2.0,2.0,45.0,0.0,0.0,0.0,1.0
80.0,1134.0,2,1128.0,2.0,1.0,68.75,1.0,0.0,0.0,0.0
80.0,845.0,2,1180.0,2.0,2.0,57.0,0.0,0.0,1.0,0.0
80.0,1018.0,6,1000.0,6.0,1.0,69.0,0.0,0.0,0.0,1.0
80.0,662.0,2,1200.0,2.0,1.0,150.0,0.0,0.0,0.0,1.0
80.0,1256.0,3,3761.0,3.0,2.0,660.0,0.0,0.0,0.0,1.0
80.0,70.0,2,1339.0,2.0,3.0,75.0,0.0,0.0,0.0,1.0
80.0,633.0,3,1400.0,2.0,3.0,55.0,0.0,0.0,0.0,1.0
80.0,1068.0,2,1040.0,2.0,1.0,39.52,0.0,0.0,1.0,0.0
80.0,1035.0,2,1198.0,2.0,2.0,58.0,0.0,0.0,0.0,1.0
80.0,266.0,4,1200.0,3.0,1.0,95.0,0.0,0.0,0.0,1.0
32.0,27.0,3,1691.0,3.0,2.0,113.0,0.0,0.0,0.0,1.0
32.0,72.0,3,1075.0,3.0,2.0,36.0,0.0,0.0,0.0,1.0
73.0,214.0,3,1630.0,3.0,2.0,194.0,0.0,0.0,0.0,1.0
80.0,781.0,3,1240.0,3.0,2.0,43.5,0.0,0.0,0.0,1.0
80.0,797.0,2,1122.5,2.0,0.0,58.935,1.0,0.0,0.0,0.0
80.0,275.0,3,1665.0,3.0,2.0,86.58,1.0,0.0,0.0,0.0
80.0,699.0,3,2489.0,3.0,1.0,94.0,0.0,0.0,0.0,1.0
80.0,1042.0,2,1142.0,2.0,2.0,70.0,0.0,0.0,1.0,0.0
80.0,713.0,3,1976.0,3.0,1.0,184.0,0.0,0.0,0.0,1.0
80.0,1218.0,4,5500.0,4.0,1.0,600.0,0.0,0.0,1.0,0.0
80.0,671.0,3,1853.0,3.0,2.0,82.0,0.0,0.0,0.0,1.0
80.0,1137.0,8,600.0,4.0,1.0,72.0,0.0,0.0,0.0,1.0
80.0,968.0,2,1567.0,2.0,2.0,92.0,0.0,0.0,1.0,0.0
80.0,564.0,2,1090.0,2.0,1.0,27.24,0.0,0.0,1.0,0.0
80.0,420.0,6,1200.0,4.0,2.0,125.0,0.0,0.0,0.0,1.0
80.0,1111.0,4,2400.0,4.0,1.0,640.0,1.0,0.0,0.0,0.0
80.0,700.0,2,1175.0,2.0,2.0,51.47,1.0,0.0,0.0,0.0
80.0,770.0,2,1200.0,2.0,2.0,52.0,0.0,0.0,0.0,1.0
80.0,1231.0,2,995.0,2.0,1.0,41.0,0.0,0.0,1.0,0.0
80.0,1263.0,2,884.0,2.0,1.0,41.1,1.0,0.0,0.0,0.0
80.0,624.0,5,900.0,3.0,2.0,80.0,0.0,0.0,0.0,1.0
26.0,415.0,2,1170.0,2.0,2.0,57.0,0.0,0.0,0.0,1.0
40.0,1175.0,2,1225.0,2.0,1.0,46.55,1.0,0.0,0.0,0.0
80.0,701.0,2,1342.0,2.0,1.0,73.3,1.0,0.0,0.0,0.0
80.0,1079.0,2,1345.0,2.0,1.0,67.0,0.0,0.0,0.0,1.0
80.0,968.0,3,1320.0,3.0,0.0,65.0,0.0,0.0,0.0,1.0
80.0,228.0,2,9900.0,2.0,1.0,45.0,0.0,0.0,0.0,1.0
80.0,534.0,2,1140.0,2.0,1.0,49.39,0.0,0.0,0.0,1.0
80.0,1149.0,2,1300.0,2.0,1.0,50.0,0.0,0.0,0.0,1.0
80.0,140.0,3,1652.0,3.0,2.0,85.0,1.0,0.0,0.0,0.0
80.0,415.0,3,2072.0,4.0,2.0,142.0,0.0,0.0,0.0,1.0
80.0,542.0,3,1740.0,2.0,1.0,95.0,0.0,0.0,0.0,1.0
80.0,1175.0,3,1360.0,2.0,1.0,71.0,1.0,0.0,0.0,0.0
80.0,1035.0,3,1145.0,2.0,2.0,60.0,0.0,0.0,0.0,1.0
34.0,417.0,3,1540.0,2.0,0.0,40.0,0.0,0.0,0.0,1.0
65.0,662.0,2,1278.0,2.0,2.0,95.0,0.0,0.0,0.0,1.0
80.0,238.0,1,630.0,1.0,1.0,40.0,0.0,0.0,1.0,0.0
80.0,538.0,3,1100.0,3.0,2.0,58.0,1.0,0.0,0.0,0.0
32.0,302.0,3,1200.0,3.0,0.0,95.0,0.0,0.0,0.0,1.0
37.0,302.0,7,2500.0,6.0,2.0,115.0,0.0,0.0,0.0,1.0
80.0,542.0,1,582.5,1.0,0.0,15.135,1.0,0.0,0.0,0.0
80.0,223.0,2,1015.0,2.0,2.0,25.88,0.0,0.0,1.0,0.0
80.0,482.0,5,3300.0,5.0,2.0,240.0,0.0,0.0,0.0,1.0
80.0,515.0,5,4500.0,5.0,1.0,415.0,0.0,0.0,0.0,1.0
80.0,1134.0,3,1356.0,2.0,3.0,66.0,0.0,0.0,1.0,0.0
80.0,986.0,2,823.0,2.0,1.0,28.0,1.0,0.0,0.0,0.0
80.0,424.0,3,1200.0,2.0,0.0,66.0,0.0,0.0,0.0,1.0
80.0,1248.0,2,1050.0,2.0,0.0,37.0,0.0,0.0,0.0,1.0
80.0,70.0,2,1180.0,2.0,1.0,69.0,0.0,0.0,0.0,1.0
21.0,1186.0,2,1116.0,2.0,3.0,51.91,0.0,0.0,0.0,1.0
80.0,1186.0,2,1070.0,2.0,1.0,42.79,0.0,0.0,1.0,0.0
29.0,1248.0,2,1385.0,2.0,3.0,80.0,1.0,0.0,0.0,0.0
27.0,770.0,1,1000.0,1.0,1.0,70.0,0.0,0.0,0.0,1.0
80.0,472.0,3,1897.0,3.0,2.0,130.0,0.0,0.0,0.0,1.0
80.0,1111.0,2,1005.0,2.0,1.0,55.78,0.0,0.0,0.0,1.0
80.0,520.0,3,1575.0,3.0,2.0,125.0,0.0,0.0,0.0,1.0
80.0,688.0,2,975.0,2.0,1.0,65.0,0.0,0.0,0.0,1.0
63.0,662.0,3,1904.0,3.0,2.0,120.0,0.0,0.0,0.0,1.0
80.0,160.0,1,930.0,1.0,1.0,30.0,0.0,0.0,0.0,1.0
80.0,417.0,1,525.0,1.0,1.0,26.0,0.0,0.0,1.0,0.0
80.0,73.0,1,686.0,1.0,1.0,17.0,0.0,0.0,1.0,0.0
26.0,1035.0,2,2400.0,3.0,1.0,150.0,1.0,0.0,0.0,0.0
80.0,507.0,2,1410.0,1.0,0.0,233.0,0.0,0.0,0.0,1.0
80.0,1155.0,3,2238.0,3.0,1.0,140.0,1.0,0.0,0.0,0.0
80.0,1248.0,2,1174.0,2.0,1.0,69.0,0.0,0.0,0.0,1.0
80.0,760.0,4,3800.0,4.0,3.0,239.0,0.0,0.0,0.0,1.0
80.0,604.0,3,2225.0,2.0,1.0,125.0,0.0,0.0,0.0,1.0
80.0,771.0,2,1250.0,2.0,0.0,200.0,0.0,0.0,0.0,1.0
80.0,1035.0,2,918.0,2.0,2.0,52.0,0.0,0.0,0.0,1.0
80.0,797.0,2,1250.0,2.0,3.0,52.0,1.0,0.0,0.0,0.0
80.0,281.0,3,1800.0,3.0,1.0,110.0,0.0,0.0,0.0,1.0
80.0,214.0,2,1170.0,2.0,3.0,53.0,1.0,0.0,0.0,0.0
80.0,582.0,1,1300.0,1.0,0.0,200.0,0.0,0.0,0.0,1.0
80.0,648.0,2,793.0,2.0,1.0,45.0,0.0,0.0,0.0,1.0
33.0,842.0,3,1710.0,3.0,2.0,107.0,0.0,0.0,0.0,1.0
80.0,1100.0,3,1082.0,2.0,1.0,57.5,1.0,0.0,0.0,0.0
80.0,1257.0,2,1001.0,2.0,2.0,33.03,0.0,0.0,0.0,1.0
80.0,219.0,4,1500.0,4.0,1.0,180.0,0.0,0.0,0.0,1.0
80.0,532.0,3,1590.0,2.0,1.0,54.0,0.0,0.0,0.0,1.0
28.0,1144.0,3,2400.0,2.0,0.0,80.0,0.0,0.0,0.0,1.0
80.0,234.0,3,1554.0,3.0,2.0,55.0,0.0,0.0,0.0,1.0
80.0,706.0,2,1142.5,2.0,0.0,43.415,1.0,0.0,0.0,0.0
45.0,534.0,5,4239.0,5.0,2.0,423.0,0.0,0.0,0.0,1.0
80.0,797.0,2,884.0,1.0,0.0,58.0,0.0,0.0,0.0,1.0
80.0,108.0,2,1045.0,2.0,1.0,98.89,0.0,0.0,0.0,1.0
80.0,1175.0,2,1019.0,2.0,2.0,49.86,0.0,0.0,0.0,1.0
80.0,743.0,3,1935.0,4.0,2.0,130.0,0.0,0.0,0.0,1.0
44.0,511.0,3,1135.0,2.0,2.0,39.73,0.0,0.0,0.0,1.0
80.0,29.0,3,1680.0,3.0,2.0,150.0,0.0,0.0,0.0,1.0
80.0,537.0,4,2470.0,5.0,2.0,247.0,0.0,0.0,0.0,1.0
80.0,60.0,4,2825.0,4.0,3.0,250.0,0.0,0.0,1.0,0.0
80.0,986.0,3,2480.0,3.0,1.0,330.0,0.0,0.0,1.0,0.0
80.0,668.0,9,1260.0,11.0,1.0,290.0,1.0,0.0,0.0,0.0
80.0,1248.0,5,1800.0,4.0,3.0,187.0,0.0,0.0,0.0,1.0
80.0,150.0,3,1799.0,3.0,3.0,90.0,1.0,0.0,0.0,0.0
33.0,729.0,4,4348.5,2.0,1.0,304.0,1.0,0.0,0.0,0.0
80.0,677.0,1,400.0,1.0,1.0,11.0,0.0,0.0,0.0,1.0
80.0,836.0,2,1047.0,2.0,1.0,82.0,0.0,0.0,0.0,1.0
80.0,651.0,2,1282.0,2.0,2.0,87.0,0.0,0.0,1.0,0.0
80.0,1248.0,2,1020.0,2.0,1.0,45.9,0.0,0.0,0.0,1.0
80.0,668.0,4,1080.0,3.0,1.0,155.0,1.0,0.0,0.0,0.0
24.0,375.0,2,1495.0,2.0,1.0,79.5,0.0,0.0,0.0,1.0
80.0,711.0,4,3260.0,4.0,1.0,240.0,0.0,0.0,0.0,1.0
80.0,1191.0,3,1611.0,2.0,2.0,64.44,1.0,0.0,0.0,0.0
80.0,1021.0,4,3500.0,5.0,2.0,425.0,0.0,0.0,0.0,1.0
80.0,1257.0,3,1500.0,2.0,2.0,95.0,0.0,0.0,1.0,0.0
80.0,1175.0,3,1500.0,2.0,2.0,95.0,0.0,0.0,0.0,1.0
34.0,534.0,4,3206.0,5.0,1.0,270.0,0.0,0.0,0.0,1.0
80.0,797.0,3,1540.0,3.0,0.0,50.0,0.0,0.0,1.0,0.0
80.0,968.0,3,1639.0,3.0,1.0,80.0,0.0,0.0,0.0,1.0
80.0,711.0,4,700.0,4.0,1.0,72.0,0.0,0.0,0.0,1.0
80.0,652.0,2,1303.0,2.0,2.0,55.79,0.0,0.0,0.0,1.0
36.0,302.0,2,1005.0,1.0,1.0,110.0,0.0,0.0,0.0,1.0
80.0,713.0,1,657.5,1.0,0.0,18.41,0.0,0.0,1.0,0.0
80.0,1292.0,3,1305.0,3.0,1.0,33.28,0.0,0.0,0.0,1.0
80.0,275.0,3,600.0,4.0,0.0,95.0,0.0,0.0,0.0,1.0
28.0,1050.0,2,1300.0,1.0,1.0,115.0,0.0,0.0,0.0,1.0
80.0,972.0,3,1440.0,2.0,3.0,68.0,0.0,0.0,0.0,1.0
80.0,1034.0,2,901.0,2.0,1.0,35.14,1.0,0.0,0.0,0.0
80.0,167.0,3,1725.0,3.0,3.0,200.0,0.0,0.0,0.0,1.0
80.0,836.0,3,900.0,2.0,1.0,42.0,0.0,0.0,0.0,1.0
52.0,1186.0,2,1060.0,2.0,1.0,55.0,0.0,0.0,0.0,1.0
80.0,103.0,2,1020.0,2.0,1.0,48.45,1.0,0.0,0.0,0.0
80.0,504.0,3,1535.0,3.0,2.0,65.99,0.0,0.0,0.0,1.0
80.0,368.0,1,530.0,1.0,1.0,20.0,0.0,0.0,0.0,1.0
80.0,1035.0,3,1464.0,3.0,2.0,56.0,0.0,0.0,0.0,1.0
80.0,1175.0,2,1350.0,2.0,3.0,80.0,0.0,0.0,0.0,1.0
80.0,1248.0,2,1115.0,2.0,2.0,50.0,1.0,0.0,0.0,0.0
80.0,1175.0,2,1175.0,2.0,2.0,47.0,0.0,0.0,1.0,0.0
80.0,986.0,2,1113.0,2.0,1.0,62.0,0.0,0.0,1.0,0.0
80.0,451.0,6,1200.0,4.0,2.0,225.0,1.0,0.0,0.0,0.0
80.0,797.0,5,1640.0,4.0,3.0,240.0,0.0,0.0,0.0,1.0
80.0,420.0,2,650.0,2.0,0.0,42.0,1.0,0.0,0.0,0.0
26.0,582.0,2,1325.0,2.0,2.0,71.55,0.0,0.0,0.0,1.0
80.0,960.0,2,950.0,2.0,3.0,31.0,0.0,0.0,0.0,1.0
80.0,1144.0,3,1396.0,2.0,1.0,86.51,0.0,0.0,0.0,1.0
80.0,70.0,2,1050.0,2.0,2.0,52.07,0.0,0.0,0.0,1.0
80.0,797.0,3,1825.0,3.0,2.0,100.0,0.0,0.0,0.0,1.0
80.0,838.0,2,1190.0,2.0,1.0,49.98,0.0,0.0,0.0,1.0
80.0,520.0,2,1220.0,2.0,1.0,56.5,0.0,0.0,0.0,1.0
80.0,1074.0,3,1565.0,2.0,2.0,75.0,1.0,0.0,0.0,0.0
31.0,534.0,3,1891.0,3.0,1.0,109.0,0.0,0.0,0.0,1.0
80.0,1034.0,2,900.0,2.0,0.0,27.0,0.0,0.0,0.0,1.0
80.0,410.0,2,1161.0,2.0,1.0,55.15,0.0,0.0,1.0,0.0
80.0,972.0,1,649.5,1.0,0.0,17.535,0.0,0.0,1.0,0.0
80.0,1263.0,8,2400.0,6.0,3.0,125.0,0.0,0.0,0.0,1.0
42.0,834.0,4,315.0,4.0,2.0,90.0,0.0,0.0,0.0,1.0
80.0,528.0,1,665.0,1.0,1.0,36.85,1.0,0.0,0.0,0.0
80.0,317.0,2,1175.0,2.0,1.0,73.5,0.0,0.0,1.0,0.0
27.0,555.0,2,1425.0,2.0,2.0,80.0,0.0,0.0,1.0,0.0
80.0,1085.0,1,1200.0,1.0,0.0,20.0,1.0,0.0,0.0,0.0
80.0,513.0,3,1200.0,3.0,1.0,56.12,0.0,0.0,0.0,1.0
80.0,968.0,2,1255.0,2.0,2.0,67.0,0.0,0.0,0.0,1.0
31.0,504.0,3,2112.95,4.0,2.0,145.0,0.0,0.0,0.0,1.0
80.0,561.0,1,600.0,1.0,1.0,22.0,0.0,0.0,0.0,1.0
80.0,507.0,3,1810.0,3.0,2.0,100.0,0.0,0.0,0.0,1.0
80.0,555.0,2,1200.0,2.0,2.0,93.0,0.0,0.0,0.0,1.0
34.0,532.0,2,1033.0,2.0,2.0,49.0,0.0,0.0,0.0,1.0
31.0,417.0,3,1548.0,3.0,2.0,89.5,1.0,0.0,0.0,0.0
80.0,1212.0,3,1611.0,3.0,3.0,66.0,0.0,0.0,0.0,1.0
80.0,800.0,3,1400.0,2.0,1.0,40.43,1.0,0.0,0.0,0.0
80.0,918.0,3,1485.0,2.0,2.0,67.0,0.0,0.0,0.0,1.0
80.0,1156.0,2,2400.0,2.0,1.0,82.0,0.0,0.0,1.0,0.0
80.0,498.0,2,1025.0,2.0,1.0,44.5,0.0,0.0,0.0,1.0
80.0,60.0,4,600.0,3.0,2.0,65.0,1.0,0.0,0.0,0.0
80.0,1248.0,2,1225.0,2.0,1.0,53.0,0.0,0.0,0.0,1.0
63.0,662.0,2,1256.0,2.0,1.0,62.8,0.0,0.0,0.0,1.0
80.0,1180.0,4,2268.0,3.0,2.0,163.0,0.0,0.0,0.0,1.0
80.0,150.0,3,1100.0,3.0,2.0,53.0,1.0,0.0,0.0,0.0
80.0,302.0,2,1141.0,2.0,0.0,62.0,0.0,0.0,1.0,0.0
80.0,675.0,1,400.0,1.0,1.0,12.0,0.0,0.0,0.0,1.0
80.0,1244.0,2,1400.0,2.0,0.0,60.0,0.0,1.0,0.0,0.0
80.0,962.0,7,4100.0,7.0,1.0,140.0,0.0,0.0,0.0,1.0
80.0,662.0,1,15.0,1.0,0.0,30.0,0.0,0.0,0.0,1.0
80.0,29.0,2,1175.0,2.0,2.0,48.27,0.0,0.0,1.0,0.0
40.0,532.0,2,1100.0,2.0,1.0,56.0,0.0,0.0,0.0,1.0
80.0,960.0,3,1843.0,3.0,2.0,95.84,0.0,0.0,0.0,1.0
80.0,492.0,8,1200.0,7.0,2.0,240.0,1.0,0.0,0.0,0.0
80.0,623.0,2,1460.0,2.0,1.0,80.5,0.0,0.0,0.0,1.0
80.0,1238.0,3,1530.0,2.0,2.0,74.5,0.0,0.0,0.0,1.0
40.0,656.0,2,1467.0,2.0,1.0,55.0,0.0,0.0,0.0,1.0
80.0,504.0,1,950.0,1.0,1.0,40.0,0.0,0.0,0.0,1.0
80.0,179.0,2,1246.0,2.0,1.0,64.5,0.0,0.0,0.0,1.0
80.0,848.0,1,711.0,1.0,1.0,38.0,0.0,1.0,0.0,0.0
80.0,528.0,2,1194.0,2.0,2.0,46.0,0.0,0.0,0.0,1.0
80.0,673.0,3,1358.0,2.0,1.0,43.4,0.0,0.0,0.0,1.0
80.0,96.0,6,1500.0,5.0,1.0,130.0,1.0,0.0,0.0,0.0
80.0,843.0,2,1420.0,2.0,2.0,75.0,0.0,0.0,0.0,1.0
80.0,681.0,3,1250.0,2.0,1.0,68.75,1.0,0.0,0.0,0.0
80.0,172.0,2,1280.0,2.0,1.0,58.0,0.0,0.0,1.0,0.0
80.0,910.0,2,1209.0,2.0,1.0,50.0,0.0,0.0,0.0,1.0
80.0,665.0,5,4200.0,5.0,2.0,225.0,0.0,0.0,0.0,1.0
80.0,522.0,4,1215.0,4.0,3.0,205.0,1.0,0.0,0.0,0.0
80.0,1134.0,3,1315.0,2.0,1.0,54.8,0.0,0.0,0.0,1.0
80.0,263.0,3,1800.0,3.0,3.0,90.0,0.0,0.0,1.0,0.0
80.0,1123.0,5,1600.0,4.0,0.0,125.0,0.0,0.0,0.0,1.0
80.0,1248.0,3,1600.0,2.0,2.0,65.0,0.0,0.0,0.0,1.0
80.0,275.0,6,3968.0,5.0,2.0,900.0,0.0,0.0,0.0,1.0
80.0,741.0,3,1563.0,3.0,2.0,52.0,0.0,0.0,1.0,0.0
80.0,960.0,3,1560.0,2.0,2.0,72.0,0.0,0.0,0.0,1.0
80.0,557.0,3,2169.0,4.0,1.0,115.0,0.0,0.0,0.0,1.0
80.0,1134.0,9,900.0,10.0,1.0,170.0,0.0,0.0,1.0,0.0
80.0,492.0,2,1050.0,2.0,2.0,55.5,0.0,0.0,0.0,1.0
80.0,70.0,3,3235.0,3.0,1.0,235.0,0.0,0.0,1.0,0.0
80.0,531.0,3,1200.0,3.0,0.0,66.0,0.0,0.0,0.0,1.0
80.0,573.0,2,1140.0,2.0,2.0,46.0,0.0,0.0,0.0,1.0
80.0,668.0,3,1500.0,3.0,1.0,170.0,0.0,0.0,0.0,1.0
33.0,511.0,3,1560.0,3.0,2.0,75.0,0.0,0.0,0.0,1.0
80.0,96.0,2,1100.0,2.0,2.0,70.0,1.0,0.0,0.0,0.0
80.0,1256.0,3,1260.0,2.0,3.0,40.32,0.0,0.0,0.0,1.0
80.0,1257.0,2,1036.0,2.0,1.0,50.0,0.0,0.0,0.0,1.0
80.0,1035.0,3,1662.0,3.0,3.0,85.1,0.0,0.0,0.0,1.0
80.0,634.0,3,1464.0,2.0,3.0,105.0,0.0,0.0,1.0,0.0
80.0,41.0,2,1234.0,2.0,2.0,80.0,0.0,0.0,1.0,0.0
80.0,1050.0,3,1403.0,3.0,1.0,55.0,0.0,0.0,0.0,1.0
80.0,511.0,4,915.0,4.0,1.0,54.9,1.0,0.0,0.0,0.0
80.0,1263.0,6,3000.0,8.0,3.0,451.0,1.0,0.0,0.0,0.0
33.0,656.0,3,1150.0,2.0,2.0,42.9,0.0,0.0,0.0,1.0
80.0,41.0,4,3900.0,4.0,2.0,410.0,0.0,0.0,1.0,0.0
80.0,1134.0,5,850.0,4.0,2.0,90.0,0.0,0.0,1.0,0.0
80.0,1192.0,2,929.0,2.0,1.0,46.0,0.0,0.0,0.0,1.0
80.0,218.0,6,2400.0,8.0,3.0,450.0,1.0,0.0,0.0,0.0
37.0,1248.0,3,1350.0,2.0,1.0,75.0,0.0,0.0,1.0,0.0
26.0,504.0,2,1135.0,2.0,1.0,39.73,0.0,0.0,0.0,1.0
80.0,1263.0,2,1405.0,2.0,2.0,70.0,0.0,0.0,0.0,1.0
28.0,662.0,2,1200.0,2.0,1.0,45.84,0.0,0.0,0.0,1.0
80.0,1263.0,4,2805.0,4.0,3.0,154.0,0.0,0.0,0.0,1.0
80.0,35.0,2,1161.0,2.0,2.0,64.08,1.0,0.0,0.0,0.0
80.0,172.0,2,1290.0,2.0,3.0,74.0,0.0,0.0,1.0,0.0
52.0,892.0,3,2557.0,3.0,2.0,141.0,0.0,0.0,0.0,1.0
80.0,633.0,3,1480.0,3.0,2.0,90.0,0.0,0.0,0.0,1.0
24.0,192.0,9,3300.0,14.0,1.0,500.0,0.0,0.0,0.0,1.0
32.0,119.0,3,1350.0,3.0,0.0,54.54,0.0,0.0,0.0,1.0
37.0,1035.0,3,1580.0,2.0,2.0,65.0,0.0,0.0,0.0,1.0
80.0,294.0,3,1470.0,2.0,1.0,88.64,0.0,0.0,0.0,1.0
80.0,842.0,1,500.0,1.0,1.0,14.0,0.0,0.0,0.0,1.0
80.0,790.0,2,1346.0,2.0,1.0,61.92,0.0,0.0,1.0,0.0
80.0,217.0,3,1600.0,3.0,3.0,90.0,0.0,0.0,0.0,1.0
80.0,304.0,2,720.0,2.0,1.0,120.0,1.0,0.0,0.0,0.0
80.0,604.0,4,1200.0,4.0,0.0,135.0,0.0,0.0,0.0,1.0
80.0,1081.0,2,1200.0,2.0,2.0,35.0,0.0,0.0,1.0,0.0
80.0,1257.0,3,1340.0,2.0,2.0,48.33,0.0,0.0,0.0,1.0
80.0,1044.0,4,6136.0,4.0,1.0,560.0,0.0,0.0,1.0,0.0
80.0,1175.0,2,918.0,2.0,2.0,48.0,0.0,0.0,0.0,1.0
80.0,1175.0,3,1500.0,3.0,2.0,115.0,0.0,0.0,0.0,1.0
80.0,587.0,2,1315.0,2.0,2.0,85.0,1.0,0.0,0.0,0.0
16.0,789.0,4,2400.0,5.0,1.0,775.0,0.0,0.0,0.0,1.0
80.0,70.0,3,1390.0,2.0,2.0,62.55,0.0,0.0,0.0,1.0
80.0,628.0,3,1330.0,2.0,1.0,56.0,0.0,0.0,1.0,0.0
80.0,588.0,5,3100.0,4.0,1.0,265.0,0.0,0.0,0.0,1.0
49.0,520.0,3,1824.0,3.0,3.0,125.0,0.0,0.0,0.0,1.0
80.0,60.0,3,1420.0,2.0,2.0,96.0,0.0,0.0,1.0,0.0
80.0,255.0,1,750.0,1.0,0.0,56.25,0.0,0.0,0.0,1.0
80.0,528.0,3,1260.0,2.0,1.0,60.0,0.0,0.0,1.0,0.0
31.0,504.0,3,1561.0,3.0,2.0,95.0,0.0,0.0,0.0,1.0
80.0,1144.0,9,812.0,6.0,3.0,165.0,0.0,0.0,0.0,1.0
80.0,686.0,2,1060.0,2.0,2.0,42.0,0.0,0.0,1.0,0.0
80.0,415.0,8,1120.0,8.0,3.0,145.0,0.0,0.0,0.0,1.0
63.0,528.0,2,1225.0,2.0,1.0,67.38,0.0,0.0,0.0,1.0
80.0,1144.0,3,2144.0,3.0,2.0,135.0,1.0,0.0,0.0,0.0
80.0,662.0,7,1200.0,6.0,2.0,140.0,0.0,0.0,0.0,1.0
80.0,504.0,2,880.0,2.0,2.0,29.0,0.0,0.0,0.0,1.0
80.0,797.0,3,1639.0,3.0,2.0,110.0,0.0,0.0,0.0,1.0
80.0,504.0,3,1240.0,2.0,1.0,62.0,0.0,0.0,0.0,1.0
80.0,648.0,2,1500.0,2.0,2.0,69.0,0.0,0.0,0.0,1.0
80.0,706.0,2,1243.0,2.0,1.0,46.0,0.0,0.0,0.0,1.0
80.0,662.0,3,1575.0,3.0,1.0,78.0,0.0,0.0,0.0,1.0
28.0,415.0,2,1027.0,2.0,2.0,44.0,0.0,0.0,0.0,1.0
63.0,415.0,3,1082.0,2.0,1.0,56.0,0.0,0.0,0.0,1.0
80.0,1144.0,3,1637.0,3.0,3.0,73.0,0.0,0.0,0.0,1.0
80.0,475.0,3,1665.0,3.0,2.0,86.58,1.0,0.0,0.0,0.0
42.0,462.0,2,1265.0,2.0,0.0,56.93,0.0,0.0,1.0,0.0
80.0,537.0,3,1691.0,2.0,2.0,102.0,1.0,0.0,0.0,0.0
80.0,651.0,2,1100.0,2.0,1.0,38.0,1.0,0.0,0.0,0.0
80.0,334.0,5,24.0,2.0,2.0,150.0,0.0,0.0,0.0,1.0
80.0,834.0,3,1500.0,3.0,2.0,62.0,0.0,0.0,0.0,1.0
80.0,561.0,4,3205.0,5.0,1.0,380.0,0.0,0.0,0.0,1.0
80.0,276.0,5,1666.0,4.0,1.0,150.0,0.0,0.0,0.0,1.0
80.0,1023.0,2,1115.0,2.0,2.0,50.0,0.0,0.0,0.0,1.0
80.0,771.0,2,1070.0,2.0,1.0,45.0,0.0,0.0,0.0,1.0
80.0,504.0,2,1128.0,2.0,2.0,105.0,0.0,0.0,0.0,1.0
80.0,516.0,2,1162.0,2.0,1.0,57.0,0.0,0.0,0.0,1.0
26.0,972.0,2,1339.0,2.0,2.0,55.0,0.0,0.0,0.0,1.0
80.0,379.0,2,1192.0,2.0,2.0,75.0,0.0,0.0,0.0,1.0
80.0,502.0,3,1920.0,3.0,1.0,115.0,0.0,0.0,0.0,1.0
80.0,1248.0,2,1255.0,2.0,1.0,52.32,0.0,0.0,1.0,0.0
80.0,671.0,2,1357.0,2.0,1.0,115.0,0.0,0.0,0.0,1.0
80.0,1144.0,3,1600.0,3.0,2.0,75.0,0.0,0.0,0.0,1.0
80.0,223.0,2,1225.0,2.0,2.0,55.11,1.0,0.0,0.0,0.0
80.0,944.0,4,2400.0,4.0,3.0,200.0,0.0,0.0,1.0,0.0
80.0,637.0,3,1570.0,3.0,3.0,80.0,0.0,0.0,0.0,1.0
80.0,1238.0,2,1093.0,2.0,2.0,70.0,0.0,0.0,0.0,1.0
80.0,1248.0,3,1865.0,3.0,3.0,145.0,0.0,0.0,0.0,1.0
80.0,537.0,6,1200.0,7.0,3.0,165.0,0.0,0.0,0.0,1.0
80.0,549.0,2,1039.0,2.0,2.0,80.0,0.0,0.0,1.0,0.0
80.0,417.0,2,1246.0,2.0,1.0,64.5,0.0,0.0,0.0,1.0
80.0,958.0,3,1985.0,3.0,2.0,75.0,0.0,0.0,0.0,1.0
80.0,512.0,3,1590.0,3.0,3.0,49.0,0.0,0.0,0.0,1.0
32.0,268.0,4,4000.0,4.0,2.0,675.0,0.0,0.0,0.0,1.0
80.0,358.0,2,775.0,2.0,2.0,38.0,0.0,0.0,0.0,1.0
80.0,1248.0,2,1000.0,2.0,1.0,50.0,0.0,0.0,0.0,1.0
80.0,259.0,3,1800.0,3.0,2.0,175.0,0.0,0.0,1.0,0.0
80.0,701.0,2,1035.0,2.0,1.0,41.0,0.0,0.0,0.0,1.0
80.0,624.0,3,1520.0,2.0,1.0,75.0,0.0,0.0,1.0,0.0
80.0,413.0,2,1360.0,2.0,1.0,95.0,0.0,0.0,0.0,1.0
80.0,797.0,4,6000.0,5.0,3.0,400.0,0.0,0.0,0.0,1.0
27.0,415.0,2,1117.0,2.0,2.0,56.0,0.0,0.0,0.0,1.0
80.0,872.0,4,1200.0,4.0,3.0,120.0,0.0,0.0,0.0,1.0
34.0,910.0,2,1330.0,2.0,1.0,92.5,0.0,0.0,0.0,1.0
26.0,797.0,3,1937.0,3.0,2.0,160.0,0.0,0.0,0.0,1.0
16.0,27.0,2,1128.0,2.0,1.0,65.49,0.0,0.0,0.0,1.0
80.0,426.0,2,1053.0,2.0,1.0,45.0,0.0,0.0,0.0,1.0
80.0,729.0,2,1198.0,2.0,1.0,77.0,0.0,0.0,0.0,1.0
80.0,1263.0,2,1152.0,2.0,1.0,56.0,0.0,0.0,0.0,1.0
80.0,648.0,6,1200.0,6.0,2.0,125.0,0.0,0.0,0.0,1.0
80.0,636.0,2,1625.0,2.0,1.0,75.0,0.0,0.0,0.0,1.0
80.0,1257.0,3,1397.0,3.0,3.0,105.0,0.0,0.0,0.0,1.0
80.0,662.0,3,1523.0,3.0,3.0,170.0,0.0,0.0,0.0,1.0
80.0,786.0,2,883.0,2.0,1.0,45.0,1.0,0.0,0.0,0.0
80.0,722.0,1,700.0,1.0,0.0,38.0,0.0,0.0,0.0,1.0
80.0,96.0,2,1170.0,2.0,1.0,62.5,0.0,0.0,0.0,1.0
80.0,960.0,3,1200.0,2.0,2.0,42.0,0.0,0.0,0.0,1.0
34.0,504.0,3,2400.0,3.0,2.0,170.0,0.0,0.0,0.0,1.0
80.0,1251.0,2,1480.0,2.0,2.0,65.0,0.0,0.0,0.0,1.0
80.0,595.0,3,1897.0,3.0,2.0,120.0,0.0,0.0,0.0,1.0
80.0,106.0,2,996.0,2.0,1.0,67.0,0.0,0.0,0.0,1.0
52.0,1257.0,3,1875.0,3.0,2.0,110.0,0.0,0.0,0.0,1.0
23.0,1257.0,3,1500.0,2.0,2.0,98.0,0.0,0.0,0.0,1.0
80.0,1035.0,3,3095.0,3.0,3.0,350.0,1.0,0.0,0.0,0.0
80.0,558.0,3,1390.0,2.0,1.0,175.0,0.0,1.0,0.0,0.0
80.0,1087.0,3,1450.0,3.0,0.0,65.255,1.0,0.0,0.0,0.0
27.0,770.0,1,697.0,1.0,0.0,45.0,0.0,0.0,0.0,1.0
80.0,507.0,1,710.0,1.0,1.0,27.0,0.0,0.0,1.0,0.0
34.0,531.0,2,910.0,2.0,1.0,30.5,0.0,0.0,0.0,1.0
80.0,1035.0,3,1025.0,2.0,1.0,48.0,0.0,0.0,0.0,1.0
33.0,1144.0,2,1000.0,2.0,0.0,46.5,0.0,0.0,0.0,1.0
80.0,234.0,4,1200.0,4.0,1.0,244.0,0.0,0.0,0.0,1.0
80.0,344.0,3,1453.0,2.0,1.0,46.48,1.0,0.0,0.0,0.0
80.0,1186.0,4,3335.0,5.0,2.0,300.0,1.0,0.0,0.0,0.0
80.0,415.0,2,971.5,2.0,0.0,36.435,1.0,0.0,0.0,0.0
80.0,1248.0,2,1281.0,2.0,1.0,74.0,0.0,0.0,0.0,1.0
80.0,192.0,1,565.0,1.0,1.0,35.0,1.0,0.0,0.0,0.0
80.0,388.0,2,1024.0,2.0,2.0,42.0,1.0,0.0,0.0,0.0
80.0,331.0,3,1620.0,3.0,2.0,62.0,0.0,0.0,1.0,0.0
36.0,542.0,2,1254.0,2.0,2.0,40.0,0.0,0.0,0.0,1.0
80.0,636.0,3,1300.0,2.0,2.0,75.0,0.0,0.0,0.0,1.0
80.0,228.0,2,1233.0,2.0,2.0,43.0,0.0,0.0,0.0,1.0
80.0,1175.0,1,1200.0,1.0,1.0,28.0,0.0,0.0,0.0,1.0
80.0,1144.0,3,1510.0,2.0,1.0,105.0,0.0,0.0,0.0,1.0
40.0,511.0,2,950.0,2.0,1.0,65.0,0.0,0.0,0.0,1.0
28.0,662.0,3,1945.0,3.0,2.0,97.42,1.0,0.0,0.0,0.0
80.0,1260.0,2,1008.0,2.0,3.0,45.0,1.0,0.0,0.0,0.0
40.0,1035.0,3,1265.0,2.0,1.0,79.0,0.0,0.0,0.0,1.0
80.0,720.0,3,1255.0,2.0,1.0,77.68,0.0,0.0,0.0,1.0
80.0,316.0,4,2689.0,6.0,2.0,220.0,0.0,0.0,1.0,0.0
80.0,300.0,2,1200.0,2.0,2.0,46.17,0.0,0.0,0.0,1.0
80.0,1175.0,3,1403.0,3.0,3.0,51.63,0.0,0.0,0.0,1.0
80.0,968.0,3,1535.0,3.0,2.0,85.0,0.0,0.0,0.0,1.0
80.0,1178.0,3,1500.0,3.0,3.0,100.0,0.0,0.0,0.0,1.0
80.0,339.0,3,1475.0,2.0,2.0,120.0,0.0,0.0,1.0,0.0
80.0,280.0,3,1390.0,2.0,2.0,60.47,0.0,0.0,1.0,0.0
80.0,705.0,3,1278.0,2.0,1.0,53.76,0.0,0.0,0.0,1.0
80.0,1021.0,2,1133.0,2.0,2.0,55.0,0.0,0.0,1.0,0.0
28.0,1248.0,5,1560.0,5.0,1.0,145.0,0.0,0.0,0.0,1.0
80.0,1144.0,5,2900.0,5.0,2.0,90.0,0.0,0.0,0.0,1.0
80.0,1190.0,2,1170.0,2.0,1.0,51.99,0.0,0.0,0.0,1.0
14.0,520.0,3,1200.0,3.0,3.0,200.0,0.0,0.0,0.0,1.0
80.0,885.0,3,1697.0,3.0,2.0,94.79,1.0,0.0,0.0,0.0
80.0,725.0,3,1651.0,3.0,3.0,97.38,0.0,0.0,1.0,0.0
80.0,668.0,3,1560.0,3.0,1.0,188.0,0.0,0.0,0.0,1.0
80.0,1172.0,3,1192.0,2.0,1.0,60.0,0.0,0.0,1.0,0.0
80.0,70.0,2,1078.0,2.0,3.0,65.0,0.0,0.0,0.0,1.0
80.0,995.0,7,800.0,7.0,3.0,105.0,0.0,0.0,0.0,1.0
80.0,441.0,2,1349.0,2.0,2.0,78.0,0.0,0.0,0.0,1.0
80.0,644.0,9,2300.0,8.0,1.0,210.0,1.0,0.0,0.0,0.0
80.0,1248.0,3,1680.0,3.0,2.0,120.0,0.0,0.0,1.0,0.0
80.0,167.0,3,1314.0,2.0,2.0,63.0,0.0,0.0,0.0,1.0
80.0,641.0,2,1060.0,2.0,1.0,48.7,0.0,0.0,0.0,1.0
29.0,972.0,2,820.0,2.0,0.0,39.0,0.0,0.0,0.0,1.0
28.0,555.0,4,5000.0,4.0,3.0,400.0,0.0,0.0,1.0,0.0
80.0,214.0,3,2000.0,3.0,2.0,85.0,0.0,0.0,0.0,1.0
80.0,1133.0,2,856.0,2.0,3.0,40.0,0.0,0.0,1.0,0.0
80.0,1073.0,3,1621.0,4.0,0.0,130.0,0.0,0.0,1.0,0.0
80.0,1258.0,3,1200.0,3.0,1.0,68.4,0.0,0.0,0.0,1.0
80.0,778.0,3,1484.0,3.0,2.0,52.5,0.0,0.0,0.0,1.0
80.0,70.0,4,600.0,5.0,2.0,60.0,0.0,0.0,0.0,1.0
80.0,1175.0,4,14000.0,3.0,2.0,800.0,0.0,0.0,0.0,1.0
80.0,415.0,1,500.0,1.0,1.0,20.0,1.0,0.0,0.0,0.0
80.0,958.0,1,485.0,1.0,1.0,15.0,1.0,0.0,0.0,0.0
26.0,363.0,2,1050.0,2.0,1.0,42.0,0.0,0.0,0.0,1.0
80.0,1175.0,3,1617.0,3.0,3.0,66.68,1.0,0.0,0.0,0.0
80.0,96.0,2,550.0,1.0,1.0,16.0,0.0,0.0,0.0,1.0
80.0,635.0,3,1384.0,3.0,2.0,62.28,1.0,0.0,0.0,0.0
80.0,711.0,2,1408.0,2.0,2.0,85.0,0.0,0.0,0.0,1.0
80.0,784.0,2,1150.0,2.0,1.0,49.0,1.0,0.0,0.0,0.0
80.0,795.0,3,1410.0,2.0,2.0,75.0,1.0,0.0,0.0,0.0
80.0,986.0,4,2150.0,4.0,1.0,100.0,1.0,0.0,0.0,0.0
80.0,1134.0,3,2292.0,4.0,1.0,275.0,0.0,0.0,1.0,0.0
80.0,720.0,3,2006.0,3.0,1.0,297.0,0.0,0.0,0.0,1.0
80.0,743.0,3,1508.0,3.0,2.0,70.25,1.0,0.0,0.0,0.0
80.0,84.0,2,1040.0,2.0,2.0,50.0,1.0,0.0,0.0,0.0
80.0,214.0,2,1240.0,2.0,1.0,60.0,0.0,0.0,0.0,1.0
80.0,968.0,3,1535.0,3.0,1.0,78.0,0.0,0.0,0.0,1.0
80.0,1248.0,2,1180.0,2.0,2.0,75.0,0.0,0.0,1.0,0.0
80.0,1035.0,6,2200.0,6.0,2.0,68.0,0.0,0.0,0.0,1.0
80.0,1248.0,2,1400.0,2.0,2.0,78.0,0.0,0.0,1.0,0.0
80.0,441.0,1,500.0,1.0,1.0,25.0,0.0,0.0,0.0,1.0
80.0,1035.0,4,4800.0,4.0,3.0,525.0,0.0,0.0,0.0,1.0
80.0,1207.0,3,1984.0,4.0,1.0,146.0,1.0,0.0,0.0,0.0
80.0,1248.0,4,3000.0,5.0,3.0,250.0,1.0,0.0,0.0,0.0
80.0,537.0,3,1960.0,3.0,3.0,160.0,0.0,0.0,0.0,1.0
65.0,1164.0,2,1035.0,2.0,1.0,45.0,0.0,0.0,0.0,1.0
34.0,516.0,4,2150.0,4.0,1.0,80.0,1.0,0.0,0.0,0.0
80.0,315.0,3,1700.0,3.0,2.0,115.0,0.0,0.0,1.0,0.0
80.0,1257.0,4,3024.0,5.0,1.0,248.0,0.0,0.0,0.0,1.0
32.0,1257.0,3,1586.0,3.0,1.0,100.0,0.0,0.0,0.0,1.0
80.0,1035.0,3,2264.0,2.0,1.0,155.0,0.0,0.0,0.0,1.0
80.0,58.0,4,2325.0,4.0,1.0,120.0,0.0,0.0,1.0,0.0
80.0,604.0,2,1120.0,2.0,2.0,55.0,0.0,0.0,0.0,1.0
80.0,1123.0,3,1662.0,2.0,1.0,67.98,0.0,0.0,0.0,1.0
80.0,904.0,2,1128.0,2.0,2.0,59.0,0.0,0.0,0.0,1.0
80.0,112.0,6,1200.0,6.0,2.0,250.0,0.0,0.0,0.0,1.0
52.0,589.0,2,924.0,2.0,2.0,65.0,0.0,0.0,0.0,1.0
80.0,361.0,3,1600.0,3.0,2.0,52.0,0.0,0.0,1.0,0.0
80.0,663.0,2,1006.0,2.0,2.0,35.0,1.0,0.0,0.0,0.0
80.0,1248.0,2,1200.0,2.0,2.0,55.0,0.0,0.0,0.0,1.0
80.0,1004.0,2,1250.0,2.0,1.0,62.0,0.0,0.0,0.0,1.0
80.0,671.0,3,1200.0,3.0,1.0,130.0,0.0,0.0,0.0,1.0
80.0,1248.0,2,957.0,2.0,1.0,56.0,0.0,0.0,0.0,1.0
30.0,1248.0,2,1140.0,2.0,2.0,41.0,1.0,0.0,0.0,0.0
80.0,662.0,2,1050.0,2.0,1.0,67.0,1.0,0.0,0.0,0.0
80.0,420.0,3,1565.0,3.0,2.0,88.5,0.0,0.0,0.0,1.0
80.0,1248.0,2,1190.0,2.0,3.0,57.0,0.0,0.0,0.0,1.0
80.0,662.0,3,2842.0,3.0,2.0,162.0,0.0,0.0,0.0,1.0
80.0,504.0,3,1558.67,2.0,2.0,65.0,1.0,0.0,0.0,0.0
80.0,557.0,1,630.0,1.0,1.0,39.0,0.0,0.0,0.0,1.0
80.0,688.0,3,1403.0,2.0,2.0,60.81,0.0,0.0,0.0,1.0
80.0,834.0,3,1542.0,2.0,3.0,85.0,0.0,0.0,0.0,1.0
80.0,504.0,4,2750.0,4.0,0.0,220.0,0.0,0.0,0.0,1.0
80.0,404.0,4,3596.0,5.0,1.0,290.0,0.0,0.0,0.0,1.0
23.0,304.0,3,1635.0,2.0,1.0,78.0,0.0,0.0,0.0,1.0
31.0,534.0,2,1239.0,2.0,1.0,53.0,0.0,0.0,0.0,1.0
80.0,720.0,2,1194.0,2.0,2.0,47.0,0.0,0.0,0.0,1.0
80.0,202.0,3,1596.0,3.0,1.0,105.0,0.0,0.0,0.0,1.0
80.0,1248.0,2,1009.0,2.0,1.0,38.34,0.0,0.0,1.0,0.0
80.0,341.0,3,1726.0,3.0,2.0,81.99,0.0,0.0,0.0,1.0
40.0,265.0,3,1535.0,3.0,2.0,86.0,0.0,0.0,0.0,1.0
80.0,300.0,3,1300.0,2.0,1.0,58.5,0.0,0.0,1.0,0.0
80.0,1134.0,4,3100.0,4.0,2.0,465.0,0.0,0.0,1.0,0.0
80.0,641.0,3,1800.0,3.0,3.0,80.0,1.0,0.0,0.0,0.0
28.0,891.0,1,665.0,1.0,0.0,50.75,0.0,0.0,0.0,1.0
80.0,457.0,9,4050.0,7.0,1.0,1200.0,0.0,0.0,0.0,1.0
80.0,1089.0,3,1500.0,2.0,1.0,100.0,0.0,0.0,0.0,1.0
80.0,229.0,2,925.0,2.0,2.0,48.0,0.0,0.0,0.0,1.0
29.0,668.0,4,3356.0,4.0,1.0,251.0,0.0,0.0,0.0,1.0
80.0,648.0,2,1395.0,2.0,1.0,63.59,0.0,0.0,0.0,1.0
32.0,624.0,3,1415.0,2.0,1.0,55.0,0.0,0.0,0.0,1.0
80.0,528.0,3,1419.0,2.0,2.0,59.0,0.0,0.0,0.0,1.0
80.0,262.0,2,1121.0,2.0,2.0,78.0,1.0,0.0,0.0,0.0
80.0,352.0,3,1082.0,2.0,1.0,45.0,0.0,0.0,0.0,1.0
80.0,891.0,2,1100.0,2.0,1.0,47.0,0.0,0.0,0.0,1.0
80.0,1035.0,3,1606.0,3.0,3.0,89.55,1.0,0.0,0.0,0.0
80.0,784.0,3,1650.0,3.0,2.0,88.0,0.0,0.0,1.0,0.0
80.0,415.0,3,4634.0,4.0,3.0,1015.0,0.0,0.0,0.0,1.0
80.0,186.0,2,1206.0,2.0,3.0,75.0,0.0,0.0,0.0,1.0
80.0,845.0,3,1495.0,2.0,0.0,64.0,0.0,0.0,0.0,1.0
80.0,1248.0,8,840.0,7.0,2.0,195.0,0.0,0.0,0.0,1.0
51.0,960.0,2,710.0,2.0,2.0,16.0,0.0,0.0,0.0,1.0
40.0,511.0,2,1210.0,2.0,1.0,72.0,0.0,0.0,0.0,1.0
80.0,1144.0,3,1523.0,2.0,2.0,53.4,0.0,0.0,0.0,1.0
32.0,713.0,2,1232.0,2.0,2.0,45.0,0.0,0.0,0.0,1.0
80.0,415.0,1,680.0,1.0,1.0,44.0,0.0,0.0,0.0,1.0
80.0,243.0,3,1355.0,3.0,1.0,83.87,0.0,0.0,1.0,0.0
80.0,415.0,3,1430.0,2.0,2.0,51.46,0.0,0.0,1.0,0.0
80.0,267.0,3,1275.0,2.0,2.0,43.85,0.0,0.0,0.0,1.0
80.0,797.0,2,1070.0,2.0,1.0,56.1,0.0,0.0,0.0,1.0
80.0,504.0,3,1200.0,3.0,1.0,85.0,0.0,0.0,0.0,1.0
80.0,968.0,4,2000.0,4.0,0.0,120.0,0.0,0.0,0.0,1.0
77.0,582.0,2,1200.0,2.0,2.0,40.0,0.0,0.0,0.0,1.0
80.0,960.0,3,1610.0,3.0,1.0,90.0,0.0,0.0,0.0,1.0
80.0,70.0,2,1140.0,2.0,2.0,43.0,0.0,0.0,0.0,1.0
80.0,1248.0,2,1143.0,2.0,2.0,38.65,0.0,0.0,0.0,1.0
34.0,1248.0,4,3467.86,6.0,3.0,249.0,0.0,0.0,1.0,0.0
36.0,1248.0,3,1530.0,2.0,2.0,74.4,0.0,0.0,0.0,1.0
80.0,1144.0,2,980.0,2.0,2.0,69.0,0.0,0.0,0.0,1.0
52.0,411.0,3,1485.0,3.0,2.0,65.0,1.0,0.0,0.0,0.0
80.0,145.0,3,1500.0,3.0,1.0,130.0,0.0,0.0,0.0,1.0
80.0,573.0,2,1280.0,2.0,1.0,75.0,0.0,0.0,0.0,1.0
80.0,1052.0,2,1265.0,2.0,2.0,85.0,0.0,0.0,0.0,1.0
80.0,604.0,2,1132.0,2.0,1.0,67.0,0.0,0.0,0.0,1.0
80.0,714.0,2,1262.0,2.0,2.0,63.0,1.0,0.0,0.0,0.0
80.0,415.0,2,940.0,2.0,1.0,49.0,1.0,0.0,0.0,0.0
80.0,1005.0,3,1515.0,3.0,3.0,88.0,0.0,0.0,0.0,1.0
80.0,520.0,3,1300.0,3.0,3.0,150.0,0.0,0.0,0.0,1.0
80.0,267.0,3,1840.0,3.0,1.0,69.0,0.0,0.0,0.0,1.0
80.0,1257.0,2,890.0,2.0,2.0,45.0,1.0,0.0,0.0,0.0
33.0,673.0,3,1655.0,3.0,2.0,86.06,0.0,0.0,0.0,1.0
80.0,624.0,3,2060.0,3.0,1.0,149.0,0.0,0.0,1.0,0.0
34.0,534.0,3,1730.0,3.0,1.0,96.0,0.0,0.0,0.0,1.0
48.0,910.0,3,2195.0,4.0,2.0,127.0,0.0,0.0,0.0,1.0
80.0,807.0,3,1650.0,3.0,2.0,125.0,1.0,0.0,0.0,0.0
80.0,1257.0,2,1200.0,2.0,0.0,71.0,0.0,0.0,0.0,1.0
34.0,364.0,2,1079.0,2.0,1.0,32.37,0.0,0.0,0.0,1.0
80.0,941.0,2,1085.0,2.0,1.0,36.0,0.0,0.0,0.0,1.0
80.0,1155.0,7,5000.0,7.0,1.0,299.0,0.0,0.0,0.0,1.0
80.0,240.0,2,1075.0,2.0,1.0,51.5,0.0,0.0,0.0,1.0
66.0,528.0,2,1380.0,2.0,1.0,80.0,0.0,0.0,0.0,1.0
80.0,585.0,3,1450.0,3.0,1.0,65.0,0.0,0.0,0.0,1.0
67.0,1218.0,2,1200.0,2.0,2.0,78.0,0.0,0.0,0.0,1.0
80.0,908.0,3,3200.0,4.0,1.0,350.0,1.0,0.0,0.0,0.0
52.0,892.0,3,1639.0,3.0,1.0,98.32,0.0,0.0,0.0,1.0
70.0,10.0,2,1200.0,2.0,1.0,54.0,0.0,0.0,0.0,1.0
80.0,370.0,3,1739.0,3.0,1.0,116.0,0.0,0.0,1.0,0.0
80.0,853.0,4,4346.0,5.0,1.0,500.0,0.0,0.0,0.0,1.0
80.0,324.0,2,935.0,2.0,1.0,32.72,1.0,0.0,0.0,0.0
80.0,302.0,1,510.0,1.0,1.0,25.25,0.0,0.0,0.0,1.0
80.0,39.0,6,1200.0,6.0,3.0,180.0,0.0,0.0,0.0,1.0
80.0,167.0,2,1178.0,2.0,3.0,47.0,1.0,0.0,0.0,0.0
80.0,112.0,3,1375.0,2.0,1.0,50.0,0.0,0.0,0.0,1.0
80.0,797.0,3,1065.0,2.0,1.0,33.0,0.0,0.0,1.0,0.0
80.0,713.0,3,1450.0,2.0,1.0,50.75,1.0,0.0,0.0,0.0
80.0,711.0,2,999.0,2.0,3.0,45.0,0.0,0.0,0.0,1.0
52.0,528.0,2,4400.0,3.0,2.0,475.0,0.0,0.0,0.0,1.0
80.0,755.0,5,1350.0,4.0,1.0,135.0,0.0,0.0,0.0,1.0
80.0,402.0,2,1100.0,2.0,2.0,40.0,1.0,0.0,0.0,0.0
80.0,1029.0,3,1835.0,2.0,3.0,155.0,0.0,0.0,0.0,1.0
40.0,797.0,4,2090.0,4.0,0.0,95.1,0.0,0.0,0.0,1.0
29.0,26.0,3,1519.0,3.0,1.0,93.0,0.0,0.0,1.0,0.0
80.0,663.0,3,1267.0,3.0,2.0,56.0,1.0,0.0,0.0,0.0
80.0,302.0,2,1150.0,2.0,3.0,72.2,1.0,0.0,0.0,0.0
80.0,1002.0,2,1146.0,2.0,1.0,70.0,0.0,0.0,0.0,1.0
80.0,1036.0,8,1200.0,7.0,0.0,235.0,1.0,0.0,0.0,0.0
80.0,420.0,3,1550.0,3.0,3.0,65.0,0.0,1.0,0.0,0.0
80.0,512.0,2,850.0,1.0,1.0,18.5,0.0,0.0,0.0,1.0
80.0,968.0,3,2200.0,3.0,1.0,187.0,1.0,0.0,0.0,0.0
80.0,234.0,3,3329.0,3.0,2.0,330.0,0.0,0.0,0.0,1.0
80.0,688.0,1,785.0,1.0,1.0,55.0,0.0,0.0,1.0,0.0
80.0,214.0,3,2900.0,4.0,1.0,300.0,1.0,0.0,0.0,0.0
80.0,1035.0,3,1610.0,3.0,2.0,74.0,0.0,0.0,0.0,1.0
80.0,1034.0,2,921.0,2.0,2.0,40.0,1.0,0.0,0.0,0.0
80.0,262.0,3,850.0,3.0,2.0,95.0,0.0,0.0,0.0,1.0
80.0,184.0,5,2700.0,5.0,0.0,158.0,0.0,0.0,1.0,0.0
80.0,504.0,3,1700.0,3.0,3.0,110.0,0.0,0.0,0.0,1.0
80.0,1144.0,2,1020.0,2.0,2.0,35.0,0.0,0.0,0.0,1.0
80.0,394.0,2,1090.0,2.0,3.0,52.0,0.0,0.0,0.0,1.0
80.0,507.0,4,3600.0,4.0,1.0,300.0,1.0,0.0,0.0,0.0
80.0,278.0,2,1027.0,2.0,2.0,44.0,0.0,0.0,0.0,1.0
80.0,924.0,2,1185.0,2.0,2.0,42.1,0.0,0.0,0.0,1.0
80.0,300.0,2,850.0,2.0,1.0,25.0,0.0,0.0,0.0,1.0
80.0,968.0,2,1197.0,2.0,1.0,84.0,0.0,0.0,0.0,1.0
80.0,1263.0,4,3500.0,3.0,3.0,450.0,0.0,0.0,0.0,1.0
52.0,610.0,2,920.0,2.0,2.0,39.55,0.0,0.0,0.0,1.0
80.0,1188.0,9,7706.9524,9.0,1.0,296.0,1.0,0.0,0.0,0.0
40.0,703.0,2,1105.0,2.0,1.0,65.0,0.0,0.0,0.0,1.0
80.0,531.0,3,1850.0,3.0,3.0,100.0,1.0,0.0,0.0,0.0
80.0,848.0,3,1300.0,3.0,1.0,64.0,1.0,0.0,0.0,0.0
63.0,662.0,3,1595.0,3.0,2.0,76.0,0.0,0.0,0.0,1.0
80.0,214.0,4,3073.0,5.0,2.0,696.0,1.0,0.0,0.0,0.0
60.0,662.0,2,755.0,2.0,1.0,37.49,0.0,0.0,0.0,1.0
36.0,201.0,5,4050.0,5.0,2.0,140.0,0.0,0.0,0.0,1.0
80.0,313.0,3,1300.0,2.0,3.0,69.0,0.0,0.0,0.0,1.0
23.0,179.0,2,1215.0,2.0,0.0,50.0,0.0,0.0,0.0,1.0
80.0,214.0,2,900.0,2.0,1.0,46.0,0.0,0.0,0.0,1.0
80.0,836.0,2,1145.0,2.0,3.0,58.4,0.0,0.0,0.0,1.0
80.0,179.0,2,1093.0,2.0,2.0,65.0,0.0,0.0,0.0,1.0
80.0,897.0,3,1213.0,2.0,2.0,41.39,1.0,0.0,0.0,0.0
80.0,363.0,3,1654.0,3.0,2.0,100.0,0.0,0.0,0.0,1.0
80.0,679.0,2,1105.0,2.0,1.0,52.48,0.0,0.0,1.0,0.0
80.0,1225.0,3,1611.0,2.0,2.0,66.0,0.0,1.0,0.0,0.0
80.0,124.0,2,1367.0,2.0,2.0,62.0,0.0,0.0,0.0,1.0
80.0,531.0,2,1010.0,2.0,1.0,51.0,1.0,0.0,0.0,0.0
80.0,200.0,3,750.0,2.0,1.0,75.0,0.0,0.0,0.0,1.0
28.0,1248.0,3,1535.0,3.0,1.0,95.0,0.0,0.0,0.0,1.0
80.0,573.0,2,620.0,2.0,1.0,22.0,1.0,0.0,0.0,0.0
80.0,924.0,2,982.0,2.0,1.0,47.65,0.0,0.0,0.0,1.0
80.0,250.0,2,1700.0,2.0,2.0,150.0,0.0,0.0,0.0,1.0
80.0,1258.0,2,1330.0,2.0,1.0,71.0,0.0,0.0,0.0,1.0
80.0,1257.0,3,2500.0,3.0,2.0,135.0,0.0,0.0,0.0,1.0
80.0,872.0,3,1475.0,2.0,2.0,58.99,0.0,0.0,0.0,1.0
80.0,705.0,3,1410.0,3.0,1.0,65.0,1.0,0.0,0.0,0.0
80.0,379.0,1,440.0,1.0,1.0,16.5,0.0,0.0,0.0,1.0
80.0,532.0,3,1614.0,3.0,2.0,95.0,0.0,0.0,0.0,1.0
45.0,518.0,2,1363.0,2.0,2.0,68.0,0.0,0.0,0.0,1.0
30.0,624.0,2,650.0,2.0,0.0,28.0,0.0,0.0,0.0,1.0
80.0,428.0,2,1015.0,2.0,1.0,45.0,0.0,0.0,0.0,1.0
80.0,81.0,2,1156.0,2.0,2.0,46.0,1.0,0.0,0.0,0.0
80.0,624.0,2,1100.0,2.0,1.0,62.7,1.0,0.0,0.0,0.0
80.0,74.0,3,1455.0,3.0,2.0,46.0,0.0,0.0,1.0,0.0
80.0,667.0,2,930.0,2.0,1.0,45.0,0.0,0.0,0.0,1.0
33.0,633.0,3,1650.0,2.0,2.0,80.0,0.0,0.0,0.0,1.0
80.0,146.0,2,1200.0,2.0,0.0,90.0,0.0,0.0,0.0,1.0
80.0,512.0,1,700.0,1.0,0.0,150.0,0.0,0.0,0.0,1.0
26.0,445.0,4,2900.0,3.0,1.0,135.0,0.0,0.0,0.0,1.0
80.0,491.0,3,1890.0,4.0,3.0,127.0,1.0,0.0,0.0,0.0
80.0,700.0,3,2197.0,4.0,3.0,280.0,0.0,0.0,0.0,1.0
44.0,276.0,3,3522.0,3.0,2.0,380.0,0.0,0.0,0.0,1.0
80.0,1049.0,3,1240.0,2.0,2.0,46.0,0.0,0.0,1.0,0.0
80.0,968.0,2,1440.0,2.0,2.0,98.0,0.0,0.0,0.0,1.0
80.0,528.0,1,650.0,1.0,2.0,38.0,1.0,0.0,0.0,0.0
71.0,662.0,1,764.0,1.0,1.0,32.0,0.0,0.0,0.0,1.0
80.0,1080.0,5,900.0,4.0,0.0,90.0,0.0,0.0,0.0,1.0
80.0,1257.0,3,1693.0,3.0,3.0,57.39,0.0,0.0,0.0,1.0
80.0,217.0,3,1445.0,3.0,2.0,65.0,1.0,0.0,0.0,0.0
80.0,528.0,2,900.0,1.0,0.0,45.0,0.0,0.0,0.0,1.0
80.0,1149.0,2,1030.0,2.0,1.0,55.0,0.0,0.0,1.0,0.0
80.0,230.0,3,1381.0,2.0,2.0,52.48,0.0,0.0,0.0,1.0
80.0,671.0,2,1100.0,2.0,1.0,60.0,0.0,0.0,0.0,1.0
80.0,512.0,3,1575.0,3.0,2.0,66.39,0.0,0.0,1.0,0.0
33.0,96.0,2,1200.0,2.0,1.0,65.0,0.0,0.0,0.0,1.0
40.0,582.0,2,1200.0,2.0,2.0,43.2,0.0,0.0,0.0,1.0
35.0,1035.0,2,1080.0,2.0,2.0,80.0,0.0,0.0,0.0,1.0
80.0,652.0,5,2280.0,5.0,1.0,200.0,0.0,0.0,0.0,1.0
80.0,1248.0,3,1360.0,2.0,2.0,85.0,0.0,0.0,0.0,1.0
80.0,230.0,3,1865.0,3.0,1.0,124.0,0.0,0.0,0.0,1.0
80.0,689.0,3,1157.0,2.0,1.0,75.0,0.0,0.0,1.0,0.0
68.0,511.0,2,674.0,2.0,1.0,29.0,0.0,0.0,0.0,1.0
34.0,415.0,3,1405.0,2.0,1.0,78.0,0.0,0.0,0.0,1.0
80.0,910.0,2,1160.0,2.0,2.0,44.08,0.0,0.0,0.0,1.0
80.0,80.0,4,1600.0,3.0,1.0,172.0,1.0,0.0,0.0,0.0
33.0,686.0,3,1790.0,3.0,2.0,127.0,1.0,0.0,0.0,0.0
80.0,1098.0,2,1128.0,2.0,1.0,65.65,1.0,0.0,0.0,0.0
80.0,960.0,2,1180.0,2.0,1.0,70.0,0.0,0.0,0.0,1.0
80.0,1186.0,3,1450.0,2.0,2.0,85.0,0.0,0.0,0.0,1.0
80.0,1238.0,1,340.0,1.0,1.0,10.0,0.0,0.0,0.0,1.0
80.0,492.0,4,2000.0,3.0,1.0,166.0,0.0,0.0,0.0,1.0
80.0,1175.0,2,1050.0,2.0,2.0,53.5,0.0,0.0,0.0,1.0
40.0,265.0,2,1125.0,2.0,2.0,40.0,0.0,0.0,0.0,1.0
80.0,358.0,2,1246.0,2.0,1.0,68.0,0.0,0.0,0.0,1.0
80.0,271.0,2,1372.0,2.0,1.0,61.0,0.0,0.0,1.0,0.0
80.0,213.0,3,1330.0,2.0,1.0,56.0,0.0,0.0,1.0,0.0
80.0,304.0,3,2465.0,5.0,2.0,234.0,0.0,0.0,0.0,1.0
80.0,522.0,2,1300.0,2.0,3.0,55.0,1.0,0.0,0.0,0.0
33.0,511.0,2,1420.0,1.0,0.0,220.0,0.0,1.0,0.0,0.0
80.0,232.0,4,810.0,4.0,1.0,50.0,0.0,0.0,0.0,1.0
26.0,804.0,2,1065.0,2.0,1.0,35.0,0.0,0.0,0.0,1.0
80.0,415.0,2,700.0,2.0,0.0,27.0,1.0,0.0,0.0,0.0
80.0,1175.0,2,687.325,2.0,0.0,42.72,0.0,0.0,0.0,1.0
80.0,1101.0,2,1050.0,2.0,1.0,45.0,1.0,0.0,0.0,0.0
80.0,784.0,3,1250.0,3.0,3.0,39.5,0.0,0.0,1.0,0.0
80.0,1257.0,2,865.0,2.0,0.0,42.0,0.0,0.0,0.0,1.0
80.0,75.0,2,1200.0,2.0,2.0,44.0,0.0,0.0,1.0,0.0
80.0,60.0,3,1756.0,3.0,3.0,100.0,0.0,0.0,0.0,1.0
80.0,639.0,9,750.0,8.0,1.0,150.0,0.0,0.0,0.0,1.0
28.0,415.0,1,628.0,1.0,1.0,24.0,1.0,0.0,0.0,0.0
32.0,365.0,7,1200.0,6.0,2.0,195.0,0.0,0.0,0.0,1.0
80.0,414.0,2,1207.0,2.0,2.0,63.0,1.0,0.0,0.0,0.0
34.0,532.0,3,1765.0,3.0,1.0,125.0,1.0,0.0,0.0,0.0
28.0,250.0,2,1130.0,2.0,1.0,32.64,0.0,1.0,0.0,0.0
26.0,394.0,3,1532.0,3.0,3.0,92.0,0.0,0.0,0.0,1.0
80.0,686.0,3,1650.0,3.0,0.0,110.0,0.0,0.0,0.0,1.0
80.0,474.0,4,1200.0,4.0,2.0,105.0,1.0,0.0,0.0,0.0
80.0,1175.0,2,804.1,2.0,1.0,69.09,0.0,0.0,0.0,1.0
80.0,347.0,2,1200.0,2.0,2.0,75.0,0.0,0.0,0.0,1.0
80.0,1248.0,2,1197.0,2.0,2.0,50.0,0.0,0.0,0.0,1.0
80.0,560.0,2,1200.0,2.0,2.0,66.0,0.0,0.0,0.0,1.0
80.0,189.0,3,1385.0,2.0,2.0,48.48,0.0,0.0,0.0,1.0
80.0,119.0,2,1010.0,2.0,3.0,148.0,0.0,0.0,0.0,1.0
80.0,525.0,3,2225.0,3.0,3.0,115.0,0.0,0.0,0.0,1.0
80.0,150.0,2,1180.0,2.0,2.0,48.0,1.0,0.0,0.0,0.0
80.0,402.0,3,1525.0,2.0,3.0,122.0,0.0,0.0,0.0,1.0
68.0,1248.0,2,1100.0,2.0,2.0,31.5,0.0,0.0,0.0,1.0
80.0,1248.0,3,1435.0,3.0,3.0,70.0,0.0,0.0,0.0,1.0
80.0,639.0,1,400.0,1.0,1.0,14.0,1.0,0.0,0.0,0.0
34.0,783.0,2,1200.0,2.0,2.0,50.0,0.0,0.0,0.0,1.0
80.0,1248.0,2,1272.0,2.0,1.0,95.05,1.0,0.0,0.0,0.0
80.0,983.0,2,1205.0,2.0,1.0,39.0,0.0,0.0,0.0,1.0
80.0,587.0,2,980.0,2.0,1.0,40.0,0.0,0.0,0.0,1.0
80.0,607.0,2,1225.0,2.0,2.0,46.86,0.0,0.0,1.0,0.0
80.0,636.0,3,1541.0,3.0,1.0,72.0,0.0,0.0,0.0,1.0
80.0,827.0,3,1610.0,2.0,2.0,111.0,0.0,0.0,0.0,1.0
80.0,302.0,2,1694.0,2.0,2.0,125.0,0.0,0.0,0.0,1.0
80.0,302.0,3,600.0,3.0,2.0,75.0,0.0,0.0,1.0,0.0
80.0,783.0,2,950.0,2.0,1.0,39.0,0.0,0.0,0.0,1.0
80.0,968.0,3,1560.0,2.0,3.0,66.0,1.0,0.0,0.0,0.0
80.0,415.0,2,1201.0,2.0,2.0,27.0,0.0,0.0,0.0,1.0
80.0,1149.0,2,1500.0,2.0,1.0,60.0,0.0,0.0,0.0,1.0
80.0,729.0,3,1785.0,3.0,2.0,75.0,0.0,0.0,0.0,1.0
80.0,326.0,2,1258.0,2.0,1.0,63.53,1.0,0.0,0.0,0.0
80.0,1186.0,2,910.0,2.0,2.0,42.0,0.0,0.0,0.0,1.0
80.0,771.0,2,1297.0,2.0,2.0,112.0,0.0,0.0,0.0,1.0
80.0,1035.0,2,1291.0,2.0,3.0,49.0,0.0,0.0,0.0,1.0
80.0,662.0,2,1070.0,2.0,2.0,42.0,0.0,0.0,0.0,1.0
80.0,246.0,2,1012.0,2.0,1.0,66.5,0.0,0.0,1.0,0.0
80.0,315.0,2,1260.0,2.0,3.0,57.6,1.0,0.0,0.0,0.0
45.0,511.0,2,1282.0,2.0,2.0,72.0,0.0,0.0,0.0,1.0
80.0,413.0,3,1843.0,3.0,2.0,92.15,0.0,0.0,0.0,1.0
80.0,706.0,4,2400.0,3.0,1.0,200.0,0.0,0.0,0.0,1.0
28.0,1248.0,5,3356.0,5.0,2.0,105.0,1.0,0.0,0.0,0.0
80.0,46.0,4,2790.0,5.0,3.0,198.0,1.0,0.0,0.0,0.0
80.0,1149.0,2,1330.0,2.0,1.0,86.98,0.0,0.0,0.0,1.0
43.0,1035.0,3,1400.0,2.0,1.0,73.0,0.0,0.0,0.0,1.0
67.0,1218.0,2,1192.0,2.0,1.0,71.0,0.0,0.0,0.0,1.0
80.0,995.0,2,1000.0,2.0,1.0,130.0,0.0,0.0,0.0,1.0
80.0,70.0,2,1297.0,2.0,2.0,103.0,0.0,0.0,0.0,1.0
80.0,633.0,1,615.0,1.0,0.0,17.835,0.0,0.0,1.0,0.0
80.0,388.0,3,1490.0,3.0,2.0,100.0,0.0,0.0,0.0,1.0
80.0,1034.0,3,1373.0,3.0,2.0,72.0,1.0,0.0,0.0,0.0
80.0,492.0,2,1035.0,2.0,1.0,41.39,0.0,0.0,0.0,1.0
80.0,783.0,4,3750.0,4.0,0.0,210.0,0.0,0.0,0.0,1.0
80.0,532.0,2,1010.0,2.0,1.0,40.39,0.0,0.0,0.0,1.0
80.0,903.0,2,1195.0,2.0,1.0,42.0,1.0,0.0,0.0,0.0
80.0,533.0,3,1750.0,3.0,2.0,95.0,1.0,0.0,0.0,0.0
33.0,528.0,2,1052.0,2.0,2.0,50.0,1.0,0.0,0.0,0.0
80.0,968.0,2,1180.0,2.0,2.0,58.0,0.0,0.0,0.0,1.0
80.0,1172.0,5,3680.0,4.0,2.0,440.0,1.0,0.0,0.0,0.0
31.0,573.0,3,2100.0,3.0,2.0,73.0,0.0,0.0,0.0,1.0
80.0,492.0,4,2863.0,4.0,1.0,140.0,1.0,0.0,0.0,0.0
80.0,791.0,2,1128.0,2.0,2.0,38.24,1.0,0.0,0.0,0.0
80.0,656.0,3,2700.0,3.0,1.0,450.0,0.0,0.0,0.0,1.0
80.0,1257.0,2,1120.0,2.0,2.0,33.6,1.0,0.0,0.0,0.0
80.0,707.0,3,2424.0,3.0,2.0,90.0,0.0,0.0,1.0,0.0
80.0,1175.0,2,1300.0,2.0,1.0,60.0,0.0,0.0,0.0,1.0
31.0,542.0,2,1090.0,2.0,2.0,32.69,0.0,0.0,0.0,1.0
27.0,210.0,3,2710.0,3.0,1.0,251.0,0.0,0.0,0.0,1.0
80.0,229.0,2,3040.0,1.0,1.0,180.0,1.0,0.0,0.0,0.0
80.0,1175.0,3,1330.0,2.0,2.0,46.55,0.0,0.0,1.0,0.0
80.0,315.0,3,1427.0,2.0,1.0,80.63,0.0,0.0,1.0,0.0
80.0,972.0,3,1294.0,2.0,2.0,48.0,0.0,0.0,0.0,1.0
80.0,914.0,3,1580.0,3.0,2.0,75.0,0.0,0.0,0.0,1.0
63.0,662.0,5,400.0,5.0,1.0,200.0,0.0,0.0,0.0,1.0
80.0,83.0,3,1808.0,4.0,2.0,80.27,0.0,0.0,0.0,1.0
71.0,662.0,4,3516.0,4.0,3.0,540.0,0.0,0.0,0.0,1.0
80.0,1080.0,2,1194.0,2.0,2.0,47.0,1.0,0.0,0.0,0.0
80.0,705.0,2,900.0,2.0,1.0,46.0,0.0,0.0,1.0,0.0
7.0,1256.0,3,1310.0,2.0,3.0,50.0,0.0,0.0,0.0,1.0
80.0,711.0,2,900.0,2.0,1.0,46.0,0.0,0.0,0.0,1.0
80.0,1257.0,4,3850.0,6.0,3.0,195.0,1.0,0.0,0.0,0.0
80.0,741.0,7,925.0,7.0,3.0,88.0,0.0,0.0,0.0,1.0
80.0,1140.0,2,2400.0,1.0,1.0,150.0,0.0,0.0,1.0,0.0
80.0,266.0,2,1290.0,2.0,3.0,100.0,1.0,0.0,0.0,0.0
80.0,1257.0,6,3770.0,6.0,3.0,110.0,0.0,0.0,0.0,1.0
80.0,560.0,3,1390.0,3.0,1.0,120.0,0.0,0.0,0.0,1.0
40.0,528.0,4,1200.0,4.0,2.0,72.0,0.0,0.0,0.0,1.0
80.0,1100.0,2,845.0,2.0,1.0,33.0,0.0,0.0,0.0,1.0
80.0,604.0,3,1537.0,3.0,3.0,120.0,0.0,0.0,0.0,1.0
26.0,1152.0,2,1135.0,2.0,2.0,68.0,0.0,0.0,0.0,1.0
24.0,1248.0,3,1512.0,3.0,2.0,75.77,0.0,0.0,0.0,1.0
44.0,511.0,2,900.0,2.0,1.0,55.0,0.0,0.0,0.0,1.0
80.0,686.0,3,1230.0,3.0,3.0,54.0,0.0,0.0,1.0,0.0
80.0,621.0,3,1378.0,2.0,3.0,42.33,0.0,0.0,0.0,1.0
80.0,1257.0,2,1277.0,2.0,1.0,61.3,0.0,0.0,0.0,1.0
80.0,573.0,3,1985.0,4.0,2.0,189.0,0.0,0.0,1.0,0.0
80.0,1034.0,5,8000.0,5.0,1.0,500.0,0.0,0.0,1.0,0.0
80.0,137.0,2,1210.0,2.0,2.0,62.0,1.0,0.0,0.0,0.0
80.0,489.0,2,890.0,2.0,1.0,40.0,0.0,0.0,0.0,1.0
80.0,511.0,9,2550.0,9.0,0.0,360.0,0.0,0.0,0.0,1.0
80.0,229.0,4,1200.0,5.0,2.0,110.0,0.0,0.0,1.0,0.0
80.0,1035.0,4,3198.0,4.0,3.0,200.0,0.0,0.0,0.0,1.0
80.0,415.0,3,1464.0,3.0,2.0,56.0,0.0,0.0,0.0,1.0
80.0,856.0,4,2483.0,5.0,2.0,215.0,0.0,0.0,0.0,1.0
80.0,982.0,4,1550.0,4.0,2.0,130.0,0.0,0.0,0.0,1.0
34.0,534.0,4,4111.0,4.0,1.0,310.0,0.0,0.0,0.0,1.0
80.0,344.0,2,975.0,2.0,2.0,37.5,0.0,0.0,1.0,0.0
80.0,723.0,3,2500.0,3.0,1.0,250.0,0.0,1.0,0.0,0.0
80.0,354.0,3,1690.0,3.0,1.0,125.0,1.0,0.0,0.0,0.0
34.0,806.0,2,1063.0,2.0,1.0,31.89,0.0,0.0,0.0,1.0
80.0,267.0,3,2572.0,3.0,3.0,390.0,0.0,0.0,0.0,1.0
80.0,797.0,3,2200.0,4.0,1.0,350.0,0.0,0.0,0.0,1.0
80.0,829.0,3,1600.0,3.0,0.0,80.0,1.0,0.0,0.0,0.0
34.0,1248.0,3,1250.0,3.0,1.0,39.5,0.0,0.0,0.0,1.0
80.0,1021.0,1,520.0,1.0,0.0,19.5,0.0,0.0,0.0,1.0
28.0,720.0,4,4000.0,5.0,1.0,212.0,0.0,0.0,0.0,1.0
80.0,1035.0,3,1390.0,3.0,2.0,68.0,0.0,0.0,0.0,1.0
80.0,534.0,2,1185.0,2.0,2.0,40.0,0.0,0.0,0.0,1.0
80.0,713.0,2,1219.0,2.0,2.0,48.0,1.0,0.0,0.0,0.0
80.0,317.0,3,1564.0,2.0,1.0,92.0,0.0,0.0,1.0,0.0
80.0,986.0,4,3430.0,6.0,0.0,228.5,1.0,0.0,0.0,0.0
45.0,520.0,2,1100.0,2.0,2.0,37.1,0.0,0.0,0.0,1.0
34.0,802.0,3,1300.0,2.0,0.0,60.0,0.0,0.0,1.0,0.0
80.0,1055.0,3,1600.0,2.0,0.0,80.0,0.0,0.0,0.0,1.0
80.0,476.0,3,1600.0,3.0,2.0,75.0,0.0,0.0,1.0,0.0
80.0,686.0,3,1482.0,2.0,1.0,92.0,0.0,0.0,0.0,1.0
80.0,692.0,3,1000.0,4.0,3.0,66.0,0.0,0.0,1.0,0.0
80.0,845.0,2,1200.0,2.0,3.0,53.0,1.0,0.0,0.0,0.0
40.0,797.0,3,600.0,3.0,2.0,75.0,0.0,0.0,0.0,1.0
76.0,656.0,2,1200.0,2.0,0.0,58.0,0.0,0.0,0.0,1.0
40.0,420.0,6,600.0,4.0,0.0,60.0,0.0,0.0,0.0,1.0
80.0,186.0,3,2400.0,3.0,0.0,160.0,0.0,0.0,0.0,1.0
80.0,668.0,3,1469.0,3.0,1.0,89.0,1.0,0.0,0.0,0.0
80.0,476.0,1,551.0,1.0,1.0,30.0,0.0,0.0,0.0,1.0
80.0,78.0,2,1160.0,2.0,1.0,52.0,0.0,0.0,0.0,1.0
80.0,426.0,2,1205.0,2.0,1.0,78.5,0.0,0.0,0.0,1.0
80.0,667.0,3,1550.0,2.0,3.0,52.0,0.0,0.0,0.0,1.0
80.0,703.0,3,1745.0,3.0,2.0,125.0,0.0,0.0,0.0,1.0
80.0,643.0,2,1028.0,2.0,1.0,42.0,1.0,0.0,0.0,0.0
80.0,986.0,3,1700.0,3.0,1.0,180.0,0.0,0.0,1.0,0.0
80.0,677.0,3,1200.0,2.0,1.0,34.0,0.0,0.0,0.0,1.0
80.0,417.0,3,2700.0,4.0,1.0,270.0,0.0,0.0,0.0,1.0
80.0,834.0,2,1100.0,2.0,2.0,50.0,0.0,0.0,0.0,1.0
80.0,779.0,2,1200.0,3.0,1.0,72.0,0.0,0.0,1.0,0.0
80.0,813.0,2,1269.72,2.0,2.0,68.0,0.0,0.0,0.0,1.0
34.0,1137.0,2,1266.0,2.0,2.0,59.0,0.0,0.0,0.0,1.0
80.0,150.0,2,1060.0,2.0,1.0,62.0,0.0,0.0,0.0,1.0
80.0,547.0,3,1168.0,3.0,0.0,70.0,0.0,0.0,0.0,1.0
80.0,675.0,2,1552.0,2.0,1.0,51.0,0.0,0.0,1.0,0.0
80.0,1006.0,3,2038.5,3.0,0.0,120.0,0.0,0.0,0.0,1.0
80.0,420.0,1,500.0,1.0,1.0,17.0,1.0,0.0,0.0,0.0
80.0,878.0,2,1080.0,2.0,2.0,43.2,0.0,0.0,1.0,0.0
80.0,507.0,4,2100.0,4.0,1.0,155.0,1.0,0.0,0.0,0.0
80.0,531.0,2,1300.0,2.0,2.0,65.0,0.0,0.0,0.0,1.0
80.0,439.0,2,920.0,2.0,2.0,33.0,0.0,0.0,0.0,1.0
28.0,968.0,4,817.0,2.0,1.0,120.0,0.0,0.0,0.0,1.0
80.0,1235.0,2,1310.0,2.0,1.0,50.0,0.0,0.0,0.0,1.0
80.0,706.0,3,1650.0,2.0,1.0,75.0,0.0,0.0,0.0,1.0
80.0,221.0,3,1515.0,3.0,3.0,93.93,0.0,0.0,0.0,1.0
40.0,529.0,2,1157.0,2.0,1.0,53.8,1.0,0.0,0.0,0.0
80.0,960.0,4,2400.0,5.0,1.0,85.0,0.0,0.0,0.0,1.0
80.0,610.0,4,3000.0,4.0,3.0,160.0,0.0,0.0,0.0,1.0
80.0,1257.0,3,2200.0,2.0,1.0,162.0,1.0,0.0,0.0,0.0
80.0,1035.0,2,1243.0,2.0,1.0,58.0,0.0,0.0,0.0,1.0
27.0,417.0,3,1530.0,2.0,2.0,74.39,0.0,0.0,0.0,1.0
34.0,119.0,3,2070.0,3.0,3.0,162.0,0.0,0.0,0.0,1.0
80.0,520.0,3,1815.0,3.0,2.0,82.0,0.0,0.0,0.0,1.0
40.0,265.0,4,3900.0,4.0,3.0,300.0,0.0,0.0,0.0,1.0
80.0,1257.0,2,1000.0,2.0,1.0,28.88,0.0,0.0,0.0,1.0
80.0,214.0,2,982.0,2.0,2.0,24.55,1.0,0.0,0.0,0.0
80.0,266.0,2,1232.0,2.0,2.0,89.0,0.0,0.0,0.0,1.0
80.0,41.0,3,1282.0,3.0,2.0,178.0,0.0,0.0,1.0,0.0
80.0,1129.0,1,654.0,1.0,1.0,38.4,0.0,0.0,0.0,1.0
80.0,521.0,2,1181.0,2.0,0.0,55.0,1.0,0.0,0.0,0.0
80.0,727.0,3,1075.0,2.0,1.0,45.0,0.0,0.0,1.0,0.0
52.0,1248.0,4,1200.0,4.0,2.0,245.0,0.0,0.0,0.0,1.0
80.0,1248.0,3,1616.0,3.0,1.0,75.0,0.0,0.0,0.0,1.0
80.0,905.0,5,1800.0,6.0,0.0,44.5,1.0,0.0,0.0,0.0
80.0,1248.0,6,1200.0,4.0,1.0,135.0,0.0,0.0,0.0,1.0
80.0,70.0,3,1306.0,3.0,2.0,54.65,0.0,0.0,0.0,1.0
80.0,1248.0,3,1626.0,3.0,3.0,89.0,0.0,0.0,1.0,0.0
80.0,662.0,6,2700.0,4.0,2.0,214.0,0.0,0.0,0.0,1.0
80.0,1276.0,3,1585.0,3.0,2.0,88.0,0.0,0.0,0.0,1.0
80.0,98.0,2,1370.0,2.0,1.0,56.17,0.0,0.0,1.0,0.0
80.0,213.0,5,3250.0,5.0,3.0,900.0,0.0,0.0,1.0,0.0
80.0,892.0,2,1495.0,2.0,2.0,90.0,0.0,0.0,0.0,1.0
80.0,692.0,3,2000.0,3.0,2.0,210.0,1.0,0.0,0.0,0.0
80.0,633.0,5,2400.0,4.0,1.0,300.0,0.0,0.0,0.0,1.0
63.0,1248.0,3,1375.0,3.0,0.0,57.0,0.0,0.0,0.0,1.0
80.0,512.0,4,3715.0,6.0,0.0,224.5,0.0,0.0,1.0,0.0
80.0,1257.0,3,1400.0,2.0,2.0,48.0,0.0,0.0,0.0,1.0
80.0,511.0,5,1100.0,5.0,0.0,135.0,0.0,0.0,0.0,1.0
80.0,637.0,1,665.0,2.0,1.0,28.585,0.0,0.0,0.0,1.0
80.0,393.0,4,1200.0,4.0,2.0,215.0,0.0,0.0,0.0,1.0
80.0,1200.0,2,1150.0,2.0,2.0,46.0,1.0,0.0,0.0,0.0
80.0,270.0,2,1080.0,2.0,1.0,54.0,0.0,0.0,1.0,0.0
28.0,573.0,3,1645.0,3.0,2.0,100.0,0.0,0.0,0.0,1.0
80.0,772.0,3,1760.0,3.0,3.0,176.0,1.0,0.0,0.0,0.0
28.0,550.0,1,595.0,1.0,1.0,42.0,1.0,0.0,0.0,0.0
80.0,983.0,3,1200.0,3.0,1.0,125.0,0.0,0.0,1.0,0.0
80.0,1035.0,4,4624.5,4.0,0.0,314.5,0.0,0.0,0.0,1.0
80.0,75.0,2,1410.0,2.0,3.0,67.0,1.0,0.0,0.0,0.0
80.0,232.0,2,1090.0,2.0,1.0,31.48,0.0,0.0,0.0,1.0
80.0,675.0,1,540.0,1.0,0.0,30.0,1.0,0.0,0.0,0.0
80.0,1172.0,2,1300.0,2.0,2.0,60.0,1.0,0.0,0.0,0.0
80.0,673.0,3,1890.0,2.0,2.0,85.0,0.0,0.0,0.0,1.0
80.0,1006.0,2,1254.0,2.0,1.0,53.0,1.0,0.0,0.0,0.0
26.0,910.0,7,2800.0,7.0,2.0,125.0,0.0,0.0,0.0,1.0
28.0,302.0,2,1275.0,2.0,1.0,120.0,0.0,0.0,0.0,1.0
80.0,797.0,3,1245.0,2.0,2.0,68.48,0.0,0.0,0.0,1.0
80.0,482.0,2,1170.0,2.0,2.0,86.0,1.0,0.0,0.0,0.0
80.0,420.0,2,1193.0,2.0,1.0,86.0,0.0,0.0,0.0,1.0
35.0,1248.0,2,850.0,2.0,1.0,25.4,0.0,0.0,0.0,1.0
80.0,123.0,3,1678.0,3.0,3.0,70.0,0.0,0.0,1.0,0.0
80.0,1081.0,3,1600.0,3.0,3.0,75.0,0.0,0.0,1.0,0.0
80.0,487.0,3,1750.0,3.0,2.0,84.0,1.0,0.0,0.0,0.0
80.0,944.0,2,1125.0,2.0,2.0,62.0,0.0,0.0,1.0,0.0
80.0,1237.0,4,2200.0,4.0,3.0,235.0,1.0,0.0,0.0,0.0
80.0,1018.0,3,16145.85,3.0,1.0,95.0,1.0,0.0,0.0,0.0
28.0,417.0,3,2800.0,2.0,0.0,200.0,1.0,0.0,0.0,0.0
80.0,137.0,2,1200.0,2.0,1.0,120.0,0.0,0.0,0.0,1.0
80.0,668.0,2,1000.0,2.0,1.0,50.0,1.0,0.0,0.0,0.0
80.0,1175.0,4,2780.0,5.0,2.0,480.0,1.0,0.0,0.0,0.0
80.0,266.0,3,1320.0,2.0,1.0,38.13,0.0,0.0,0.0,1.0
80.0,1144.0,4,2422.0,4.0,2.0,160.0,0.0,0.0,0.0,1.0
80.0,275.0,2,1100.0,2.0,1.0,50.0,0.0,0.0,0.0,1.0
80.0,1248.0,2,882.0,2.0,1.0,30.0,1.0,0.0,0.0,0.0
80.0,43.0,2,845.0,2.0,1.0,37.0,1.0,0.0,0.0,0.0
80.0,252.0,2,883.0,2.0,1.0,39.0,0.0,0.0,0.0,1.0
80.0,334.0,1,776.5,2.0,1.0,48.145,0.0,0.0,0.0,1.0
80.0,1057.0,3,1595.0,3.0,3.0,88.0,0.0,0.0,0.0,1.0
80.0,507.0,2,1280.0,2.0,0.0,85.0,0.0,0.0,0.0,1.0
80.0,124.0,4,1700.0,2.0,1.0,550.0,0.0,0.0,0.0,1.0
80.0,607.0,2,920.0,2.0,0.0,35.0,1.0,0.0,0.0,0.0
80.0,1034.0,2,1300.0,2.0,3.0,57.0,0.0,0.0,0.0,1.0
80.0,631.0,2,1450.0,1.0,0.0,230.0,0.0,0.0,1.0,0.0
29.0,413.0,3,1757.0,3.0,2.0,132.0,0.0,0.0,0.0,1.0
80.0,72.0,1,600.0,1.0,1.0,16.5,0.0,0.0,0.0,1.0
80.0,573.0,4,2400.0,3.0,2.0,142.0,1.0,0.0,0.0,0.0
80.0,214.0,2,1240.0,2.0,1.0,44.0,0.0,0.0,0.0,1.0
28.0,1248.0,10,750.0,10.0,1.0,90.0,0.0,0.0,1.0,0.0
80.0,737.0,2,1330.0,2.0,1.0,93.36,0.0,0.0,0.0,1.0
80.0,652.0,2,1062.0,2.0,1.0,42.47,0.0,0.0,0.0,1.0
45.0,534.0,2,1078.0,2.0,2.0,45.0,0.0,0.0,0.0,1.0
80.0,1208.0,3,1460.0,2.0,2.0,72.0,0.0,0.0,1.0,0.0
80.0,937.0,3,1200.0,3.0,2.0,68.5,0.0,0.0,1.0,0.0
38.0,834.0,1,1200.0,1.0,1.0,48.0,0.0,0.0,0.0,1.0
80.0,1035.0,3,912.0,2.0,1.0,39.0,1.0,0.0,0.0,0.0
80.0,1035.0,3,1535.0397790000002,3.0,1.0,115.0,0.0,0.0,0.0,1.0
28.0,213.0,5,2400.0,5.0,1.0,625.0,1.0,0.0,0.0,0.0
80.0,400.0,4,2028.0,4.0,3.0,162.0,0.0,0.0,0.0,1.0
80.0,520.0,2,980.0,2.0,1.0,45.47,0.0,0.0,0.0,1.0
80.0,1029.0,2,1000.0,2.0,2.0,40.0,1.0,0.0,0.0,0.0
80.0,1049.0,2,1050.0,2.0,1.0,62.0,0.0,0.0,0.0,1.0
80.0,1164.0,3,2611.0,3.0,1.0,239.0,0.0,0.0,0.0,1.0
80.0,60.0,3,1875.0,2.0,2.0,150.0,1.0,0.0,0.0,0.0
80.0,1248.0,2,1065.0,2.0,1.0,42.6,0.0,0.0,1.0,0.0
80.0,1155.0,3,1800.0,3.0,2.0,180.0,0.0,0.0,0.0,1.0
80.0,1110.0,2,1163.0,2.0,2.0,98.86,0.0,0.0,1.0,0.0
80.0,1257.0,2,1098.0,2.0,1.0,72.0,0.0,0.0,0.0,1.0
80.0,1149.0,3,1725.0,2.0,2.0,100.0,0.0,0.0,0.0,1.0
80.0,986.0,4,4000.0,4.0,2.0,330.0,1.0,0.0,0.0,0.0
80.0,511.0,2,1128.0,2.0,2.0,75.0,1.0,0.0,0.0,0.0
80.0,626.0,8,1320.0,6.0,2.0,200.0,0.0,0.0,0.0,1.0
34.0,511.0,3,1705.0,3.0,1.0,74.16,0.0,0.0,0.0,1.0
40.0,265.0,2,1418.0,2.0,2.0,95.0,0.0,0.0,0.0,1.0
80.0,393.0,3,1500.0,3.0,1.0,160.0,0.0,0.0,0.0,1.0
80.0,1248.0,2,1100.0,2.0,2.0,50.0,0.0,0.0,0.0,1.0
80.0,17.0,3,1464.0,3.0,2.0,56.0,0.0,0.0,1.0,0.0
80.0,634.0,2,812.0,2.0,2.0,55.0,0.0,0.0,1.0,0.0
80.0,200.0,4,2817.5,2.0,1.0,204.0,0.0,0.0,1.0,0.0
34.0,891.0,2,1280.0,2.0,2.0,40.0,0.0,0.0,0.0,1.0
80.0,61.0,2,1420.0,2.0,2.0,136.0,0.0,0.0,0.0,1.0
80.0,487.0,11,1200.0,11.0,0.0,170.0,0.0,0.0,0.0,1.0
80.0,561.0,6,727.0,6.0,2.0,66.0,0.0,0.0,0.0,1.0
79.0,556.0,4,1200.0,2.0,1.0,150.0,0.0,0.0,1.0,0.0
80.0,594.0,4,2774.0,4.0,1.0,207.0,0.0,1.0,0.0,0.0
80.0,171.0,3,2000.0,3.0,2.0,85.0,1.0,0.0,0.0,0.0
80.0,604.0,3,1722.0,3.0,1.0,95.0,1.0,0.0,0.0,0.0
45.0,520.0,3,2800.0,3.0,1.0,330.0,0.0,0.0,0.0,1.0
16.0,729.0,2,3817.0,2.0,1.0,124.0,0.0,0.0,0.0,1.0
80.0,1220.0,3,1650.0,3.0,3.0,175.0,0.0,0.0,0.0,1.0
80.0,206.0,2,840.0,2.0,2.0,27.0,0.0,0.0,0.0,1.0
80.0,701.0,2,914.0,2.0,2.0,47.0,0.0,0.0,0.0,1.0
80.0,1134.0,3,1482.0,2.0,2.0,83.73,0.0,0.0,1.0,0.0
80.0,604.0,3,1724.0,3.0,2.0,127.0,0.0,0.0,0.0,1.0
80.0,900.0,3,1670.0,3.0,3.0,91.86,0.0,0.0,0.0,1.0
27.0,417.0,2,1184.0,2.0,3.0,53.0,1.0,0.0,0.0,0.0
80.0,415.0,2,1200.0,2.0,1.0,55.0,1.0,0.0,0.0,0.0
80.0,275.0,2,1200.0,2.0,0.0,65.0,0.0,0.0,1.0,0.0
80.0,70.0,2,927.0,2.0,2.0,55.0,0.0,0.0,0.0,1.0
80.0,1248.0,2,1242.0,2.0,3.0,39.7,0.0,0.0,0.0,1.0
80.0,1258.0,3,1220.0,3.0,1.0,35.23,0.0,0.0,0.0,1.0
80.0,516.0,3,1360.0,2.0,1.0,75.0,0.0,0.0,0.0,1.0
80.0,282.0,4,2800.0,4.0,2.0,240.0,0.0,0.0,0.0,1.0
26.0,1009.0,2,1180.0,2.0,2.0,72.0,0.0,0.0,1.0,0.0
80.0,1198.0,3,1697.0,3.0,2.0,108.0,0.0,0.0,0.0,1.0
80.0,335.0,2,550.0,2.0,1.0,26.0,1.0,0.0,0.0,0.0
80.0,573.0,2,1225.0,2.0,1.0,57.0,0.0,0.0,0.0,1.0
80.0,492.0,3,1690.0,2.0,2.0,55.0,0.0,0.0,0.0,1.0
69.0,662.0,10,1660.0,10.0,1.0,475.0,0.0,0.0,0.0,1.0
80.0,1248.0,3,1488.0,3.0,1.0,57.0,1.0,0.0,0.0,0.0
80.0,811.0,3,1250.0,2.0,1.0,80.0,0.0,0.0,1.0,0.0
29.0,531.0,1,1050.0,1.0,1.0,44.0,0.0,0.0,0.0,1.0
80.0,1134.0,2,1027.0,2.0,2.0,44.0,0.0,0.0,1.0,0.0
80.0,96.0,3,1699.0,3.0,3.0,81.94,0.0,0.0,0.0,1.0
80.0,290.0,2,1205.0,2.0,2.0,58.0,1.0,0.0,0.0,0.0
80.0,413.0,4,712.0,2.0,1.0,67.5,0.0,0.0,0.0,1.0
80.0,1045.0,2,950.0,2.0,3.0,39.0,0.0,0.0,0.0,1.0
80.0,324.0,2,1200.0,2.0,0.0,70.0,1.0,0.0,0.0,0.0
80.0,662.0,3,1476.0,3.0,1.0,120.0,0.0,0.0,0.0,1.0
80.0,711.0,2,1070.0,2.0,1.0,55.0,0.0,0.0,0.0,1.0
80.0,1034.0,3,2160.0,4.0,2.0,172.0,1.0,0.0,0.0,0.0
80.0,415.0,2,1296.0,2.0,1.0,75.0,0.0,0.0,0.0,1.0
80.0,587.0,2,1800.0,1.0,1.0,128.0,1.0,0.0,0.0,0.0
80.0,117.0,3,1570.0,3.0,3.0,64.5,0.0,0.0,1.0,0.0
80.0,400.0,2,1300.0,2.0,3.0,110.0,0.0,0.0,0.0,1.0
23.0,179.0,4,1550.0,2.0,2.0,65.0,0.0,0.0,0.0,1.0
34.0,268.0,2,770.0,1.0,1.0,40.0,0.0,0.0,0.0,1.0
80.0,686.0,3,1870.0,3.0,1.0,110.0,0.0,0.0,0.0,1.0
80.0,41.0,3,1650.0,4.0,1.0,160.0,0.0,0.0,1.0,0.0
80.0,1034.0,3,1429.0,3.0,3.0,86.0,0.0,0.0,1.0,0.0
80.0,845.0,3,1167.0,2.0,2.0,39.98,0.0,0.0,0.0,1.0
80.0,504.0,2,1035.0,2.0,1.0,41.73,0.0,0.0,0.0,1.0
40.0,528.0,3,1188.0,2.0,2.0,38.0,0.0,0.0,0.0,1.0
80.0,1070.0,5,1200.0,4.0,2.0,285.0,0.0,0.0,1.0,0.0
80.0,637.0,3,14166.0,3.0,1.0,76.0,0.0,0.0,0.0,1.0
80.0,512.0,1,884.0,2.0,2.0,36.0,0.0,0.0,1.0,0.0
28.0,891.0,2,1194.0,2.0,2.0,46.0,0.0,0.0,0.0,1.0
80.0,1111.0,2,1026.0,2.0,1.0,60.87,0.0,0.0,0.0,1.0
80.0,534.0,7,1400.0,6.0,3.0,200.0,0.0,0.0,1.0,0.0
80.0,300.0,2,1115.0,2.0,2.0,50.0,0.0,0.0,0.0,1.0
16.0,192.0,2,1200.0,2.0,1.0,125.0,0.0,0.0,1.0,0.0
80.0,885.0,4,2690.0,4.0,3.0,191.0,0.0,0.0,0.0,1.0
80.0,1035.0,2,975.0,2.0,1.0,58.0,0.0,0.0,0.0,1.0
80.0,1248.0,3,675.0,3.0,2.0,72.5,0.0,0.0,0.0,1.0
80.0,903.0,4,1900.0,2.0,1.0,170.0,0.0,0.0,0.0,1.0
80.0,662.0,3,600.0,3.0,1.0,100.0,0.0,1.0,0.0,0.0
80.0,892.0,2,1101.0,2.0,2.0,65.5,0.0,0.0,0.0,1.0
80.0,573.0,3,1700.0,3.0,3.0,135.0,1.0,0.0,0.0,0.0
44.0,511.0,4,3606.0,4.0,2.0,312.0,0.0,0.0,0.0,1.0
54.0,180.0,2,1258.0,2.0,2.0,115.0,0.0,0.0,0.0,1.0
36.0,520.0,3,1560.0,3.0,1.0,92.0,0.0,0.0,0.0,1.0
80.0,1006.0,4,3630.0,6.0,1.0,195.0,0.0,0.0,0.0,1.0
80.0,968.0,3,2000.0,3.0,2.0,250.0,0.0,0.0,0.0,1.0
80.0,547.0,4,2790.0,4.0,3.0,198.0,0.0,0.0,0.0,1.0
80.0,838.0,3,1494.0,2.0,2.0,94.55,1.0,0.0,0.0,0.0
80.0,54.0,3,1482.0,2.0,1.0,87.0,0.0,0.0,0.0,1.0
80.0,547.0,2,800.0,2.0,3.0,50.0,0.0,0.0,0.0,1.0
80.0,206.0,2,1185.0,2.0,2.0,47.39,0.0,0.0,0.0,1.0
80.0,533.0,2,1100.0,2.0,2.0,71.5,1.0,0.0,0.0,0.0
80.0,233.0,2,1300.0,2.0,0.0,120.0,0.0,0.0,0.0,1.0
44.0,1257.0,2,1225.0,2.0,2.0,150.0,0.0,0.0,0.0,1.0
80.0,140.0,3,1758.0,3.0,2.0,65.0,1.0,0.0,0.0,0.0
80.0,1035.0,2,1145.0,2.0,2.0,55.0,0.0,0.0,0.0,1.0
28.0,748.0,2,1180.0,2.0,2.0,50.0,0.0,0.0,0.0,1.0
80.0,426.0,2,1260.0,2.0,2.0,58.0,1.0,0.0,0.0,0.0
26.0,221.0,4,3461.0,2.0,1.0,173.0,0.0,0.0,0.0,1.0
80.0,646.0,2,1190.0,2.0,2.0,55.0,0.0,0.0,1.0,0.0
52.0,400.0,3,1691.0,3.0,2.0,119.0,0.0,0.0,0.0,1.0
80.0,1213.0,4,3675.0,4.0,3.0,367.0,0.0,0.0,1.0,0.0
80.0,705.0,3,1305.0,3.0,1.0,95.45,0.0,0.0,0.0,1.0
80.0,855.0,3,2337.0,4.0,3.0,292.0,0.0,0.0,0.0,1.0
80.0,645.0,2,1200.0,2.0,2.0,150.0,0.0,0.0,1.0,0.0
27.0,329.0,2,1206.0,2.0,1.0,217.0,0.0,0.0,0.0,1.0
80.0,692.0,5,1350.0,4.0,1.0,130.0,1.0,0.0,0.0,0.0
80.0,588.0,2,1140.0,2.0,1.0,50.66,0.0,0.0,0.0,1.0
80.0,1134.0,2,1250.0,2.0,2.0,65.0,1.0,0.0,0.0,0.0
80.0,756.0,3,600.0,2.0,1.0,60.0,0.0,0.0,1.0,0.0
80.0,124.0,2,1225.0,2.0,2.0,48.0,0.0,0.0,0.0,1.0
80.0,1256.0,2,800.0,2.0,2.0,28.0,1.0,0.0,0.0,0.0
80.0,44.0,2,1020.0,2.0,1.0,58.0,1.0,0.0,0.0,0.0
80.0,426.0,4,2100.0,2.0,1.0,50.0,1.0,0.0,0.0,0.0
80.0,668.0,2,1350.0,2.0,1.0,80.0,0.0,0.0,1.0,0.0
80.0,753.0,2,925.0,2.0,1.0,40.0,0.0,0.0,0.0,1.0
80.0,1263.0,4,1800.0,3.0,1.0,220.0,0.0,0.0,1.0,0.0
80.0,464.0,3,2000.0,3.0,1.0,100.0,0.0,0.0,1.0,0.0
80.0,1134.0,3,1510.0,2.0,1.0,75.0,0.0,0.0,1.0,0.0
80.0,270.0,5,5800.0,7.0,1.0,1200.0,1.0,0.0,0.0,0.0
80.0,885.0,3,1614.0,3.0,1.0,110.0,0.0,0.0,0.0,1.0
80.0,70.0,3,682.0,2.0,1.0,130.0,1.0,0.0,0.0,0.0
31.0,213.0,2,1200.0,2.0,0.0,95.0,0.0,0.0,0.0,1.0
80.0,797.0,2,900.0,2.0,0.0,55.0,0.0,0.0,0.0,1.0
80.0,1045.0,4,1632.0,3.0,0.0,145.0,0.0,0.0,0.0,1.0
80.0,214.0,2,1041.0,2.0,2.0,65.5,0.0,0.0,0.0,1.0
80.0,1021.0,6,5080.0,7.0,1.0,450.0,0.0,0.0,1.0,0.0
80.0,542.0,4,3012.0,6.0,2.0,250.0,0.0,0.0,0.0,1.0
80.0,877.0,3,1530.0,3.0,2.0,74.5,1.0,0.0,0.0,0.0
80.0,381.0,3,1450.0,2.0,2.0,135.0,0.0,0.0,0.0,1.0
34.0,891.0,2,1200.0,2.0,2.0,75.0,0.0,0.0,0.0,1.0
80.0,507.0,4,1200.0,4.0,1.0,130.0,0.0,0.0,0.0,1.0
40.0,892.0,3,1508.0,2.0,1.0,110.0,0.0,0.0,0.0,1.0
80.0,426.0,7,600.0,7.0,3.0,106.0,0.0,0.0,0.0,1.0
32.0,688.0,2,1188.0,2.0,3.0,73.0,0.0,0.0,0.0,1.0
35.0,686.0,4,2690.0,4.0,3.0,199.0,0.0,0.0,0.0,1.0
80.0,542.0,2,1174.0,2.0,1.0,76.0,0.0,0.0,0.0,1.0
80.0,230.0,3,1350.0,3.0,1.0,58.99,0.0,0.0,0.0,1.0
80.0,851.0,3,1870.0,3.0,3.0,185.0,1.0,0.0,0.0,0.0
80.0,533.0,2,1072.0,2.0,1.0,25.0,0.0,0.0,0.0,1.0
80.0,70.0,2,726.0,2.0,1.0,31.0,0.0,0.0,0.0,1.0
80.0,1238.0,2,1345.0,2.0,2.0,106.0,0.0,0.0,0.0,1.0
80.0,1248.0,2,1200.0,2.0,2.0,45.0,0.0,0.0,1.0,0.0
80.0,533.0,2,980.0,2.0,0.0,37.0,0.0,0.0,1.0,0.0
80.0,35.0,2,1050.0,2.0,1.0,77.0,0.0,0.0,0.0,1.0
80.0,1034.0,2,993.0,2.0,1.0,39.71,0.0,0.0,0.0,1.0
80.0,400.0,3,1300.0,2.0,2.0,52.0,1.0,0.0,0.0,0.0
31.0,417.0,3,1743.0,3.0,2.0,85.0,0.0,0.0,0.0,1.0
80.0,797.0,4,1204.0,4.0,1.0,125.0,0.0,0.0,0.0,1.0
80.0,415.0,2,1200.0,2.0,0.0,67.0,0.0,0.0,0.0,1.0
80.0,527.0,3,1480.0,3.0,2.0,90.0,0.0,0.0,1.0,0.0
80.0,506.0,2,950.0,2.0,2.0,32.5,0.0,0.0,1.0,0.0
80.0,217.0,1,640.0,1.0,0.0,55.0,1.0,0.0,0.0,0.0
80.0,1004.0,2,972.0,2.0,1.0,44.0,1.0,0.0,0.0,0.0
80.0,388.0,3,1840.0,3.0,3.0,98.0,0.0,0.0,0.0,1.0
80.0,175.0,2,1128.0,2.0,1.0,64.0,0.0,0.0,0.0,1.0
45.0,520.0,2,680.0,2.0,0.0,42.0,1.0,0.0,0.0,0.0
36.0,308.0,2,2400.0,2.0,1.0,95.0,0.0,0.0,0.0,1.0
80.0,604.0,2,1045.0,2.0,2.0,42.0,0.0,0.0,0.0,1.0
32.0,269.0,2,955.0,2.0,3.0,53.55,0.0,0.0,0.0,1.0
80.0,1144.0,3,1360.0,2.0,2.0,54.39,0.0,0.0,0.0,1.0
80.0,1175.0,2,1150.0,2.0,2.0,63.0,0.0,0.0,0.0,1.0
80.0,513.0,4,3450.0,4.0,3.0,294.0,0.0,0.0,1.0,0.0
80.0,1111.0,2,1115.0,2.0,2.0,56.87,1.0,0.0,0.0,0.0
80.0,653.0,2,920.0,2.0,2.0,46.0,0.0,0.0,0.0,1.0
80.0,1035.0,2,1030.0,2.0,1.0,41.0,0.0,0.0,0.0,1.0
80.0,1138.0,3,1564.0,3.0,1.0,101.0,1.0,0.0,0.0,0.0
80.0,467.0,2,1045.0,2.0,1.0,45.0,0.0,0.0,0.0,1.0
19.0,533.0,4,1200.0,4.0,1.0,83.0,0.0,0.0,1.0,0.0
80.0,1257.0,2,1277.0,2.0,2.0,55.0,1.0,0.0,0.0,0.0
80.0,972.0,3,2479.13,3.0,1.0,215.0,0.0,0.0,0.0,1.0
45.0,837.0,3,1846.0,3.0,2.0,140.0,1.0,0.0,0.0,0.0
80.0,662.0,2,1100.0,2.0,0.0,106.0,0.0,0.0,0.0,1.0
80.0,91.0,3,1690.0,3.0,1.0,75.0,0.0,0.0,0.0,1.0
80.0,230.0,2,1200.0,3.0,0.0,70.0,0.0,0.0,0.0,1.0
80.0,1063.0,4,3042.0,4.0,0.0,131.0,0.0,0.0,0.0,1.0
80.0,326.0,3,1640.0,3.0,3.0,223.0,0.0,0.0,1.0,0.0
80.0,635.0,2,1068.0,2.0,1.0,40.05,0.0,0.0,0.0,1.0
80.0,713.0,2,1135.0,2.0,2.0,58.0,0.0,0.0,1.0,0.0
33.0,683.0,3,1925.0,3.0,2.0,120.0,0.0,0.0,0.0,1.0
80.0,65.0,3,1615.0,3.0,2.0,60.0,1.0,0.0,0.0,0.0
26.0,723.0,1,650.0,1.0,1.0,26.0,0.0,0.0,0.0,1.0
80.0,1164.0,9,1200.0,9.0,3.0,120.0,0.0,0.0,0.0,1.0
80.0,166.0,2,1150.0,2.0,3.0,42.0,0.0,0.0,1.0,0.0
80.0,140.0,6,930.0,6.0,1.0,135.0,1.0,0.0,0.0,0.0
80.0,1186.0,3,1410.0,2.0,2.0,45.12,0.0,0.0,1.0,0.0
34.0,711.0,3,600.0,2.0,0.0,100.0,0.0,0.0,0.0,1.0
80.0,662.0,3,2000.0,3.0,3.0,207.0,1.0,0.0,0.0,0.0
80.0,431.0,3,1354.0,3.0,1.0,90.0,0.0,0.0,0.0,1.0
80.0,279.0,2,1050.0,2.0,0.0,110.0,0.0,0.0,0.0,1.0
80.0,1238.0,1,600.0,1.0,1.0,28.0,0.0,0.0,0.0,1.0
80.0,146.0,4,1320.0,2.0,1.0,110.0,0.0,0.0,0.0,1.0
80.0,624.0,3,1600.0,3.0,2.0,88.0,0.0,0.0,1.0,0.0
26.0,720.0,4,3500.0,6.0,2.0,225.0,0.0,0.0,0.0,1.0
80.0,1100.0,2,1000.0,2.0,1.0,36.0,1.0,0.0,0.0,0.0
80.0,476.0,3,1130.0,3.0,1.0,38.0,0.0,0.0,0.0,1.0
80.0,705.0,2,1238.0,2.0,1.0,67.0,0.0,0.0,0.0,1.0
80.0,656.0,3,2204.0,2.0,3.0,305.0,0.0,0.0,0.0,1.0
28.0,201.0,8,1200.0,12.0,1.0,110.0,0.0,0.0,0.0,1.0
80.0,386.0,3,1364.0,2.0,3.0,46.38,0.0,0.0,0.0,1.0
80.0,60.0,2,900.0,2.0,1.0,45.0,0.0,0.0,0.0,1.0
80.0,1037.0,3,1745.0,3.0,2.0,104.0,0.0,0.0,0.0,1.0
80.0,805.0,2,1200.0,2.0,1.0,53.33,0.0,0.0,0.0,1.0
80.0,547.0,2,1020.0,2.0,1.0,42.83,0.0,0.0,0.0,1.0
80.0,1092.0,3,1650.0,3.0,2.0,118.0,0.0,0.0,0.0,1.0
43.0,662.0,3,1550.0,2.0,3.0,70.0,0.0,0.0,0.0,1.0
80.0,784.0,2,1440.0,2.0,2.0,60.0,0.0,0.0,0.0,1.0
80.0,528.0,3,1329.0,2.0,2.0,45.95,0.0,0.0,0.0,1.0
80.0,1137.0,2,916.0,2.0,1.0,42.0,0.0,0.0,0.0,1.0
31.0,250.0,1,688.0,1.0,2.0,50.0,0.0,0.0,0.0,1.0
80.0,968.0,3,1358.0,3.0,3.0,50.0,0.0,0.0,0.0,1.0
80.0,58.0,2,1331.0,2.0,1.0,107.0,0.0,0.0,0.0,1.0
80.0,511.0,1,686.0,1.0,1.0,62.5,1.0,0.0,0.0,0.0
28.0,1035.0,2,1050.0,2.0,2.0,50.0,0.0,0.0,1.0,0.0
28.0,1165.0,3,2106.0,3.0,2.0,126.0,0.0,0.0,0.0,1.0
80.0,850.0,3,1718.0,3.0,2.0,90.2,0.0,0.0,0.0,1.0
80.0,1021.0,3,1530.0,3.0,2.0,57.0,0.0,0.0,0.0,1.0
80.0,173.0,2,1206.0,2.0,2.0,56.0,0.0,0.0,1.0,0.0
80.0,527.0,2,1075.0,2.0,3.0,52.0,0.0,0.0,1.0,0.0
80.0,588.0,3,1200.0,3.0,1.0,95.0,0.0,0.0,1.0,0.0
80.0,1035.0,3,1936.0,2.0,2.0,54.21,0.0,0.0,0.0,1.0
80.0,998.0,4,2172.65,3.0,3.0,120.0,1.0,0.0,0.0,0.0
80.0,290.0,3,1100.0,2.0,2.0,75.0,0.0,0.0,0.0,1.0
80.0,300.0,3,1260.0,5.0,1.0,185.0,0.0,0.0,1.0,0.0
80.0,770.0,8,990.0,12.0,0.0,120.0,0.0,0.0,1.0,0.0
80.0,192.0,3,800.0,2.0,1.0,80.0,0.0,0.0,0.0,1.0
80.0,1256.0,2,1117.0,2.0,3.0,29.99,0.0,0.0,0.0,1.0
80.0,1175.0,3,1685.0,2.0,1.0,110.0,1.0,0.0,0.0,0.0
80.0,520.0,2,740.0,2.0,1.0,37.0,0.0,0.0,0.0,1.0
80.0,587.0,4,1080.0,4.0,2.0,250.0,1.0,0.0,0.0,0.0
80.0,743.0,4,1500.0,2.0,2.0,93.0,0.0,0.0,0.0,1.0
34.0,417.0,3,1800.0,3.0,2.0,115.0,0.0,0.0,0.0,1.0
80.0,1089.0,3,1700.0,3.0,2.0,130.0,1.0,0.0,0.0,0.0
56.0,1218.0,2,850.0,2.0,2.0,37.93,0.0,0.0,0.0,1.0
80.0,223.0,3,1891.0,3.0,1.0,139.0,0.0,0.0,1.0,0.0
80.0,332.0,2,1400.0,1.0,1.0,80.0,1.0,0.0,0.0,0.0
48.0,124.0,2,1172.0,2.0,2.0,82.0,0.0,0.0,0.0,1.0
31.0,35.0,3,1400.0,2.0,2.0,40.43,0.0,0.0,0.0,1.0
40.0,656.0,2,896.0,2.0,1.0,43.75,0.0,0.0,0.0,1.0
24.0,234.0,2,1180.0,2.0,2.0,65.0,0.0,0.0,0.0,1.0
32.0,119.0,7,2460.0,7.0,1.0,350.0,0.0,0.0,0.0,1.0
80.0,912.0,2,850.0,2.0,1.0,33.0,1.0,0.0,0.0,0.0
80.0,1096.0,1,530.0,1.0,1.0,18.0,1.0,0.0,0.0,0.0
80.0,784.0,3,1550.0,3.0,3.0,110.0,0.0,0.0,0.0,1.0
80.0,504.0,3,1699.0,3.0,3.0,97.0,0.0,0.0,0.0,1.0
80.0,1050.0,4,2025.0,4.0,3.0,109.0,0.0,0.0,1.0,0.0
80.0,84.0,1,500.0,2.0,2.0,14.0,0.0,0.0,0.0,1.0
80.0,755.0,1,500.0,1.0,0.0,20.0,0.0,0.0,0.0,1.0
80.0,464.0,2,1146.0,2.0,1.0,38.5,0.0,0.0,0.0,1.0
80.0,278.0,3,2475.0,4.0,3.0,332.0,0.0,0.0,0.0,1.0
80.0,512.0,2,1455.0,2.0,1.0,145.0,0.0,0.0,0.0,1.0
80.0,583.0,2,800.0,1.0,0.0,50.0,0.0,0.0,0.0,1.0
80.0,668.0,1,765.0,2.0,2.0,30.0,0.0,0.0,0.0,1.0
80.0,112.0,3,1521.0,3.0,1.0,94.99,1.0,0.0,0.0,0.0
80.0,677.0,3,1600.0,2.0,2.0,55.0,0.0,0.0,0.0,1.0
80.0,268.0,3,3155.0,4.0,2.0,370.0,0.0,0.0,0.0,1.0
80.0,677.0,3,2900.0,4.0,1.0,240.0,1.0,0.0,0.0,0.0
80.0,415.0,3,1765.0,3.0,3.0,105.0,0.0,0.0,0.0,1.0
80.0,771.0,3,1980.0,3.0,2.0,88.0,1.0,0.0,0.0,0.0
80.0,58.0,3,1900.0,3.0,1.0,135.0,0.0,0.0,0.0,1.0
80.0,1263.0,2,1265.0,2.0,3.0,70.0,0.0,0.0,1.0,0.0
80.0,393.0,2,1034.0,2.0,3.0,40.0,0.0,0.0,0.0,1.0
80.0,234.0,2,1012.0,2.0,1.0,59.0,0.0,0.0,0.0,1.0
80.0,206.0,2,1070.0,2.0,1.0,54.0,1.0,0.0,0.0,0.0
80.0,834.0,4,3555.0,4.0,1.0,230.0,0.0,0.0,0.0,1.0
80.0,1263.0,3,1270.0,2.0,2.0,70.0,0.0,0.0,0.0,1.0
80.0,652.0,2,585.0,1.0,0.0,70.0,0.0,0.0,0.0,1.0
80.0,504.0,3,2045.0,4.0,3.0,154.0,0.0,0.0,0.0,1.0
80.0,1149.0,3,1490.0,2.0,2.0,98.0,0.0,0.0,0.0,1.0
31.0,983.0,7,6150.0,6.0,1.0,830.0,0.0,0.0,0.0,1.0
80.0,1082.0,2,883.0,2.0,1.0,40.0,1.0,0.0,0.0,0.0
43.0,662.0,1,671.0,1.0,1.0,36.85,0.0,0.0,0.0,1.0
80.0,257.0,2,1156.0,2.0,2.0,32.0,0.0,0.0,1.0,0.0
80.0,276.0,3,2017.0,3.0,2.0,125.0,0.0,0.0,0.0,1.0
27.0,290.0,4,3122.0,6.0,2.0,235.0,0.0,0.0,0.0,1.0
80.0,224.0,3,1635.0,3.0,1.0,62.0,0.0,0.0,0.0,1.0
40.0,265.0,7,4400.0,9.0,1.0,120.0,0.0,0.0,0.0,1.0
80.0,1074.0,2,1296.0,2.0,1.0,89.0,0.0,0.0,1.0,0.0
80.0,797.0,6,2400.0,4.0,2.0,280.0,1.0,0.0,0.0,0.0
80.0,415.0,2,1139.0,2.0,2.0,62.0,0.0,0.0,0.0,1.0
80.0,986.0,2,1230.0,3.0,2.0,47.0,0.0,0.0,0.0,1.0
80.0,420.0,1,581.91,2.0,1.0,25.0,0.0,0.0,0.0,1.0
80.0,472.0,2,1245.0,2.0,1.0,86.28,1.0,0.0,0.0,0.0
80.0,96.0,3,1158.0,2.0,2.0,85.0,0.0,0.0,0.0,1.0
80.0,532.0,4,3951.0,4.0,2.0,220.0,0.0,0.0,0.0,1.0
80.0,70.0,2,550.0,1.0,1.0,15.0,1.0,0.0,0.0,0.0
80.0,520.0,1,360.0,1.0,1.0,26.0,0.0,0.0,0.0,1.0
80.0,636.0,3,1350.0,3.0,1.0,55.0,0.0,0.0,0.0,1.0
28.0,415.0,3,1670.0,3.0,2.0,120.0,1.0,0.0,0.0,0.0
80.0,504.0,3,1600.0,2.0,2.0,65.0,0.0,0.0,0.0,1.0
80.0,70.0,2,1307.0,2.0,2.0,51.6,0.0,0.0,0.0,1.0
80.0,944.0,3,1050.0,2.0,1.0,57.0,0.0,0.0,0.0,1.0
15.0,641.0,3,1703.0,3.0,1.0,101.0,0.0,0.0,0.0,1.0
80.0,662.0,3,1210.0,2.0,1.0,58.0,0.0,0.0,0.0,1.0
80.0,28.0,2,1025.0,2.0,1.0,29.6,1.0,0.0,0.0,0.0
80.0,1072.0,2,1140.0,2.0,2.0,43.0,0.0,0.0,0.0,1.0
80.0,1263.0,3,1343.0,2.0,2.0,56.41,0.0,0.0,0.0,1.0
80.0,540.0,3,1560.0,3.0,2.0,85.0,0.0,0.0,0.0,1.0
72.0,75.0,2,925.0,2.0,2.0,51.0,0.0,0.0,0.0,1.0
80.0,39.0,3,1420.0,2.0,2.0,75.0,0.0,0.0,0.0,1.0
52.0,582.0,2,1415.0,2.0,3.0,110.0,0.0,0.0,0.0,1.0
80.0,770.0,2,1210.0,2.0,2.0,60.0,0.0,0.0,1.0,0.0
80.0,910.0,3,1852.0,3.0,2.0,160.0,0.0,0.0,0.0,1.0
80.0,108.0,3,1250.0,3.0,2.0,50.0,0.0,0.0,0.0,1.0
80.0,234.0,2,1100.0,2.0,1.0,65.0,1.0,0.0,0.0,0.0
80.0,561.0,2,1150.0,2.0,1.0,40.25,0.0,0.0,0.0,1.0
80.0,487.0,2,1100.0,2.0,1.0,53.35,0.0,0.0,1.0,0.0
80.0,275.0,2,1350.0,1.0,0.0,100.0,0.0,0.0,0.0,1.0
80.0,151.0,3,1546.0,3.0,2.0,99.0,1.0,0.0,0.0,0.0
27.0,770.0,2,1424.0,2.0,2.0,90.0,0.0,0.0,0.0,1.0
80.0,1102.0,3,1398.0,3.0,1.0,68.0,0.0,0.0,1.0,0.0
80.0,1261.0,3,1650.0,3.0,2.0,200.0,1.0,0.0,0.0,0.0
80.0,959.0,4,1200.0,4.0,0.0,120.0,0.0,0.0,0.0,1.0
80.0,1034.0,3,1476.0,3.0,2.0,105.0,1.0,0.0,0.0,0.0
80.0,106.0,2,500.0,2.0,1.0,70.0,1.0,0.0,0.0,0.0
80.0,1144.0,3,1322.0,2.0,2.0,58.82,0.0,0.0,0.0,1.0
80.0,797.0,2,432.0,2.0,1.0,40.0,0.0,0.0,0.0,1.0
80.0,452.0,2,1100.0,2.0,2.0,55.0,0.0,0.0,1.0,0.0
80.0,1155.0,4,4750.0,5.0,1.0,600.0,1.0,0.0,0.0,0.0
80.0,214.0,3,1285.0,2.0,2.0,68.0,0.0,0.0,0.0,1.0
80.0,212.0,2,1150.0,2.0,2.0,80.0,0.0,0.0,1.0,0.0
63.0,662.0,3,1430.0,2.0,2.0,56.0,0.0,0.0,0.0,1.0
43.0,662.0,3,1350.0,2.0,2.0,62.0,0.0,0.0,0.0,1.0
80.0,1044.0,3,1350.0,3.0,3.0,195.0,0.0,0.0,0.0,1.0
80.0,986.0,2,1185.0,2.0,2.0,65.0,1.0,0.0,0.0,0.0
80.0,317.0,3,1760.0,3.0,2.0,67.0,0.0,0.0,1.0,0.0
80.0,173.0,4,2400.0,5.0,2.0,350.0,0.0,1.0,0.0,0.0
80.0,1263.0,2,900.0,2.0,1.0,41.0,0.0,0.0,0.0,1.0
30.0,415.0,2,1297.0,2.0,1.0,105.0,0.0,0.0,0.0,1.0
80.0,417.0,3,1840.0,3.0,2.0,155.0,0.0,0.0,0.0,1.0
40.0,1248.0,2,950.0,2.0,1.0,50.79,0.0,0.0,0.0,1.0
28.0,119.0,5,1200.0,4.0,1.0,70.0,0.0,0.0,0.0,1.0
80.0,711.0,2,950.0,2.0,1.0,52.0,0.0,0.0,0.0,1.0
26.0,1248.0,2,1277.5,2.0,0.0,95.815,0.0,0.0,0.0,1.0
80.0,737.0,3,1571.0,3.0,2.0,89.0,0.0,0.0,1.0,0.0
31.0,534.0,2,1031.0,2.0,1.0,55.0,0.0,0.0,0.0,1.0
80.0,221.0,2,1485.0,2.0,1.0,90.0,0.0,0.0,0.0,1.0
26.0,417.0,2,1109.0,2.0,1.0,60.0,0.0,0.0,0.0,1.0
80.0,212.0,3,2200.0,3.0,2.0,180.0,0.0,0.0,1.0,0.0
32.0,75.0,1,950.0,1.0,1.0,50.0,0.0,0.0,0.0,1.0
80.0,547.0,3,1200.0,2.0,0.0,150.0,0.0,0.0,0.0,1.0
80.0,206.0,2,1161.0,2.0,1.0,55.15,0.0,0.0,0.0,1.0
80.0,275.0,3,2350.0,3.0,3.0,300.0,0.0,0.0,1.0,0.0
80.0,986.0,2,1003.0,2.0,1.0,40.6,0.0,0.0,1.0,0.0
80.0,1104.0,2,1350.0,2.0,1.0,185.0,1.0,0.0,0.0,0.0
80.0,29.0,2,1080.0,2.0,2.0,37.0,0.0,0.0,0.0,1.0
27.0,269.0,2,1255.0,2.0,2.0,73.0,1.0,0.0,0.0,0.0
80.0,714.0,2,1250.0,2.0,0.0,60.0,0.0,0.0,1.0,0.0
80.0,1175.0,4,1700.0,4.0,1.0,152.0,0.0,0.0,0.0,1.0
80.0,637.0,3,1200.0,2.0,0.0,66.0,0.0,0.0,0.0,1.0
28.0,415.0,2,824.0,2.0,0.0,60.0,0.0,0.0,0.0,1.0
80.0,713.0,3,1875.0,3.0,1.0,167.0,0.0,0.0,0.0,1.0
80.0,797.0,3,1320.0,2.0,1.0,38.12,0.0,0.0,0.0,1.0
27.0,403.0,5,9600.0,5.0,2.0,550.0,0.0,0.0,0.0,1.0
80.0,892.0,3,1330.0,2.0,1.0,47.0,0.0,0.0,1.0,0.0
75.0,528.0,3,1220.0,3.0,2.0,56.0,0.0,0.0,0.0,1.0
80.0,504.0,3,1111.0,3.0,1.0,50.0,0.0,0.0,1.0,0.0
80.0,720.0,2,1197.0,2.0,1.0,47.88,0.0,0.0,0.0,1.0
80.0,70.0,4,2519.0,5.0,2.0,185.0,0.0,0.0,0.0,1.0
80.0,382.0,3,1340.0,2.0,1.0,100.0,0.0,0.0,0.0,1.0
80.0,1040.0,4,1450.0,3.0,3.0,132.0,1.0,0.0,0.0,0.0
80.0,662.0,3,1837.0,3.0,3.0,145.0,0.0,0.0,0.0,1.0
80.0,800.0,4,1200.0,4.0,1.0,245.0,0.0,0.0,1.0,0.0
80.0,1186.0,2,1238.0,2.0,3.0,55.0,0.0,0.0,0.0,1.0
80.0,797.0,3,1405.0,2.0,2.0,59.01,0.0,0.0,0.0,1.0
80.0,417.0,4,1690.0,3.0,2.0,80.0,0.0,0.0,0.0,1.0
80.0,1111.0,3,1620.0,2.0,1.0,110.0,0.0,0.0,0.0,1.0
52.0,662.0,3,1673.0,3.0,2.0,115.0,0.0,0.0,0.0,1.0
80.0,662.0,2,1090.0,2.0,0.0,58.0,0.0,0.0,0.0,1.0
45.0,534.0,2,1112.0,2.0,2.0,40.0,0.0,0.0,0.0,1.0
80.0,688.0,3,1385.0,2.0,2.0,66.65,0.0,0.0,0.0,1.0
80.0,725.0,2,545.0,1.0,1.0,27.0,0.0,0.0,1.0,0.0
80.0,203.0,2,985.0,2.0,1.0,58.0,1.0,0.0,0.0,0.0
80.0,554.0,1,825.0,1.0,0.0,36.29,1.0,0.0,0.0,0.0
80.0,985.0,2,1080.0,2.0,1.0,37.8,0.0,0.0,1.0,0.0
80.0,784.0,2,1430.0,2.0,1.0,97.52,0.0,0.0,0.0,1.0
80.0,743.0,2,1050.0,2.0,2.0,43.0,0.0,0.0,0.0,1.0
80.0,1134.0,4,2000.0,4.0,1.0,139.0,0.0,0.0,1.0,0.0
80.0,937.0,4,4800.0,4.0,3.0,190.0,0.0,0.0,0.0,1.0
80.0,507.0,3,1533.0,3.0,2.0,115.0,0.0,0.0,0.0,1.0
80.0,1142.0,4,2800.0,3.0,2.0,500.0,1.0,0.0,0.0,0.0
31.0,213.0,3,2610.0,3.0,1.0,399.0,0.0,0.0,0.0,1.0
80.0,1248.0,3,1750.0,3.0,2.0,150.0,0.0,0.0,0.0,1.0
80.0,304.0,3,1200.0,2.0,0.0,66.0,0.0,0.0,0.0,1.0
80.0,75.0,2,1352.0,2.0,2.0,87.5,1.0,0.0,0.0,0.0
80.0,1248.0,3,1754.0,3.0,2.0,125.0,0.0,0.0,1.0,0.0
80.0,651.0,3,1560.0,3.0,2.0,85.0,1.0,0.0,0.0,0.0
80.0,582.0,4,3012.0,6.0,2.0,268.0,0.0,0.0,0.0,1.0
80.0,531.0,4,3584.0,4.0,1.0,199.0,0.0,0.0,0.0,1.0
40.0,214.0,3,1470.0,2.0,1.0,90.0,0.0,0.0,0.0,1.0
80.0,492.0,2,1035.0,2.0,1.0,45.0,0.0,0.0,0.0,1.0
80.0,27.0,4,2400.0,5.0,1.0,329.0,0.0,0.0,0.0,1.0
80.0,645.0,2,1160.0,2.0,1.0,52.0,0.0,0.0,0.0,1.0
80.0,1280.0,2,1100.0,2.0,2.0,52.0,0.0,0.0,0.0,1.0
32.0,983.0,2,1170.0,2.0,1.0,38.0,0.0,0.0,0.0,1.0
80.0,678.0,1,595.0,1.0,1.0,31.83,0.0,0.0,0.0,1.0
80.0,70.0,3,1650.0,3.0,2.0,110.0,1.0,0.0,0.0,0.0
80.0,924.0,3,1875.0,2.0,3.0,235.0,0.0,0.0,0.0,1.0
28.0,214.0,4,800.0,4.0,1.0,80.0,0.0,0.0,0.0,1.0
80.0,1116.0,3,1375.0,2.0,3.0,48.06,0.0,0.0,0.0,1.0
80.0,150.0,2,1235.0,2.0,1.0,46.8,0.0,0.0,1.0,0.0
80.0,464.0,1,750.0,1.0,2.0,25.0,1.0,0.0,0.0,0.0
80.0,1257.0,3,1400.0,3.0,1.0,115.0,0.0,0.0,0.0,1.0
80.0,1048.0,3,1270.0,2.0,2.0,50.79,0.0,0.0,1.0,0.0
80.0,968.0,2,1105.0,2.0,1.0,51.0,0.0,0.0,1.0,0.0
80.0,1248.0,3,1375.0,2.0,3.0,85.0,0.0,0.0,0.0,1.0
80.0,876.0,4,2168.0,4.0,2.0,95.0,1.0,0.0,0.0,0.0
80.0,435.0,8,1200.0,8.0,3.0,90.0,0.0,0.0,1.0,0.0
31.0,1169.0,2,1065.0,2.0,1.0,40.84,0.0,0.0,0.0,1.0
80.0,415.0,3,3800.0,3.0,0.0,580.0,0.0,0.0,0.0,1.0
80.0,910.0,9,3125.0,9.0,1.0,350.0,0.0,0.0,0.0,1.0
80.0,695.0,1,825.0,1.0,1.0,45.0,0.0,0.0,0.0,1.0
80.0,968.0,2,1095.0,2.0,0.0,40.0,0.0,0.0,0.0,1.0
24.0,903.0,3,720.0,3.0,3.0,65.0,0.0,0.0,0.0,1.0
80.0,101.0,3,1440.0,2.0,2.0,60.33,0.0,0.0,0.0,1.0
80.0,624.0,2,870.0,2.0,1.0,39.5,1.0,0.0,0.0,0.0
80.0,469.0,2,1195.0,2.0,1.0,84.0,0.0,0.0,1.0,0.0
28.0,557.0,2,1200.0,2.0,1.0,49.5,0.0,0.0,0.0,1.0
80.0,845.0,3,1530.0,3.0,3.0,61.2,0.0,0.0,1.0,0.0
63.0,1144.0,3,1708.0,2.0,1.0,90.5,0.0,0.0,0.0,1.0
80.0,714.0,2,975.0,2.0,1.0,43.0,0.0,0.0,1.0,0.0
80.0,819.0,2,750.0,2.0,1.0,25.0,0.0,0.0,0.0,1.0
80.0,635.0,8,1200.0,8.0,2.0,190.0,0.0,0.0,0.0,1.0
80.0,839.0,3,1920.0,3.0,2.0,130.0,0.0,0.0,1.0,0.0
80.0,635.0,6,1200.0,5.0,2.0,240.0,0.0,0.0,0.0,1.0
80.0,124.0,2,1183.0,2.0,1.0,58.56,0.0,0.0,1.0,0.0
80.0,38.0,4,1140.0,4.0,1.0,90.0,0.0,0.0,0.0,1.0
31.0,267.0,3,1550.0,2.0,2.0,65.0,0.0,0.0,0.0,1.0
80.0,937.0,2,1110.0,2.0,3.0,53.0,1.0,0.0,0.0,0.0
80.0,41.0,8,1500.0,10.0,3.0,165.0,0.0,0.0,1.0,0.0
48.0,511.0,2,1105.0,2.0,1.0,38.67,0.0,0.0,0.0,1.0
34.0,1035.0,3,1800.0,3.0,2.0,68.0,0.0,0.0,0.0,1.0
80.0,986.0,5,2800.0,4.0,2.0,200.0,1.0,0.0,0.0,0.0
80.0,875.0,2,1000.0,2.0,2.0,29.9,0.0,0.0,0.0,1.0
80.0,192.0,2,1190.0,2.0,2.0,68.0,1.0,0.0,0.0,0.0
80.0,522.0,4,1350.0,4.0,1.0,200.0,0.0,0.0,0.0,1.0
33.0,1035.0,4,3067.0,4.0,2.0,230.0,0.0,0.0,0.0,1.0
80.0,547.0,3,1929.0,4.0,1.0,103.0,1.0,0.0,0.0,0.0
80.0,1089.0,3,1525.0,3.0,1.0,100.0,0.0,0.0,0.0,1.0
80.0,530.0,3,1775.0,3.0,3.0,110.0,1.0,0.0,0.0,0.0
30.0,415.0,2,1125.0,2.0,1.0,63.0,0.0,0.0,0.0,1.0
80.0,1050.0,2,900.0,2.0,2.0,42.0,0.0,0.0,0.0,1.0
80.0,635.0,2,1155.0,2.0,1.0,58.0,0.0,0.0,0.0,1.0
80.0,755.0,4,1200.0,4.0,0.0,75.0,0.0,0.0,0.0,1.0
80.0,1144.0,2,1268.0,2.0,1.0,73.0,0.0,0.0,0.0,1.0
80.0,230.0,3,1500.0,3.0,2.0,88.0,0.0,0.0,0.0,1.0
80.0,70.0,1,630.0,1.0,1.0,47.0,0.0,0.0,0.0,1.0
80.0,972.0,3,1525.0,3.0,2.0,65.0,0.0,0.0,0.0,1.0
80.0,175.0,2,1060.0,2.0,2.0,48.0,1.0,0.0,0.0,0.0
26.0,221.0,3,1687.0,3.0,3.0,127.0,1.0,0.0,0.0,0.0
80.0,444.0,3,1847.0,3.0,2.0,123.0,1.0,0.0,0.0,0.0
31.0,504.0,3,1410.0,2.0,3.0,53.0,0.0,0.0,0.0,1.0
80.0,136.0,2,1075.0,2.0,1.0,42.99,0.0,0.0,1.0,0.0
52.0,662.0,4,3526.0,4.0,1.0,492.0,0.0,0.0,0.0,1.0
80.0,671.0,3,3000.0,3.0,0.0,338.0,0.0,0.0,0.0,1.0
80.0,753.0,3,1500.0,2.0,1.0,143.0,0.0,0.0,0.0,1.0
80.0,1035.0,2,1010.0,2.0,2.0,46.0,0.0,0.0,0.0,1.0
80.0,688.0,3,1875.0,3.0,3.0,110.0,0.0,0.0,0.0,1.0
80.0,234.0,5,1200.0,6.0,1.0,137.0,0.0,0.0,0.0,1.0
80.0,1172.0,2,983.0,2.0,1.0,50.6,1.0,0.0,0.0,0.0
80.0,897.0,2,1101.0,2.0,2.0,65.0,0.0,0.0,0.0,1.0
80.0,62.0,2,1140.0,2.0,1.0,76.0,1.0,0.0,0.0,0.0
80.0,876.0,2,1215.0,2.0,2.0,110.0,0.0,0.0,1.0,0.0
80.0,584.0,2,1007.0,2.0,3.0,42.0,1.0,0.0,0.0,0.0
80.0,1261.0,3,2039.0,3.0,2.0,168.0,0.0,0.0,0.0,1.0
80.0,635.0,3,1020.0,3.0,2.0,110.0,0.0,0.0,0.0,1.0
34.0,483.0,2,1198.0,2.0,1.0,84.0,0.0,0.0,0.0,1.0
80.0,624.0,4,4000.0,4.0,1.0,520.0,0.0,1.0,0.0,0.0
80.0,415.0,4,1470.0,4.0,2.0,34.5,0.0,0.0,0.0,1.0
80.0,729.0,2,1370.0,2.0,2.0,75.0,0.0,0.0,0.0,1.0
32.0,624.0,2,1316.0,2.0,3.0,55.5,0.0,0.0,0.0,1.0
80.0,1134.0,3,1350.0,3.0,1.0,55.5,0.0,0.0,1.0,0.0
80.0,743.0,2,1050.0,2.0,1.0,43.0,1.0,0.0,0.0,0.0
80.0,127.0,3,1128.76,3.0,0.0,47.405,1.0,0.0,0.0,0.0
80.0,652.0,2,921.0,2.0,1.0,34.0,0.0,0.0,0.0,1.0
80.0,234.0,2,1010.0,2.0,1.0,49.27,0.0,0.0,0.0,1.0
80.0,203.0,2,1015.0,2.0,1.0,43.0,0.0,0.0,1.0,0.0
80.0,784.0,3,1200.0,2.0,0.0,66.5,0.0,0.0,0.0,1.0
80.0,879.0,2,1179.0,2.0,1.0,75.0,0.0,0.0,1.0,0.0
80.0,259.0,4,1850.0,4.0,2.0,86.0,0.0,0.0,1.0,0.0
80.0,38.0,2,870.0,2.0,1.0,24.0,0.0,0.0,0.0,1.0
80.0,986.0,3,1605.0,3.0,2.0,85.0,0.0,0.0,1.0,0.0
80.0,791.0,4,2800.0,4.0,2.0,89.0,0.0,0.0,1.0,0.0
34.0,652.0,3,2475.0,4.0,3.0,320.0,0.0,0.0,1.0,0.0
80.0,669.0,2,3000.0,2.0,0.0,510.0,1.0,0.0,0.0,0.0
80.0,516.0,6,2400.0,7.0,2.0,110.0,0.0,0.0,0.0,1.0
80.0,542.0,2,1000.0,1.0,1.0,55.0,0.0,0.0,0.0,1.0
43.0,662.0,2,1200.0,2.0,0.0,80.0,0.0,0.0,0.0,1.0
35.0,158.0,2,1200.0,2.0,2.0,125.0,0.0,0.0,0.0,1.0
69.0,705.0,2,1200.0,2.0,1.0,66.0,0.0,0.0,0.0,1.0
80.0,507.0,2,1200.0,2.0,2.0,50.0,0.0,0.0,0.0,1.0
80.0,1175.0,2,1255.0,2.0,1.0,57.5,0.0,0.0,0.0,1.0
40.0,892.0,2,1085.0,2.0,2.0,30.38,0.0,0.0,0.0,1.0
80.0,268.0,3,1592.0,3.0,1.0,125.0,1.0,0.0,0.0,0.0
80.0,146.0,2,1313.0,2.0,1.0,58.27,0.0,0.0,0.0,1.0
80.0,848.0,3,1934.0,3.0,2.0,150.0,0.0,0.0,0.0,1.0
80.0,1174.0,2,1200.0,2.0,1.0,49.5,1.0,0.0,0.0,0.0
45.0,520.0,6,3600.0,6.0,2.0,120.0,0.0,0.0,0.0,1.0
80.0,108.0,2,935.0,2.0,1.0,45.0,0.0,0.0,0.0,1.0
80.0,1119.0,2,877.0,2.0,2.0,30.0,0.0,0.0,1.0,0.0
80.0,358.0,2,936.0,2.0,2.0,42.0,0.0,0.0,0.0,1.0
28.0,1035.0,3,1470.0,2.0,2.0,110.0,0.0,0.0,0.0,1.0
80.0,489.0,1,1050.0,1.0,1.0,70.0,0.0,0.0,0.0,1.0
79.0,192.0,2,1232.0,2.0,0.0,69.61,0.0,0.0,1.0,0.0
80.0,892.0,3,2225.0,4.0,2.0,169.0,0.0,0.0,0.0,1.0
80.0,75.0,3,1200.0,2.0,0.0,80.0,1.0,0.0,0.0,0.0
80.0,1086.0,3,1901.0,3.0,2.0,119.0,0.0,0.0,0.0,1.0
80.0,628.0,3,1819.0,3.0,2.0,100.0,0.0,0.0,0.0,1.0
80.0,70.0,3,1464.0,3.0,2.0,56.0,0.0,0.0,0.0,1.0
80.0,1134.0,2,2400.0,2.0,1.0,460.0,0.0,0.0,1.0,0.0
80.0,714.0,4,3715.0,6.0,0.0,200.5,0.0,0.0,0.0,1.0
80.0,65.0,4,5000.0,4.0,3.0,290.0,0.0,0.0,0.0,1.0
80.0,1035.0,4,1200.0,4.0,3.0,169.0,0.0,0.0,0.0,1.0
80.0,604.0,2,1256.0,2.0,1.0,60.0,0.0,0.0,1.0,0.0
80.0,492.0,2,1100.0,2.0,2.0,44.0,0.0,0.0,0.0,1.0
29.0,1172.0,4,4800.0,3.0,3.0,302.0,0.0,0.0,0.0,1.0
27.0,1137.0,3,1435.0,3.0,3.0,70.0,0.0,0.0,0.0,1.0
80.0,426.0,4,3245.0,4.0,1.0,250.0,0.0,0.0,0.0,1.0
80.0,589.0,3,1845.0,4.0,1.0,110.0,1.0,0.0,0.0,0.0
80.0,267.0,3,2400.0,4.0,1.0,130.0,1.0,0.0,0.0,0.0
80.0,755.0,2,1140.0,2.0,2.0,46.0,0.0,0.0,0.0,1.0
80.0,1190.0,2,1200.0,2.0,0.0,60.0,0.0,0.0,0.0,1.0
80.0,1112.0,3,2254.0,3.0,2.0,170.0,1.0,0.0,0.0,0.0
80.0,1080.0,3,1750.0,3.0,2.0,150.0,1.0,0.0,0.0,0.0
80.0,266.0,2,1020.0,2.0,1.0,37.0,0.0,0.0,0.0,1.0
80.0,672.0,1,515.0,1.0,1.0,25.0,0.0,0.0,1.0,0.0
80.0,668.0,3,1893.0,3.0,2.0,140.0,0.0,0.0,0.0,1.0
48.0,1035.0,3,3025.0,3.0,0.0,500.0,0.0,0.0,0.0,1.0
80.0,214.0,2,830.0,2.0,0.0,34.0,0.0,0.0,0.0,1.0
80.0,230.0,2,600.0,2.0,1.0,36.5,0.0,0.0,0.0,1.0
80.0,1186.0,3,1075.0,2.0,1.0,90.0,0.0,0.0,0.0,1.0
80.0,29.0,4,3200.0,4.0,2.0,1200.0,1.0,0.0,0.0,0.0
80.0,713.0,2,1200.0,2.0,1.0,78.0,1.0,0.0,0.0,0.0
80.0,686.0,2,1233.0,2.0,2.0,77.65,0.0,0.0,0.0,1.0
80.0,305.0,2,1255.0,2.0,2.0,65.26,0.0,0.0,0.0,1.0
80.0,1035.0,2,1200.0,2.0,2.0,37.8,0.0,0.0,0.0,1.0
80.0,705.0,3,2145.0,3.0,2.0,175.0,1.0,0.0,0.0,0.0
80.0,1164.0,5,1500.0,5.0,1.0,85.0,0.0,0.0,0.0,1.0
80.0,1111.0,2,740.0,2.0,1.0,34.0,0.0,0.0,0.0,1.0
80.0,485.0,3,1250.0,3.0,3.0,48.0,0.0,0.0,1.0,0.0
33.0,534.0,2,1210.0,2.0,2.0,40.0,0.0,0.0,0.0,1.0
80.0,266.0,3,1525.0,2.0,2.0,60.0,0.0,0.0,0.0,1.0
34.0,850.0,1,540.0,1.0,0.0,36.0,1.0,0.0,0.0,0.0
80.0,1248.0,3,1240.0,2.0,1.0,84.0,0.0,0.0,0.0,1.0
80.0,377.0,3,1245.0,2.0,1.0,68.0,0.0,0.0,0.0,1.0
80.0,1149.0,3,1865.0,3.0,3.0,350.0,0.0,0.0,0.0,1.0
80.0,507.0,2,1104.0,2.0,0.0,36.43,0.0,0.0,0.0,1.0
80.0,26.0,3,1075.0,2.0,1.0,35.99,1.0,0.0,0.0,0.0
80.0,663.0,2,2200.0,2.0,1.0,55.0,1.0,0.0,0.0,0.0
80.0,1248.0,2,1155.0,2.0,1.0,60.0,0.0,0.0,0.0,1.0
80.0,153.0,2,1520.0,2.0,3.0,62.0,1.0,0.0,0.0,0.0
80.0,192.0,4,3122.0,6.0,2.0,245.0,0.0,0.0,0.0,1.0
80.0,784.0,2,1290.0,2.0,1.0,85.0,0.0,0.0,0.0,1.0
80.0,972.0,3,2300.0,3.0,1.0,80.0,0.0,0.0,1.0,0.0
80.0,520.0,4,3000.0,4.0,0.0,200.0,0.0,0.0,0.0,1.0
80.0,892.0,4,3251.97,4.0,1.0,270.0,0.0,0.0,0.0,1.0
80.0,511.0,1,400.0,1.0,0.0,14.0,0.0,0.0,0.0,1.0
80.0,116.0,3,1340.0,2.0,3.0,53.6,1.0,0.0,0.0,0.0
80.0,968.0,2,900.0,2.0,1.0,95.0,1.0,0.0,0.0,0.0
80.0,872.0,6,1800.0,4.0,1.0,324.0,0.0,0.0,0.0,1.0
80.0,221.0,2,987.0,2.0,1.0,49.0,0.0,0.0,0.0,1.0
80.0,676.0,3,1720.0,3.0,2.0,100.0,0.0,0.0,1.0,0.0
26.0,186.0,2,1040.0,2.0,1.0,50.0,0.0,0.0,0.0,1.0
80.0,70.0,2,900.0,2.0,0.0,64.0,0.0,0.0,0.0,1.0
33.0,1021.0,2,1030.0,2.0,1.0,50.0,1.0,0.0,0.0,0.0
80.0,420.0,3,2556.0,3.0,2.0,133.0,1.0,0.0,0.0,0.0
80.0,400.0,3,1850.0,3.0,1.0,168.0,0.0,0.0,0.0,1.0
80.0,971.0,4,750.0,4.0,3.0,110.0,0.0,0.0,1.0,0.0
26.0,1233.0,2,1028.0,2.0,1.0,31.86,0.0,0.0,0.0,1.0
80.0,290.0,2,1270.0,2.0,1.0,83.0,1.0,0.0,0.0,0.0
80.0,1033.0,3,1655.0,3.0,1.0,115.0,0.0,0.0,0.0,1.0
80.0,1238.0,2,940.0,2.0,1.0,40.0,0.0,0.0,0.0,1.0
80.0,1034.0,2,1050.0,2.0,2.0,85.0,0.0,0.0,0.0,1.0
80.0,686.0,4,600.0,4.0,1.0,40.0,0.0,0.0,0.0,1.0
80.0,185.0,2,946.0,2.0,1.0,38.0,0.0,0.0,1.0,0.0
80.0,950.0,3,1726.0,3.0,3.0,145.0,1.0,0.0,0.0,0.0
80.0,1137.0,3,2121.0,4.0,3.0,253.0,0.0,0.0,0.0,1.0
80.0,757.0,2,1404.0,2.0,1.0,75.0,0.0,0.0,0.0,1.0
80.0,713.0,3,1525.0,2.0,2.0,48.0,0.0,0.0,0.0,1.0
80.0,441.0,2,1025.0,2.0,2.0,57.0,0.0,0.0,0.0,1.0
80.0,699.0,5,1575.0,4.0,0.0,150.0,1.0,0.0,0.0,0.0
80.0,944.0,2,860.0,1.0,1.0,43.0,0.0,0.0,0.0,1.0
34.0,192.0,3,1223.0,2.0,1.0,42.81,0.0,0.0,0.0,1.0
80.0,1175.0,4,3750.0,3.0,1.0,550.0,0.0,0.0,0.0,1.0
80.0,968.0,2,1197.0,2.0,1.0,47.8,0.0,0.0,0.0,1.0
31.0,127.0,2,1150.0,2.0,1.0,52.75,0.0,0.0,0.0,1.0
80.0,858.0,4,4800.0,5.0,3.0,629.0,0.0,0.0,0.0,1.0
80.0,108.0,2,1040.0,2.0,2.0,46.0,0.0,0.0,0.0,1.0
80.0,800.0,2,1310.0,2.0,2.0,80.0,0.0,0.0,1.0,0.0
80.0,230.0,3,1788.0,3.0,2.0,98.34,0.0,0.0,0.0,1.0
45.0,668.0,2,1144.0,2.0,2.0,38.55,0.0,0.0,0.0,1.0
80.0,1035.0,2,1070.0,2.0,2.0,39.0,0.0,0.0,0.0,1.0
80.0,1206.0,2,1200.0,2.0,2.0,70.0,0.0,0.0,1.0,0.0
28.0,557.0,3,1862.0,3.0,2.0,120.0,0.0,0.0,0.0,1.0
80.0,27.0,2,1200.0,2.0,1.0,58.5,0.0,0.0,1.0,0.0
28.0,537.0,2,970.0,2.0,2.0,27.0,0.0,0.0,0.0,1.0
80.0,276.0,3,1646.0,3.0,2.0,79.5,0.0,0.0,0.0,1.0
80.0,504.0,4,4395.0,4.0,2.0,242.0,0.0,0.0,0.0,1.0
80.0,918.0,5,1200.0,4.0,1.0,100.0,0.0,0.0,0.0,1.0
80.0,488.0,3,1995.0,3.0,2.0,135.0,1.0,0.0,0.0,0.0
80.0,234.0,4,2400.0,4.0,2.0,450.0,0.0,0.0,0.0,1.0
80.0,65.0,2,1085.0,2.0,1.0,47.74,1.0,0.0,0.0,0.0
80.0,1175.0,2,1139.0,2.0,2.0,56.8,0.0,0.0,0.0,1.0
80.0,217.0,2,1092.0,2.0,2.0,44.0,0.0,0.0,0.0,1.0
80.0,459.0,3,1767.0,3.0,2.0,98.0,0.0,0.0,0.0,1.0
80.0,201.0,3,1700.0,3.0,1.0,80.0,0.0,0.0,1.0,0.0
80.0,633.0,3,1692.0,3.0,2.0,88.0,0.0,0.0,1.0,0.0
80.0,259.0,3,1645.0,3.0,3.0,100.0,0.0,0.0,1.0,0.0
80.0,1149.0,3,1345.0,2.0,1.0,57.0,0.0,0.0,0.0,1.0
80.0,784.0,2,1100.0,2.0,1.0,60.0,0.0,0.0,0.0,1.0
80.0,420.0,3,1408.0,3.0,3.0,62.0,0.0,0.0,1.0,0.0
80.0,1035.0,4,2400.0,4.0,1.0,240.0,0.0,0.0,0.0,1.0
80.0,72.0,4,1920.0,4.0,2.0,200.0,0.0,0.0,1.0,0.0
80.0,156.0,5,6040.0,4.0,1.0,170.0,0.0,0.0,0.0,1.0
62.0,420.0,3,2072.0,4.0,2.0,150.0,0.0,0.0,0.0,1.0
80.0,624.0,2,1420.0,2.0,1.0,158.0,0.0,0.0,0.0,1.0
34.0,534.0,3,2040.0,3.0,2.0,137.0,0.0,0.0,0.0,1.0
80.0,506.0,3,1220.0,3.0,2.0,56.0,0.0,0.0,0.0,1.0
80.0,397.0,4,1200.0,4.0,2.0,145.0,0.0,0.0,0.0,1.0
80.0,845.0,2,1300.0,2.0,1.0,79.0,0.0,0.0,1.0,0.0
80.0,138.0,2,1150.0,2.0,2.0,39.0,0.0,0.0,0.0,1.0
10.0,662.0,2,1470.0,2.0,2.0,86.0,1.0,0.0,0.0,0.0
80.0,1144.0,2,1063.0,2.0,1.0,31.9,0.0,0.0,0.0,1.0
80.0,1212.0,2,1311.0,2.0,2.0,48.0,1.0,0.0,0.0,0.0
80.0,291.0,4,3500.0,4.0,3.0,350.0,1.0,0.0,0.0,0.0
80.0,1049.0,4,600.0,2.0,1.0,100.0,0.0,0.0,0.0,1.0
80.0,1248.0,3,1400.0,2.0,2.0,55.0,0.0,0.0,0.0,1.0
80.0,662.0,2,2200.0,2.0,0.0,62.0,0.0,0.0,0.0,1.0
32.0,72.0,3,1430.0,2.0,2.0,56.0,0.0,0.0,0.0,1.0
80.0,464.0,2,1060.0,2.0,2.0,55.0,0.0,0.0,0.0,1.0
80.0,1183.0,3,1000.0,2.0,0.0,110.0,0.0,0.0,1.0,0.0
80.0,426.0,3,1760.0,3.0,2.0,145.0,0.0,0.0,0.0,1.0
80.0,1080.0,3,2010.0,3.0,3.0,92.0,0.0,0.0,0.0,1.0
80.0,507.0,3,1480.0,2.0,2.0,64.23,0.0,0.0,0.0,1.0
80.0,797.0,3,1230.0,2.0,2.0,43.5,0.0,0.0,0.0,1.0
54.0,186.0,3,1300.0,3.0,3.0,65.0,0.0,0.0,0.0,1.0
80.0,519.0,4,800.0,4.0,0.0,120.0,1.0,0.0,0.0,0.0
80.0,142.0,4,4850.0,6.0,2.0,385.0,1.0,0.0,0.0,0.0
80.0,1263.0,2,1100.0,2.0,1.0,52.0,0.0,0.0,0.0,1.0
80.0,333.0,3,1752.12,3.0,2.0,116.0,0.0,0.0,1.0,0.0
80.0,845.0,2,957.0,2.0,1.0,46.9,0.0,0.0,1.0,0.0
80.0,1175.0,1,790.5,1.0,0.0,41.9,0.0,0.0,0.0,1.0
80.0,1144.0,3,1942.0,3.0,2.0,102.0,0.0,0.0,0.0,1.0
80.0,1258.0,2,1000.0,2.0,2.0,53.0,0.0,0.0,0.0,1.0
80.0,1257.0,1,668.0,1.0,1.0,36.85,0.0,0.0,0.0,1.0
80.0,797.0,5,3000.0,6.0,3.0,1000.0,0.0,0.0,0.0,1.0
80.0,70.0,3,600.0,2.0,1.0,80.0,1.0,0.0,0.0,0.0
80.0,903.0,2,1089.0,2.0,1.0,43.55,0.0,0.0,0.0,1.0
80.0,1157.0,3,1800.0,3.0,3.0,90.0,0.0,0.0,1.0,0.0
80.0,1238.0,1,960.0,2.0,1.0,18.0,0.0,0.0,0.0,1.0
80.0,380.0,2,1036.0,2.0,3.0,39.35,0.0,0.0,0.0,1.0
80.0,968.0,3,1583.0,3.0,3.0,105.0,0.0,0.0,0.0,1.0
80.0,1144.0,4,3300.0,4.0,0.0,150.0,0.0,0.0,0.0,1.0
80.0,1134.0,2,1100.0,2.0,2.0,65.0,1.0,0.0,0.0,0.0
80.0,491.0,1,800.0,1.0,1.0,100.0,0.0,0.0,0.0,1.0
42.0,124.0,2,1246.0,2.0,1.0,65.0,0.0,0.0,1.0,0.0
80.0,1035.0,2,850.0,2.0,3.0,28.0,0.0,0.0,1.0,0.0
80.0,1198.0,2,1196.0,2.0,2.0,51.51,0.0,0.0,0.0,1.0
80.0,544.0,3,1697.0,3.0,2.0,114.0,0.0,0.0,0.0,1.0
80.0,652.0,2,1000.0,2.0,0.0,64.0,0.0,0.0,0.0,1.0
80.0,219.0,3,1567.0,3.0,3.0,90.0,0.0,0.0,1.0,0.0
80.0,247.0,2,1200.0,1.0,1.0,36.0,0.0,0.0,0.0,1.0
80.0,802.0,4,3750.0,6.0,3.0,290.0,0.0,0.0,1.0,0.0
80.0,388.0,2,950.0,2.0,2.0,45.0,0.0,0.0,0.0,1.0
34.0,1013.0,2,1022.0,2.0,2.0,52.0,0.0,0.0,0.0,1.0
80.0,292.0,2,1018.0,2.0,0.0,23.45,1.0,0.0,0.0,0.0
80.0,1248.0,4,2000.0,3.0,2.0,25.0,0.0,0.0,0.0,1.0
80.0,972.0,2,1322.0,2.0,2.0,68.0,0.0,0.0,0.0,1.0
80.0,903.0,4,1800.0,4.0,2.0,145.0,1.0,0.0,0.0,0.0
80.0,984.0,3,1460.0,2.0,2.0,58.39,1.0,0.0,0.0,0.0
80.0,413.0,2,990.0,2.0,1.0,44.55,0.0,0.0,0.0,1.0
80.0,795.0,3,2400.0,3.0,1.0,260.0,0.0,0.0,0.0,1.0
80.0,96.0,3,1635.0,2.0,2.0,85.0,0.0,0.0,0.0,1.0
80.0,426.0,4,3526.0,4.0,1.0,558.0,0.0,0.0,0.0,1.0
27.0,1263.0,4,3400.0,3.0,1.0,210.0,0.0,0.0,0.0,1.0
40.0,1187.0,3,2770.0,3.0,1.0,460.0,0.0,0.0,0.0,1.0
80.0,150.0,4,3035.0,5.0,0.0,200.0,1.0,0.0,0.0,0.0
80.0,417.0,3,1533.0,3.0,2.0,85.0,0.0,0.0,0.0,1.0
80.0,43.0,3,1720.0,3.0,1.0,134.0,0.0,0.0,1.0,0.0
80.0,1144.0,3,2000.0,3.0,1.0,200.0,0.0,0.0,0.0,1.0
80.0,223.0,2,1185.0,2.0,2.0,75.84,0.0,0.0,1.0,0.0
80.0,1175.0,2,900.0,2.0,1.0,27.0,0.0,0.0,0.0,1.0
80.0,516.0,1,395.0,1.0,1.0,10.25,0.0,0.0,0.0,1.0
80.0,968.0,2,1031.0,2.0,1.0,56.35,1.0,0.0,0.0,0.0
80.0,266.0,6,2400.0,8.0,2.0,650.0,1.0,0.0,0.0,0.0
34.0,1248.0,4,2650.0,4.0,2.0,240.0,0.0,0.0,0.0,1.0
80.0,1035.0,5,2400.0,5.0,1.0,415.0,0.0,0.0,0.0,1.0
80.0,230.0,3,1330.0,2.0,2.0,46.55,0.0,0.0,0.0,1.0
29.0,12.0,2,1259.0,2.0,2.0,57.0,0.0,0.0,1.0,0.0
80.0,390.0,3,1570.0,3.0,2.0,88.0,0.0,0.0,0.0,1.0
80.0,507.0,3,1075.0,2.0,1.0,36.0,0.0,0.0,0.0,1.0
29.0,995.0,2,1216.0,2.0,1.0,79.0,0.0,0.0,0.0,1.0
45.0,520.0,3,1428.0,2.0,2.0,66.0,0.0,0.0,0.0,1.0
27.0,1248.0,2,1160.0,2.0,2.0,40.59,0.0,0.0,1.0,0.0
80.0,114.0,3,600.0,2.0,1.0,110.0,1.0,0.0,0.0,0.0
80.0,230.0,3,1475.0,3.0,2.0,70.0,0.0,0.0,0.0,1.0
80.0,920.0,3,1754.0,3.0,2.0,135.0,0.0,0.0,1.0,0.0
80.0,520.0,3,1639.0,3.0,1.0,83.0,1.0,0.0,0.0,0.0
80.0,995.0,3,1804.0,3.0,2.0,102.0,0.0,0.0,1.0,0.0
80.0,960.0,3,1200.0,3.0,2.0,56.2,0.0,0.0,0.0,1.0
80.0,800.0,2,1135.0,2.0,3.0,55.0,0.0,0.0,1.0,0.0
80.0,1257.0,2,1260.0,2.0,2.0,46.62,0.0,0.0,0.0,1.0
80.0,346.0,5,1440.0,5.0,1.0,110.0,0.0,0.0,0.0,1.0
80.0,1218.0,3,2160.0,3.0,2.0,160.0,0.0,0.0,1.0,0.0
26.0,250.0,7,700.0,6.0,1.0,85.0,0.0,0.0,0.0,1.0
80.0,112.0,2,1220.0,2.0,2.0,59.5,1.0,0.0,0.0,0.0
35.0,637.0,2,1200.0,2.0,0.0,67.0,0.0,0.0,0.0,1.0
80.0,1230.0,2,1300.0,2.0,3.0,65.0,0.0,0.0,1.0,0.0
80.0,916.0,1,605.0,1.0,1.0,29.0,0.0,0.0,1.0,0.0
80.0,266.0,6,1230.0,4.0,1.0,210.0,0.0,0.0,0.0,1.0
63.0,662.0,2,1444.0,2.0,1.0,75.97,0.0,0.0,0.0,1.0
80.0,714.0,2,924.0,2.0,1.0,45.0,0.0,0.0,0.0,1.0
80.0,635.0,2,1000.0,2.0,1.0,30.0,0.0,0.0,0.0,1.0
80.0,5.0,4,600.0,4.0,0.0,95.0,0.0,0.0,1.0,0.0
80.0,939.0,3,1200.0,3.0,3.0,225.0,0.0,0.0,0.0,1.0
80.0,1145.0,2,845.0,2.0,1.0,29.0,1.0,0.0,0.0,0.0
80.0,676.0,2,700.0,2.0,1.0,35.0,0.0,0.0,0.0,1.0
80.0,276.0,2,1187.0,2.0,2.0,58.0,0.0,0.0,0.0,1.0
80.0,221.0,3,1625.0,3.0,2.0,55.0,1.0,0.0,0.0,0.0
80.0,662.0,2,1200.0,2.0,2.0,83.0,0.0,0.0,0.0,1.0
80.0,598.0,2,1452.55,2.0,3.0,110.0,0.0,0.0,0.0,1.0
80.0,1085.0,3,2357.0,3.0,2.0,151.0,0.0,0.0,0.0,1.0
34.0,633.0,2,1200.0,2.0,1.0,49.5,0.0,0.0,0.0,1.0
80.0,635.0,2,1139.0,2.0,2.0,56.85,0.0,0.0,0.0,1.0
33.0,1257.0,1,600.0,1.0,0.0,97.5,0.0,0.0,0.0,1.0
40.0,3.0,3,1660.0,3.0,3.0,75.0,0.0,0.0,0.0,1.0
80.0,726.0,2,1170.0,2.0,3.0,105.0,0.0,0.0,1.0,0.0
80.0,1144.0,2,1448.0,2.0,2.0,68.0,0.0,0.0,0.0,1.0
27.0,417.0,3,1762.0,3.0,3.0,110.0,1.0,0.0,0.0,0.0
80.0,547.0,2,1105.0,2.0,1.0,38.65,0.0,0.0,0.0,1.0
80.0,234.0,3,1825.0,3.0,1.0,105.0,0.0,0.0,0.0,1.0
27.0,1034.0,1,296.0,1.0,0.0,22.89,0.0,0.0,0.0,1.0
34.0,892.0,5,1200.0,4.0,1.0,85.0,0.0,0.0,0.0,1.0
80.0,686.0,2,1185.0,2.0,2.0,43.0,0.0,0.0,0.0,1.0
80.0,688.0,3,1320.0,2.0,1.0,38.12,0.0,0.0,1.0,0.0
31.0,1270.0,2,1058.0,2.0,1.0,48.0,0.0,0.0,0.0,1.0
80.0,214.0,2,1220.0,2.0,2.0,60.0,0.0,0.0,0.0,1.0
80.0,472.0,2,925.0,2.0,1.0,25.0,0.0,0.0,0.0,1.0
80.0,504.0,2,1200.0,2.0,1.0,72.0,0.0,0.0,0.0,1.0
77.0,582.0,3,1160.0,2.0,2.0,40.6,0.0,0.0,0.0,1.0
40.0,70.0,3,600.0,4.0,3.0,72.0,0.0,0.0,0.0,1.0
80.0,797.0,3,1411.0,3.0,2.0,91.72,0.0,0.0,0.0,1.0
80.0,635.0,3,1550.0,3.0,2.0,78.0,0.0,0.0,0.0,1.0
80.0,662.0,4,3250.0,4.0,3.0,230.0,0.0,0.0,0.0,1.0
80.0,786.0,3,2475.0,4.0,1.0,130.0,0.0,0.0,0.0,1.0
80.0,537.0,4,3181.0,2.0,1.0,260.5,1.0,0.0,0.0,0.0
80.0,587.0,4,2503.0,4.0,0.0,188.0,0.0,0.0,0.0,1.0
80.0,656.0,4,2524.0,5.0,2.0,190.0,0.0,0.0,0.0,1.0
80.0,528.0,2,1063.0,2.0,2.0,42.0,0.0,0.0,0.0,1.0
80.0,230.0,2,1077.0,2.0,1.0,37.7,1.0,0.0,0.0,0.0
80.0,598.0,2,1200.0,3.0,2.0,44.0,0.0,0.0,0.0,1.0
80.0,850.0,4,1500.0,3.0,2.0,70.0,0.0,0.0,0.0,1.0
80.0,1035.0,2,1045.0,2.0,2.0,76.77,0.0,0.0,0.0,1.0
80.0,113.0,3,1290.0,2.0,3.0,45.15,1.0,0.0,0.0,0.0
80.0,464.0,2,1400.0,2.0,1.0,78.0,0.0,0.0,0.0,1.0
80.0,1144.0,3,1600.0,3.0,2.0,58.14,0.0,0.0,0.0,1.0
80.0,202.0,3,3095.0,3.0,3.0,375.0,0.0,0.0,0.0,1.0
80.0,537.0,3,1545.0,2.0,1.0,58.0,0.0,0.0,1.0,0.0
29.0,700.0,3,1680.0,3.0,1.0,112.0,1.0,0.0,0.0,0.0
80.0,766.0,2,1350.0,2.0,1.0,67.5,0.0,0.0,1.0,0.0
80.0,1144.0,2,950.0,2.0,1.0,38.0,1.0,0.0,0.0,0.0
48.0,230.0,2,1050.0,2.0,2.0,45.0,0.0,0.0,0.0,1.0
80.0,937.0,3,1305.0,2.0,2.0,49.0,0.0,0.0,0.0,1.0
25.0,186.0,4,800.0,4.0,2.0,120.0,0.0,0.0,0.0,1.0
34.0,101.0,5,2700.0,7.0,2.0,125.0,0.0,0.0,0.0,1.0
80.0,70.0,3,1100.0,3.0,1.0,78.0,0.0,0.0,0.0,1.0
33.0,269.0,6,3500.0,5.0,0.0,160.0,0.0,0.0,0.0,1.0
80.0,906.0,3,1634.0,3.0,1.0,83.33,0.0,0.0,0.0,1.0
27.0,968.0,2,1352.0,2.0,2.0,85.0,0.0,0.0,0.0,1.0
31.0,417.0,2,1145.0,2.0,2.0,65.0,0.0,0.0,0.0,1.0
80.0,1263.0,2,1240.0,2.0,1.0,43.79,0.0,0.0,0.0,1.0
80.0,290.0,3,2200.0,3.0,2.0,190.0,1.0,0.0,0.0,0.0
80.0,100.0,2,1020.0,2.0,1.0,39.0,0.0,0.0,0.0,1.0
80.0,904.0,4,3600.0,4.0,1.0,365.0,0.0,0.0,0.0,1.0
80.0,1263.0,2,1168.0,2.0,1.0,61.0,0.0,0.0,0.0,1.0
80.0,528.0,2,1205.0,2.0,1.0,75.0,0.0,0.0,1.0,0.0
80.0,1257.0,2,1195.0,2.0,2.0,100.0,0.0,0.0,0.0,1.0
80.0,797.0,2,1028.0,2.0,1.0,49.0,1.0,0.0,0.0,0.0
80.0,624.0,2,1175.0,2.0,2.0,48.27,1.0,0.0,0.0,0.0
35.0,1248.0,3,1550.0,2.0,2.0,90.0,0.0,0.0,0.0,1.0
80.0,783.0,3,1826.0,3.0,2.0,165.0,1.0,0.0,0.0,0.0
80.0,624.0,5,2400.0,5.0,2.0,160.0,0.0,0.0,0.0,1.0
80.0,97.0,3,1603.0,3.0,2.0,96.0,1.0,0.0,0.0,0.0
80.0,1248.0,3,1350.0,3.0,1.0,72.0,0.0,0.0,0.0,1.0
80.0,1111.0,1,714.0,1.0,1.0,28.0,0.0,0.0,0.0,1.0
80.0,519.0,2,1215.0,2.0,3.0,65.0,1.0,0.0,0.0,0.0
19.0,1144.0,3,1405.0,2.0,2.0,77.0,0.0,0.0,0.0,1.0
80.0,1035.0,2,1142.0,2.0,1.0,51.0,0.0,0.0,0.0,1.0
80.0,240.0,4,4000.0,4.0,3.0,170.0,0.0,0.0,0.0,1.0
34.0,663.0,3,1870.0,3.0,2.0,90.0,0.0,0.0,0.0,1.0
80.0,1035.0,2,1313.0,2.0,2.0,73.0,0.0,0.0,0.0,1.0
80.0,986.0,3,1945.0,3.0,3.0,120.0,0.0,0.0,1.0,0.0
80.0,1238.0,3,1573.0,3.0,2.0,95.0,0.0,0.0,0.0,1.0
36.0,308.0,2,1255.0,2.0,1.0,92.0,0.0,0.0,0.0,1.0
80.0,1149.0,4,1400.0,3.0,2.0,91.15,0.0,0.0,0.0,1.0
80.0,1208.0,2,1235.0,2.0,2.0,43.63,0.0,0.0,0.0,1.0
80.0,0.0,3,1380.0,2.0,1.0,52.0,1.0,0.0,0.0,0.0
80.0,1175.0,7,1500.0,9.0,2.0,250.0,0.0,0.0,0.0,1.0
80.0,668.0,2,1238.0,2.0,1.0,67.0,1.0,0.0,0.0,0.0
80.0,162.0,3,1465.0,2.0,3.0,74.72,0.0,0.0,1.0,0.0
48.0,511.0,2,1418.0,2.0,2.0,103.0,0.0,0.0,0.0,1.0
80.0,810.0,3,1650.0,3.0,1.0,165.0,0.0,0.0,1.0,0.0
80.0,972.0,1,351.0,1.0,1.0,16.0,0.0,0.0,0.0,1.0
27.0,1175.0,2,1279.0,2.0,2.0,48.0,0.0,0.0,0.0,1.0
80.0,823.0,3,1870.0,3.0,1.0,200.0,0.0,0.0,0.0,1.0
80.0,427.0,4,1500.0,5.0,1.0,230.0,1.0,0.0,0.0,0.0
80.0,1248.0,3,2526.0,2.0,2.0,250.0,0.0,0.0,0.0,1.0
80.0,385.0,3,1550.0,2.0,1.0,150.0,0.0,0.0,1.0,0.0
80.0,356.0,4,3539.5,2.0,1.0,424.5,1.0,0.0,0.0,0.0
80.0,528.0,3,1845.0,2.0,1.0,68.27,1.0,0.0,0.0,0.0
31.0,250.0,3,1360.0,2.0,1.0,59.27,0.0,0.0,0.0,1.0
80.0,138.0,3,1150.0,2.0,1.0,75.0,0.0,0.0,0.0,1.0
80.0,719.0,2,1260.0,2.0,2.0,49.5,0.0,0.0,0.0,1.0
80.0,464.0,3,1200.0,3.0,1.0,74.0,0.0,0.0,0.0,1.0
28.0,1248.0,2,965.0,2.0,1.0,42.5,0.0,0.0,0.0,1.0
80.0,783.0,3,1350.0,2.0,3.0,48.0,0.0,0.0,0.0,1.0
80.0,1136.0,2,1447.0,2.0,1.0,75.97,1.0,0.0,0.0,0.0
80.0,781.0,3,1229.0,3.0,1.0,86.03,0.0,0.0,0.0,1.0
80.0,797.0,2,1027.0,2.0,2.0,43.0,0.0,0.0,0.0,1.0
80.0,1093.0,2,1153.0,2.0,1.0,48.5,1.0,0.0,0.0,0.0
80.0,230.0,4,2856.0,5.0,0.0,145.5,0.0,0.0,0.0,1.0
52.0,1186.0,2,1065.0,2.0,2.0,50.0,0.0,0.0,0.0,1.0
34.0,1257.0,2,1030.0,2.0,3.0,61.0,0.0,0.0,0.0,1.0
29.0,1018.0,2,1340.0,2.0,2.0,61.0,0.0,0.0,0.0,1.0
80.0,652.0,4,4000.0,5.0,1.0,212.0,1.0,0.0,0.0,0.0
80.0,70.0,1,600.0,1.0,0.0,32.0,0.0,0.0,0.0,1.0
67.0,1164.0,3,1410.0,2.0,3.0,44.42,0.0,0.0,0.0,1.0
80.0,1089.0,2,1055.0,2.0,2.0,45.35,0.0,0.0,0.0,1.0
80.0,504.0,2,1304.0,2.0,1.0,79.0,0.0,0.0,0.0,1.0
65.0,1164.0,4,2720.0,4.0,1.0,485.0,0.0,0.0,0.0,1.0
40.0,1035.0,2,990.0,2.0,1.0,31.5,0.0,0.0,0.0,1.0
80.0,534.0,2,1035.0,2.0,1.0,39.33,0.0,0.0,0.0,1.0
80.0,73.0,1,700.0,1.0,0.0,30.09,0.0,0.0,0.0,1.0
80.0,1111.0,2,1120.0,2.0,2.0,43.0,0.0,0.0,0.0,1.0
80.0,472.0,2,1300.0,2.0,2.0,73.0,0.0,0.0,0.0,1.0
80.0,1212.0,2,1239.0,2.0,1.0,82.0,0.0,0.0,1.0,0.0
80.0,504.0,3,1403.0,3.0,3.0,51.63,0.0,0.0,0.0,1.0
80.0,254.0,2,1365.0,2.0,1.0,92.0,0.0,0.0,0.0,1.0
80.0,850.0,2,1165.0,2.0,1.0,135.0,0.0,0.0,0.0,1.0
80.0,855.0,3,1130.0,2.0,3.0,45.19,0.0,0.0,0.0,1.0
43.0,663.0,3,1776.42,3.0,2.0,105.0,0.0,0.0,0.0,1.0
80.0,1141.0,4,900.0,4.0,3.0,175.0,1.0,0.0,0.0,0.0
80.0,232.0,2,1194.0,2.0,2.0,47.0,0.0,0.0,0.0,1.0
75.0,528.0,2,1107.0,2.0,2.0,33.0,0.0,0.0,0.0,1.0
80.0,262.0,3,2319.0,3.0,2.0,180.0,0.0,0.0,0.0,1.0
80.0,797.0,3,1520.0,3.0,3.0,80.0,0.0,0.0,0.0,1.0
80.0,662.0,3,1536.0,3.0,1.0,89.0,1.0,0.0,0.0,0.0
80.0,192.0,4,3000.0,4.0,2.0,240.0,0.0,0.0,1.0,0.0
80.0,70.0,2,1050.0,2.0,1.0,38.0,0.0,0.0,0.0,1.0
80.0,639.0,3,1850.0,3.0,2.0,146.0,0.0,0.0,0.0,1.0
80.0,75.0,2,1112.0,2.0,2.0,62.0,1.0,0.0,0.0,0.0
34.0,417.0,3,1535.0,3.0,2.0,72.5,0.0,0.0,0.0,1.0
31.0,140.0,2,1050.0,2.0,1.0,35.0,0.0,0.0,0.0,1.0
80.0,662.0,4,2400.0,3.0,2.0,370.0,0.0,0.0,0.0,1.0
80.0,214.0,3,1250.0,3.0,2.0,65.0,0.0,0.0,0.0,1.0
80.0,1027.0,2,1187.0,2.0,3.0,52.0,0.0,0.0,0.0,1.0
40.0,511.0,2,1164.0,2.0,1.0,56.0,0.0,0.0,0.0,1.0
80.0,113.0,3,1395.0,2.0,1.0,62.78,0.0,0.0,0.0,1.0
80.0,266.0,3,2072.0,3.0,2.0,108.0,0.0,0.0,0.0,1.0
80.0,1042.0,3,1450.0,3.0,3.0,60.91,0.0,0.0,0.0,1.0
34.0,1227.0,3,1550.0,3.0,2.0,82.0,0.0,0.0,0.0,1.0
80.0,635.0,2,1315.0,2.0,2.0,90.0,1.0,0.0,0.0,0.0
80.0,542.0,4,3067.0,4.0,3.0,230.0,1.0,0.0,0.0,0.0
80.0,662.0,2,1210.0,2.0,2.0,72.0,0.0,0.0,0.0,1.0
80.0,968.0,3,1075.0,2.0,1.0,47.0,0.0,0.0,0.0,1.0
80.0,784.0,6,11338.0,9.0,1.0,1000.0,1.0,0.0,0.0,0.0
80.0,721.0,3,1215.0,3.0,1.0,42.2,1.0,0.0,0.0,0.0
80.0,1035.0,3,1470.0,2.0,2.0,75.0,0.0,0.0,0.0,1.0
34.0,983.0,3,1590.0,2.0,2.0,125.0,0.0,0.0,0.0,1.0
80.0,276.0,2,1050.0,2.0,1.0,36.75,1.0,0.0,0.0,0.0
80.0,380.0,2,1306.0,2.0,1.0,55.91,0.0,0.0,0.0,1.0
80.0,228.0,3,2000.0,3.0,2.0,250.0,0.0,0.0,1.0,0.0
80.0,845.0,3,1445.0,3.0,2.0,64.0,0.0,0.0,1.0,0.0
66.0,528.0,3,1220.0,3.0,2.0,58.0,0.0,0.0,0.0,1.0
80.0,214.0,4,3190.0,3.0,1.0,160.0,0.0,0.0,0.0,1.0
80.0,1149.0,2,1215.0,2.0,1.0,51.26,0.0,0.0,0.0,1.0
45.0,1187.0,3,1920.0,2.0,1.0,88.0,0.0,0.0,0.0,1.0
80.0,624.0,2,1390.0,2.0,2.0,60.0,1.0,0.0,0.0,0.0
80.0,981.0,3,800.0,2.0,1.0,75.0,0.0,0.0,0.0,1.0
80.0,124.0,3,600.0,3.0,2.0,100.0,0.0,0.0,0.0,1.0
80.0,1080.0,2,1196.0,2.0,0.0,71.74,0.0,0.0,0.0,1.0
28.0,686.0,3,1550.0,2.0,2.0,75.0,0.0,0.0,0.0,1.0
80.0,1144.0,2,1418.0,2.0,2.0,101.0,0.0,0.0,0.0,1.0
80.0,635.0,3,1655.0,3.0,2.0,115.0,0.0,0.0,0.0,1.0
80.0,797.0,2,1115.0,2.0,2.0,33.45,0.0,0.0,0.0,1.0
80.0,711.0,2,1170.0,2.0,2.0,68.0,0.0,0.0,0.0,1.0
80.0,784.0,2,1035.0,2.0,2.0,38.3,0.0,0.0,1.0,0.0
80.0,60.0,3,1306.0,2.0,2.0,58.0,0.0,0.0,0.0,1.0
65.0,1164.0,2,750.0,2.0,2.0,22.0,0.0,0.0,0.0,1.0
80.0,1034.0,3,1917.0,3.0,3.0,122.0,1.0,0.0,0.0,0.0
80.0,829.0,3,1615.0,3.0,3.0,58.0,0.0,0.0,0.0,1.0
80.0,731.0,2,1071.0,2.0,2.0,52.25,0.0,0.0,1.0,0.0
80.0,701.0,2,1325.0,2.0,2.0,119.0,0.0,0.0,0.0,1.0
80.0,676.0,7,3000.0,4.0,2.0,900.0,1.0,0.0,0.0,0.0
80.0,240.0,3,1400.0,2.0,1.0,88.0,0.0,0.0,0.0,1.0
80.0,533.0,2,1246.0,2.0,1.0,82.0,0.0,0.0,0.0,1.0
80.0,1248.0,2,1215.0,2.0,0.0,40.0,0.0,0.0,0.0,1.0
80.0,537.0,2,1200.0,2.0,2.0,49.5,0.0,0.0,0.0,1.0
80.0,254.0,4,450.0,3.0,1.0,53.0,0.0,0.0,1.0,0.0
80.0,1029.0,2,1200.0,2.0,2.0,60.0,0.0,0.0,1.0,0.0
80.0,1047.0,2,945.0,2.0,2.0,50.0,0.0,0.0,1.0,0.0
80.0,244.0,4,4460.0,5.0,1.0,650.0,1.0,0.0,0.0,0.0
80.0,137.0,2,1175.0,2.0,1.0,52.0,0.0,0.0,0.0,1.0
80.0,1175.0,2,920.0,2.0,1.0,63.0,0.0,0.0,0.0,1.0
80.0,221.0,4,3024.0,5.0,1.0,350.0,0.0,0.0,0.0,1.0
52.0,1248.0,2,1600.0,2.0,2.0,110.0,0.0,0.0,0.0,1.0
80.0,635.0,4,750.0,2.0,0.0,110.0,0.0,0.0,0.0,1.0
80.0,333.0,4,2400.0,4.0,1.0,700.0,0.0,0.0,0.0,1.0
26.0,415.0,2,955.0,1.0,2.0,34.01,0.0,0.0,0.0,1.0
80.0,507.0,3,1750.0,3.0,3.0,100.0,0.0,0.0,0.0,1.0
80.0,714.0,3,1425.0,2.0,2.0,64.0,0.0,0.0,0.0,1.0
80.0,108.0,3,2150.0,3.0,2.0,265.0,0.0,0.0,0.0,1.0
34.0,315.0,2,1165.0,2.0,1.0,40.5,0.0,0.0,1.0,0.0
80.0,390.0,2,1050.0,2.0,2.0,48.0,0.0,0.0,0.0,1.0
28.0,269.0,3,1370.0,2.0,2.0,75.0,1.0,0.0,0.0,0.0
80.0,687.0,3,1374.0,2.0,1.0,72.0,0.0,0.0,1.0,0.0
80.0,300.0,3,1754.0,3.0,2.0,124.0,0.0,0.0,0.0,1.0
80.0,382.0,3,1847.0,3.0,2.0,110.0,0.0,0.0,1.0,0.0
63.0,1144.0,3,1850.0,4.0,3.0,139.0,0.0,0.0,0.0,1.0
69.0,355.0,3,3297.0,3.0,1.0,135.0,0.0,0.0,0.0,1.0
80.0,624.0,2,1187.0,2.0,2.0,45.0,0.0,0.0,0.0,1.0
80.0,1149.0,3,1400.0,2.0,1.0,40.44,0.0,0.0,0.0,1.0
45.0,531.0,3,600.0,2.0,0.0,30.0,0.0,0.0,0.0,1.0
80.0,247.0,2,1350.0,2.0,3.0,180.0,0.0,0.0,0.0,1.0
80.0,1186.0,3,3000.0,2.0,2.0,120.0,0.0,0.0,0.0,1.0
80.0,797.0,1,693.0,1.0,1.0,34.3,0.0,0.0,0.0,1.0
26.0,829.0,3,1980.0,3.0,2.0,224.0,0.0,0.0,0.0,1.0
80.0,686.0,2,1021.0,2.0,1.0,48.0,1.0,0.0,0.0,0.0
80.0,70.0,2,1165.0,2.0,2.0,95.0,0.0,0.0,0.0,1.0
80.0,363.0,3,1756.0,3.0,2.0,92.0,0.0,0.0,0.0,1.0
80.0,140.0,3,1739.0,3.0,1.0,105.0,0.0,0.0,0.0,1.0
80.0,137.0,2,1280.0,2.0,1.0,65.0,0.0,0.0,1.0,0.0
80.0,1035.0,2,1215.0,2.0,2.0,58.86,0.0,0.0,0.0,1.0
80.0,968.0,2,950.0,2.0,1.0,46.5,0.0,0.0,0.0,1.0
80.0,230.0,3,1082.0,2.0,1.0,49.0,0.0,0.0,0.0,1.0
80.0,1248.0,2,1050.0,2.0,1.0,42.0,0.0,0.0,0.0,1.0
80.0,686.0,2,1080.0,2.0,0.0,53.35,0.0,0.0,0.0,1.0
28.0,511.0,2,1100.0,2.0,2.0,55.0,0.0,0.0,0.0,1.0
80.0,995.0,4,3200.0,4.0,1.0,205.0,0.0,0.0,0.0,1.0
80.0,872.0,2,1311.0,2.0,1.0,78.0,0.0,0.0,0.0,1.0
80.0,108.0,3,1608.0,3.0,1.0,67.98,0.0,0.0,0.0,1.0
28.0,1033.0,2,1160.0,2.0,2.0,36.0,0.0,0.0,0.0,1.0
80.0,83.0,2,1170.0,2.0,1.0,71.0,0.0,0.0,0.0,1.0
80.0,983.0,2,1155.0,2.0,2.0,40.6,0.0,0.0,0.0,1.0
80.0,845.0,3,1255.0,2.0,1.0,77.68,0.0,0.0,0.0,1.0
80.0,968.0,2,1065.0,2.0,2.0,44.95,0.0,0.0,0.0,1.0
80.0,374.0,1,674.0,1.0,1.0,21.0,0.0,0.0,0.0,1.0
80.0,968.0,3,1936.0,4.0,2.0,126.0,0.0,0.0,0.0,1.0
80.0,426.0,3,2289.0,3.0,2.0,260.0,1.0,0.0,0.0,0.0
80.0,982.0,2,1100.0,2.0,1.0,38.45,0.0,0.0,0.0,1.0
80.0,624.0,3,2257.0,4.0,2.0,157.0,0.0,0.0,0.0,1.0
80.0,688.0,2,1055.0,2.0,2.0,55.0,0.0,0.0,0.0,1.0
80.0,516.0,3,1530.0,3.0,3.0,51.87,0.0,0.0,0.0,1.0
33.0,573.0,3,1700.0,3.0,1.0,97.0,0.0,0.0,0.0,1.0
28.0,302.0,3,1575.0,2.0,2.0,78.0,0.0,0.0,0.0,1.0
80.0,1257.0,3,3500.0,4.0,2.0,330.0,0.0,0.0,1.0,0.0
80.0,1035.0,2,1263.0,2.0,1.0,93.32,0.0,0.0,0.0,1.0
80.0,1006.0,3,1559.0,3.0,0.0,69.315,0.0,0.0,0.0,1.0
80.0,1191.0,2,1043.0,2.0,2.0,65.0,0.0,0.0,0.0,1.0
80.0,1242.0,2,1255.0,2.0,2.0,53.5,1.0,0.0,0.0,0.0
57.0,72.0,2,1352.5,2.0,0.0,93.865,0.0,0.0,0.0,1.0
80.0,624.0,1,590.0,1.0,0.0,13.57,1.0,0.0,0.0,0.0
80.0,507.0,3,1550.0,3.0,1.0,120.0,0.0,0.0,0.0,1.0
80.0,234.0,3,1220.0,3.0,3.0,56.0,0.0,0.0,0.0,1.0
35.0,1035.0,3,1900.0,3.0,3.0,160.0,0.0,0.0,0.0,1.0
80.0,960.0,3,1360.0,3.0,3.0,55.0,0.0,0.0,0.0,1.0
80.0,904.0,2,1100.0,2.0,1.0,75.0,0.0,0.0,0.0,1.0
80.0,1238.0,3,1455.0,3.0,2.0,73.31,0.0,0.0,0.0,1.0
80.0,1036.0,2,1035.0,2.0,1.0,40.5,1.0,0.0,0.0,0.0
80.0,516.0,2,1152.0,2.0,2.0,69.0,0.0,0.0,0.0,1.0
80.0,800.0,2,1299.0,2.0,2.0,82.0,0.0,0.0,1.0,0.0
80.0,207.0,3,1157.0,2.0,1.0,75.0,1.0,0.0,0.0,0.0
80.0,173.0,2,1050.0,2.0,2.0,52.5,1.0,0.0,0.0,0.0
80.0,1087.0,2,1050.0,2.0,2.0,40.0,1.0,0.0,0.0,0.0
80.0,784.0,2,1246.0,2.0,1.0,67.4,1.0,0.0,0.0,0.0
40.0,186.0,3,1929.0,3.0,2.0,115.0,0.0,0.0,0.0,1.0
80.0,451.0,2,1285.0,2.0,1.0,60.0,0.0,0.0,0.0,1.0
80.0,72.0,3,1200.0,2.0,0.0,65.0,0.0,0.0,0.0,1.0
80.0,329.0,4,3161.0,4.0,3.0,214.0,1.0,0.0,0.0,0.0
80.0,960.0,3,1850.0,3.0,1.0,170.0,0.0,0.0,0.0,1.0
80.0,114.0,3,1025.0,2.0,0.0,37.0,0.0,0.0,1.0,0.0
80.0,96.0,2,1124.0,3.0,2.0,80.0,0.0,0.0,0.0,1.0
28.0,315.0,2,1012.0,2.0,1.0,54.59,0.0,0.0,1.0,0.0
26.0,1248.0,7,4500.0,5.0,3.0,250.0,0.0,0.0,0.0,1.0
80.0,1144.0,2,871.0,2.0,2.0,55.0,0.0,0.0,0.0,1.0
80.0,656.0,2,1020.0,2.0,2.0,40.0,0.0,0.0,0.0,1.0
80.0,1035.0,3,1550.0,3.0,3.0,73.5,0.0,0.0,0.0,1.0
80.0,633.0,3,3515.0,3.0,1.0,420.0,0.0,0.0,1.0,0.0
80.0,187.0,3,1410.0,2.0,2.0,80.0,0.0,0.0,0.0,1.0
80.0,1148.0,4,3500.0,5.0,3.0,150.0,0.0,0.0,1.0,0.0
26.0,797.0,2,1118.0,2.0,1.0,75.0,0.0,0.0,0.0,1.0
80.0,587.0,2,1098.0,2.0,1.0,68.0,0.0,0.0,0.0,1.0
27.0,302.0,2,1130.0,2.0,1.0,45.2,0.0,0.0,0.0,1.0
28.0,511.0,2,1145.0,2.0,2.0,75.0,0.0,1.0,0.0,0.0
63.0,84.0,3,950.0,3.0,1.0,80.0,0.0,0.0,0.0,1.0
80.0,624.0,2,1051.0,2.0,1.0,33.0,1.0,0.0,0.0,0.0
80.0,276.0,7,600.0,7.0,1.0,108.0,0.0,0.0,0.0,1.0
80.0,1134.0,2,1102.0,2.0,2.0,53.67,1.0,0.0,0.0,0.0
80.0,476.0,2,1478.0,2.0,2.0,125.0,0.0,0.0,0.0,1.0
25.0,484.0,1,645.0,1.0,1.0,16.45,1.0,0.0,0.0,0.0
80.0,230.0,2,823.0,2.0,1.0,50.63,0.0,0.0,1.0,0.0
80.0,4.0,2,880.0,2.0,1.0,35.0,0.0,0.0,0.0,1.0
80.0,203.0,4,600.0,5.0,2.0,75.0,0.0,0.0,1.0,0.0
80.0,60.0,3,1991.0,4.0,2.0,100.0,0.0,0.0,0.0,1.0
80.0,1080.0,3,1100.0,3.0,1.0,50.0,0.0,0.0,0.0,1.0
80.0,1021.0,3,1745.0,3.0,2.0,115.0,1.0,0.0,0.0,0.0
80.0,662.0,2,1226.0,3.0,1.0,135.0,0.0,0.0,0.0,1.0
80.0,203.0,3,680.0,4.0,1.0,68.0,0.0,0.0,1.0,0.0
80.0,267.0,2,1100.0,2.0,1.0,70.0,1.0,0.0,0.0,0.0
80.0,635.0,4,1200.0,4.0,3.0,195.0,0.0,0.0,0.0,1.0
80.0,547.0,2,1450.0,2.0,1.0,58.0,0.0,0.0,0.0,1.0
80.0,70.0,4,3366.0,4.0,1.0,120.0,0.0,0.0,1.0,0.0
80.0,1144.0,2,1150.0,2.0,1.0,54.0,0.0,0.0,0.0,1.0
80.0,635.0,3,1843.0,3.0,2.0,95.84,0.0,0.0,0.0,1.0
80.0,604.0,4,2200.0,4.0,2.0,195.0,0.0,0.0,0.0,1.0
80.0,960.0,2,1090.0,3.0,2.0,44.0,0.0,0.0,1.0,0.0
80.0,800.0,2,1132.0,2.0,2.0,42.0,1.0,0.0,0.0,0.0
80.0,492.0,2,1375.0,2.0,2.0,80.0,0.0,0.0,0.0,1.0
80.0,26.0,4,1500.0,5.0,3.0,220.0,0.0,0.0,1.0,0.0
80.0,137.0,1,760.0,1.0,2.0,50.3,0.0,0.0,0.0,1.0
80.0,784.0,2,1180.0,2.0,2.0,65.0,0.0,0.0,0.0,1.0
80.0,173.0,2,918.0,2.0,2.0,45.0,0.0,0.0,0.0,1.0
80.0,65.0,5,600.0,5.0,1.0,50.0,0.0,0.0,0.0,1.0
80.0,547.0,2,1200.0,1.0,0.0,53.0,0.0,0.0,1.0,0.0
80.0,282.0,2,1372.0,2.0,1.0,61.0,0.0,0.0,0.0,1.0
51.0,8.0,7,2400.0,7.0,3.0,355.0,0.0,0.0,0.0,1.0
80.0,662.0,3,1728.0,3.0,2.0,95.0,0.0,0.0,1.0,0.0
80.0,1248.0,3,2215.0,3.0,1.0,275.0,0.0,0.0,0.0,1.0
80.0,834.0,2,1200.0,2.0,2.0,80.0,0.0,0.0,0.0,1.0
80.0,960.0,2,1280.0,2.0,1.0,56.0,0.0,0.0,0.0,1.0
40.0,892.0,4,800.0,4.0,1.0,110.0,0.0,0.0,0.0,1.0
80.0,644.0,3,1455.0,2.0,2.0,56.0,1.0,0.0,0.0,0.0
80.0,214.0,1,440.0,1.0,0.0,28.0,0.0,0.0,0.0,1.0
80.0,415.0,3,1500.0,3.0,2.0,97.0,1.0,0.0,0.0,0.0
80.0,257.0,3,1800.0,3.0,1.0,110.0,1.0,0.0,0.0,0.0
80.0,1162.0,3,1525.0,3.0,2.0,96.0,0.0,0.0,1.0,0.0
80.0,1035.0,2,1204.0,2.0,3.0,38.5,0.0,0.0,1.0,0.0
80.0,75.0,2,1225.0,2.0,1.0,53.55,0.0,0.0,0.0,1.0
52.0,1248.0,6,800.0,6.0,3.0,98.0,0.0,0.0,0.0,1.0
80.0,363.0,3,1650.0,3.0,1.0,122.0,1.0,0.0,0.0,0.0
80.0,179.0,3,880.0,2.0,1.0,18.0,0.0,0.0,1.0,0.0
80.0,986.0,4,4200.0,4.0,2.0,255.0,0.0,0.0,0.0,1.0
80.0,668.0,2,1200.0,2.0,0.0,55.0,0.0,0.0,0.0,1.0
80.0,624.0,4,1152.0,4.0,1.0,230.0,0.0,0.0,1.0,0.0
80.0,1248.0,2,1005.0,2.0,1.0,42.0,0.0,0.0,0.0,1.0
80.0,324.0,3,1562.0,3.0,2.0,103.0,1.0,0.0,0.0,0.0
79.0,1035.0,4,5000.0,5.0,2.0,395.0,0.0,0.0,1.0,0.0
80.0,588.0,6,810.0,5.0,2.0,95.0,0.0,0.0,0.0,1.0
80.0,1257.0,2,1200.0,2.0,3.0,42.0,0.0,0.0,0.0,1.0
80.0,936.0,3,1555.0,3.0,2.0,82.5,0.0,0.0,0.0,1.0
80.0,97.0,2,1550.0,2.0,1.0,71.0,0.0,0.0,0.0,1.0
80.0,511.0,2,1190.0,2.0,2.0,67.0,0.0,0.0,0.0,1.0
80.0,1212.0,2,1070.0,2.0,2.0,50.0,0.0,0.0,1.0,0.0
28.0,511.0,2,1800.0,2.0,1.0,28.785,0.0,1.0,0.0,0.0
80.0,797.0,2,1020.0,2.0,1.0,42.48,0.0,0.0,0.0,1.0
34.0,891.0,3,1610.0,3.0,1.0,115.0,0.0,0.0,0.0,1.0
80.0,1175.0,1,700.0,1.0,1.0,41.0,0.0,0.0,0.0,1.0
80.0,1035.0,3,1300.0,2.0,1.0,49.0,1.0,0.0,0.0,0.0
80.0,415.0,2,1420.0,2.0,1.0,123.0,0.0,0.0,0.0,1.0
80.0,394.0,9,1200.0,9.0,2.0,100.0,0.0,0.0,0.0,1.0
80.0,1238.0,3,1069.0,3.0,2.0,65.4,0.0,0.0,0.0,1.0
80.0,250.0,3,1900.0,3.0,3.0,123.0,1.0,0.0,0.0,0.0
80.0,582.0,2,1655.0,2.0,1.0,97.65,0.0,0.0,0.0,1.0
80.0,633.0,2,1155.0,2.0,2.0,40.42,1.0,0.0,0.0,0.0
80.0,31.0,3,1300.0,2.0,2.0,70.0,1.0,0.0,0.0,0.0
80.0,1097.0,2,1100.0,2.0,2.0,45.0,0.0,0.0,0.0,1.0
80.0,214.0,2,1030.0,2.0,2.0,42.0,1.0,0.0,0.0,0.0
80.0,1248.0,2,2105.0,2.0,1.0,70.2,0.0,0.0,0.0,1.0
80.0,305.0,3,1700.0,3.0,2.0,126.0,0.0,0.0,0.0,1.0
80.0,504.0,3,1760.0,3.0,2.0,139.0,0.0,0.0,0.0,1.0
80.0,604.0,9,6200.0,9.0,0.0,200.0,0.0,0.0,0.0,1.0
80.0,230.0,2,1400.0,2.0,1.0,67.0,0.0,0.0,0.0,1.0
80.0,811.0,2,1200.0,2.0,0.0,53.0,0.0,0.0,1.0,0.0
80.0,668.0,2,912.0,2.0,1.0,55.0,0.0,0.0,0.0,1.0
26.0,834.0,2,1102.0,2.0,1.0,48.0,0.0,0.0,0.0,1.0
67.0,1218.0,3,1535.0,3.0,1.0,55.0,0.0,0.0,0.0,1.0
80.0,1234.0,2,1243.0,2.0,2.0,46.0,0.0,0.0,0.0,1.0
80.0,441.0,2,918.0,2.0,2.0,63.2,0.0,0.0,0.0,1.0
80.0,872.0,3,1500.0,2.0,3.0,70.0,1.0,0.0,0.0,0.0
80.0,885.0,3,3000.0,3.0,0.0,250.0,0.0,0.0,0.0,1.0
80.0,267.0,3,1476.0,3.0,0.0,89.0,0.0,0.0,1.0,0.0
80.0,89.0,2,1200.0,2.0,3.0,65.0,0.0,0.0,1.0,0.0
80.0,711.0,1,606.0,1.0,0.0,34.78,1.0,0.0,0.0,0.0
80.0,164.0,2,1100.0,2.0,3.0,61.0,0.0,0.0,1.0,0.0
28.0,1248.0,3,1295.0,2.0,1.0,59.5,0.0,0.0,0.0,1.0
80.0,1035.0,1,527.0,1.0,0.0,26.0,0.0,0.0,0.0,1.0
80.0,1035.0,2,1300.0,2.0,2.0,80.0,0.0,0.0,0.0,1.0
34.0,511.0,3,680.0,4.0,1.0,68.0,0.0,0.0,0.0,1.0
33.0,520.0,1,1260.0,1.0,0.0,41.0,0.0,0.0,0.0,1.0
28.0,662.0,2,1140.0,2.0,1.0,75.2,0.0,0.0,0.0,1.0
80.0,7.0,1,1500.0,1.0,0.0,37.5,1.0,0.0,0.0,0.0
28.0,1263.0,3,2321.0,4.0,1.0,128.0,0.0,0.0,0.0,1.0
80.0,1134.0,2,1390.0,2.0,2.0,62.0,0.0,0.0,1.0,0.0
80.0,106.0,3,1725.0,3.0,3.0,90.0,0.0,0.0,0.0,1.0
80.0,487.0,4,3067.0,4.0,1.0,310.0,0.0,0.0,1.0,0.0
40.0,265.0,3,1186.0,2.0,1.0,63.0,0.0,0.0,0.0,1.0
80.0,221.0,2,1230.0,2.0,1.0,85.0,0.0,0.0,0.0,1.0
80.0,711.0,1,600.0,1.0,1.0,17.0,1.0,0.0,0.0,0.0
80.0,892.0,3,1313.0,3.0,1.0,96.0,0.0,0.0,0.0,1.0
79.0,363.0,2,900.0,2.0,0.0,55.0,0.0,0.0,1.0,0.0
80.0,173.0,2,1250.0,2.0,2.0,66.25,0.0,0.0,1.0,0.0
80.0,1080.0,9,1200.0,6.0,3.0,280.0,0.0,0.0,1.0,0.0
80.0,420.0,1,660.0,1.0,1.0,54.0,1.0,0.0,0.0,0.0
80.0,464.0,2,1036.0,2.0,2.0,105.0,0.0,0.0,1.0,0.0
80.0,862.0,4,2700.0,4.0,3.0,450.0,1.0,0.0,0.0,0.0
80.0,875.0,2,1100.0,2.0,1.0,70.0,0.0,0.0,0.0,1.0
80.0,968.0,2,1950.0,2.0,1.0,46.8,0.0,0.0,0.0,1.0
80.0,462.0,4,1500.0,2.0,1.0,450.0,0.0,0.0,0.0,1.0
80.0,173.0,4,525.0,5.0,2.0,56.0,0.0,0.0,0.0,1.0
80.0,968.0,2,1015.0,2.0,1.0,56.0,0.0,0.0,0.0,1.0
80.0,1212.0,1,812.0,1.0,0.0,26.0,0.0,0.0,1.0,0.0
80.0,1155.0,3,1360.0,2.0,2.0,65.0,0.0,0.0,0.0,1.0
80.0,202.0,3,2167.0,3.0,3.0,170.0,0.0,0.0,0.0,1.0
80.0,1058.0,2,1200.0,2.0,1.0,35.0,0.0,0.0,1.0,0.0
80.0,602.0,2,1165.0,2.0,2.0,75.0,1.0,0.0,0.0,0.0
80.0,422.0,2,1274.0,2.0,2.0,70.0,0.0,0.0,1.0,0.0
80.0,713.0,2,1151.0,2.0,2.0,39.02,0.0,0.0,0.0,1.0
80.0,968.0,6,1060.0,6.0,3.0,110.0,1.0,0.0,0.0,0.0
80.0,1241.0,3,1626.0,2.0,2.0,120.0,1.0,0.0,0.0,0.0
80.0,680.0,2,1035.0,2.0,2.0,35.77,0.0,0.0,0.0,1.0
80.0,436.0,3,1272.0,4.0,0.0,75.0,0.0,0.0,0.0,1.0
80.0,75.0,2,965.0,2.0,1.0,45.0,0.0,0.0,1.0,0.0
80.0,1161.0,5,1600.0,5.0,2.0,140.0,1.0,0.0,0.0,0.0
80.0,60.0,2,1070.0,2.0,1.0,42.79,1.0,0.0,0.0,0.0
80.0,504.0,3,1570.0,2.0,2.0,65.0,0.0,0.0,0.0,1.0
80.0,692.0,2,1053.0,2.0,2.0,38.0,1.0,0.0,0.0,0.0
80.0,1066.0,2,780.0,2.0,2.0,25.0,0.0,0.0,0.0,1.0
80.0,70.0,3,1000.0,2.0,1.0,65.0,0.0,0.0,0.0,1.0
80.0,1021.0,4,1200.0,3.0,2.0,188.0,0.0,0.0,0.0,1.0
80.0,662.0,7,7500.0,7.0,2.0,400.0,0.0,0.0,0.0,1.0
80.0,551.0,3,1700.0,2.0,3.0,100.0,0.0,0.0,1.0,0.0
80.0,771.0,3,1850.0,3.0,1.0,110.0,0.0,0.0,0.0,1.0
80.0,968.0,2,904.0,2.0,1.0,30.0,0.0,0.0,0.0,1.0
80.0,1144.0,2,1121.0,2.0,1.0,43.72,0.0,0.0,0.0,1.0
80.0,686.0,3,1385.0,2.0,2.0,58.17,0.0,0.0,1.0,0.0
80.0,1186.0,2,1270.0,2.0,1.0,69.85,0.0,0.0,0.0,1.0
28.0,483.0,3,1450.0,3.0,3.0,56.0,0.0,0.0,0.0,1.0
26.0,845.0,3,2400.0,4.0,2.0,325.0,0.0,0.0,1.0,0.0
80.0,1034.0,1,730.0,1.0,1.0,35.0,0.0,0.0,1.0,0.0
16.0,582.0,3,1580.0,3.0,3.0,53.56,0.0,0.0,0.0,1.0
80.0,725.0,2,1111.0,2.0,1.0,50.0,0.0,0.0,1.0,0.0
80.0,84.0,4,1125.0,2.0,1.0,88.0,0.0,0.0,0.0,1.0
52.0,662.0,2,977.0,2.0,2.0,36.0,0.0,0.0,0.0,1.0
80.0,107.0,2,674.0,1.0,1.0,19.9,1.0,0.0,0.0,0.0
80.0,1218.0,3,600.0,3.0,1.0,83.0,1.0,0.0,0.0,0.0
80.0,997.0,4,2540.0,4.0,1.0,115.0,0.0,0.0,0.0,1.0
80.0,56.0,2,1290.0,2.0,1.0,100.0,0.0,0.0,0.0,1.0
80.0,270.0,3,600.0,3.0,1.0,98.0,0.0,0.0,1.0,0.0
80.0,598.0,2,795.0,2.0,1.0,32.54,1.0,0.0,0.0,0.0
80.0,802.0,2,700.0,1.0,1.0,35.0,0.0,0.0,1.0,0.0
80.0,380.0,2,1463.0,1.0,1.0,142.0,0.0,0.0,0.0,1.0
80.0,29.0,3,1000.0,3.0,0.0,140.0,0.0,0.0,0.0,1.0
80.0,540.0,3,1306.0,2.0,2.0,58.0,0.0,0.0,0.0,1.0
35.0,1144.0,3,2401.0,3.0,2.0,185.0,0.0,0.0,0.0,1.0
80.0,234.0,4,1670.0,3.0,0.0,135.0,0.0,0.0,0.0,1.0
40.0,265.0,3,1875.0,2.0,3.0,235.0,0.0,0.0,0.0,1.0
80.0,636.0,3,1200.0,3.0,1.0,90.0,0.0,0.0,0.0,1.0
32.0,834.0,3,1804.0,3.0,2.0,121.0,0.0,0.0,0.0,1.0
80.0,924.0,3,2065.0,4.0,1.0,210.0,0.0,0.0,0.0,1.0
80.0,520.0,3,1225.0,3.0,1.0,40.0,0.0,0.0,0.0,1.0
80.0,735.0,2,1185.5,2.0,0.0,58.68,0.0,1.0,0.0,0.0
80.0,540.0,2,900.0,2.0,2.0,56.0,0.0,0.0,1.0,0.0
80.0,511.0,2,1350.0,2.0,1.0,91.0,0.0,0.0,0.0,1.0
80.0,1161.0,1,700.0,1.0,0.0,36.0,0.0,0.0,0.0,1.0
80.0,867.0,2,1005.0,2.0,0.0,35.175,0.0,0.0,1.0,0.0
27.0,1206.0,2,1160.0,2.0,1.0,46.39,0.0,0.0,0.0,1.0
80.0,1119.0,3,1680.0,3.0,1.0,99.27,0.0,0.0,1.0,0.0
80.0,1256.0,2,1043.0,2.0,2.0,55.0,0.0,0.0,0.0,1.0
80.0,221.0,4,1200.0,4.0,1.0,120.0,1.0,0.0,0.0,0.0
80.0,1114.0,2,1040.0,2.0,2.0,46.0,0.0,1.0,0.0,0.0
80.0,394.0,3,1357.0,2.0,2.0,65.0,0.0,0.0,0.0,1.0
80.0,1263.0,7,1600.0,7.0,1.0,104.0,0.0,0.0,0.0,1.0
80.0,380.0,2,1225.0,2.0,2.0,47.0,0.0,0.0,0.0,1.0
80.0,1172.0,9,1500.0,6.0,1.0,80.0,1.0,0.0,0.0,0.0
80.0,303.0,2,1130.0,2.0,2.0,40.0,0.0,0.0,1.0,0.0
80.0,400.0,4,2500.0,4.0,1.0,150.0,0.0,0.0,0.0,1.0
27.0,504.0,3,1700.0,3.0,3.0,120.0,0.0,0.0,0.0,1.0
80.0,303.0,3,1549.0,3.0,2.0,65.0,1.0,0.0,0.0,0.0
80.0,84.0,2,1400.0,2.0,2.0,100.0,0.0,0.0,0.0,1.0
80.0,1248.0,2,1080.0,2.0,2.0,50.0,0.0,0.0,0.0,1.0
80.0,116.0,2,1180.0,2.0,2.0,100.0,1.0,0.0,0.0,0.0
28.0,720.0,7,780.0,7.0,3.0,150.0,0.0,0.0,0.0,1.0
80.0,495.0,3,1800.0,3.0,2.0,150.0,0.0,0.0,0.0,1.0
26.0,926.0,2,1225.0,2.0,1.0,67.38,0.0,0.0,1.0,0.0
80.0,1183.0,1,890.0,1.0,1.0,75.0,0.0,0.0,1.0,0.0
27.0,415.0,2,1005.0,2.0,1.0,39.59,0.0,0.0,0.0,1.0
77.0,582.0,2,1320.0,2.0,1.0,95.0,0.0,0.0,0.0,1.0
80.0,73.0,4,1475.0,2.0,1.0,50.0,0.0,0.0,1.0,0.0
31.0,192.0,3,1707.0,2.0,1.0,99.745,0.0,0.0,0.0,1.0
80.0,1033.0,2,1110.0,2.0,2.0,51.0,0.0,0.0,0.0,1.0
80.0,1029.0,2,1300.0,2.0,0.0,54.0,1.0,0.0,0.0,0.0
80.0,534.0,5,600.0,3.0,1.0,86.0,0.0,0.0,0.0,1.0
80.0,1091.0,2,1128.0,2.0,1.0,65.35,1.0,0.0,0.0,0.0
80.0,197.0,2,1452.19,2.0,1.0,100.0,0.0,0.0,0.0,1.0
80.0,1248.0,3,2400.0,3.0,2.0,290.0,1.0,0.0,0.0,0.0
80.0,206.0,3,2600.0,4.0,1.0,135.0,0.0,0.0,0.0,1.0
80.0,972.0,3,2500.0,4.0,2.0,325.0,0.0,0.0,0.0,1.0
80.0,511.0,2,630.0,1.0,1.0,35.0,0.0,0.0,0.0,1.0
80.0,1085.0,2,1243.0,2.0,2.0,48.5,0.0,0.0,0.0,1.0
80.0,266.0,2,960.0,2.0,2.0,32.0,0.0,0.0,0.0,1.0
80.0,70.0,3,1690.0,3.0,2.0,100.0,0.0,0.0,0.0,1.0
80.0,1149.0,2,735.0,2.0,1.0,35.0,0.0,0.0,0.0,1.0
80.0,1175.0,2,1365.0,2.0,2.0,73.0,0.0,0.0,0.0,1.0
80.0,520.0,5,2849.0,5.0,0.0,300.0,0.0,0.0,0.0,1.0
80.0,1172.0,2,1420.0,2.0,1.0,99.39,1.0,0.0,0.0,0.0
80.0,1258.0,3,1570.0,3.0,3.0,68.0,0.0,0.0,0.0,1.0
27.0,417.0,2,850.0,1.0,1.0,32.0,1.0,0.0,0.0,0.0
80.0,719.0,3,1575.0,2.0,2.0,110.0,0.0,0.0,0.0,1.0
80.0,914.0,2,1418.0,2.0,2.0,104.0,0.0,0.0,0.0,1.0
80.0,1257.0,2,1050.0,2.0,1.0,42.0,0.0,0.0,0.0,1.0
32.0,84.0,2,1065.0,2.0,1.0,42.6,0.0,0.0,0.0,1.0
80.0,1024.0,3,1340.0,3.0,0.0,90.0,1.0,0.0,0.0,0.0
80.0,1248.0,3,1610.0,3.0,2.0,92.0,1.0,0.0,0.0,0.0
80.0,137.0,2,1160.0,2.0,1.0,33.5,0.0,0.0,0.0,1.0
80.0,234.0,2,1092.0,2.0,2.0,44.0,1.0,0.0,0.0,0.0
80.0,105.0,2,1194.0,2.0,2.0,47.0,0.0,0.0,0.0,1.0
26.0,415.0,3,1455.0,3.0,1.0,61.5,0.0,0.0,0.0,1.0
80.0,917.0,1,734.0,1.0,0.0,19.82,0.0,0.0,1.0,0.0
80.0,350.0,2,799.0,2.0,1.0,38.0,0.0,0.0,0.0,1.0
80.0,668.0,3,1896.0,3.0,1.0,75.0,0.0,0.0,0.0,1.0
80.0,72.0,2,1100.0,2.0,1.0,48.0,0.0,0.0,0.0,1.0
80.0,192.0,2,1350.0,2.0,1.0,79.0,0.0,0.0,0.0,1.0
80.0,398.0,3,1355.0,3.0,1.0,61.0,0.0,0.0,0.0,1.0
80.0,426.0,2,1128.0,2.0,1.0,65.0,0.0,0.0,0.0,1.0
80.0,532.0,2,1350.0,2.0,0.0,90.0,0.0,0.0,1.0,0.0
80.0,1186.0,3,3875.0,3.0,2.0,864.0,0.0,0.0,0.0,1.0
80.0,1257.0,3,1493.0,3.0,2.0,82.0,0.0,0.0,0.0,1.0
40.0,662.0,2,1098.0,2.0,1.0,43.91,0.0,0.0,0.0,1.0
80.0,951.0,3,1900.0,2.0,1.0,170.0,0.0,0.0,0.0,1.0
80.0,711.0,3,1460.0,3.0,2.0,88.0,1.0,0.0,0.0,0.0
80.0,1248.0,3,2350.0,4.0,3.0,285.0,0.0,0.0,1.0,0.0
80.0,986.0,5,1600.0,5.0,3.0,140.0,0.0,0.0,1.0,0.0
80.0,781.0,2,1091.0,2.0,1.0,32.0,0.0,0.0,1.0,0.0
26.0,1248.0,2,1180.0,2.0,3.0,42.0,0.0,0.0,0.0,1.0
27.0,302.0,2,1366.0,3.0,1.0,76.85,0.0,0.0,0.0,1.0
46.0,1035.0,3,1685.0,3.0,2.0,95.0,0.0,0.0,0.0,1.0
80.0,70.0,2,1260.0,2.0,3.0,100.0,0.0,0.0,0.0,1.0
80.0,426.0,3,3010.0,3.0,2.0,200.0,0.0,0.0,1.0,0.0
80.0,415.0,3,1330.0,4.0,1.0,140.0,0.0,0.0,0.0,1.0
80.0,224.0,2,1200.0,2.0,0.0,130.0,0.0,0.0,1.0,0.0
80.0,914.0,2,1346.0,2.0,1.0,96.17,0.0,0.0,0.0,1.0
29.0,1248.0,1,630.0,1.0,0.0,13.86,0.0,0.0,0.0,1.0
31.0,511.0,3,1476.0,2.0,1.0,98.94,0.0,0.0,0.0,1.0
26.0,731.0,3,1850.0,3.0,2.0,140.0,0.0,0.0,1.0,0.0
80.0,960.0,5,2350.0,2.0,0.0,423.0,0.0,0.0,0.0,1.0
80.0,1218.0,2,755.0,1.0,1.0,34.0,0.0,0.0,0.0,1.0
80.0,1144.0,5,800.0,5.0,2.0,98.0,0.0,0.0,0.0,1.0
80.0,259.0,2,1194.0,2.0,2.0,46.0,0.0,0.0,1.0,0.0
80.0,676.0,3,3850.0,5.0,1.0,316.0,1.0,0.0,0.0,0.0
80.0,662.0,4,4235.0,4.0,2.0,365.0,0.0,0.0,0.0,1.0
80.0,968.0,1,800.0,1.0,0.0,52.0,0.0,0.0,0.0,1.0
28.0,415.0,3,2250.0,3.0,1.0,195.0,1.0,0.0,0.0,0.0
26.0,420.0,2,1352.0,2.0,2.0,68.0,0.0,0.0,0.0,1.0
80.0,192.0,3,2002.0,3.0,2.0,112.0,0.0,0.0,0.0,1.0
80.0,511.0,4,4000.0,5.0,1.0,280.0,0.0,0.0,0.0,1.0
80.0,426.0,2,1060.0,2.0,2.0,45.0,0.0,0.0,0.0,1.0
80.0,552.0,3,1419.59,2.0,1.0,59.0,0.0,0.0,0.0,1.0
28.0,415.0,2,1196.0,2.0,2.0,51.15,0.0,0.0,1.0,0.0
80.0,96.0,3,1220.0,2.0,2.0,35.24,1.0,0.0,0.0,0.0
80.0,516.0,3,1595.0,3.0,2.0,75.0,0.0,0.0,0.0,1.0
80.0,96.0,2,1260.0,2.0,3.0,75.0,0.0,0.0,1.0,0.0
80.0,108.0,2,1100.0,2.0,2.0,47.0,0.0,0.0,0.0,1.0
80.0,968.0,2,1550.0,2.0,2.0,140.0,0.0,0.0,0.0,1.0
1.0,1248.0,2,1180.0,2.0,3.0,52.0,1.0,0.0,0.0,0.0
80.0,968.0,4,4000.0,5.0,1.0,150.0,0.0,0.0,0.0,1.0
80.0,318.0,3,1662.0,3.0,2.0,85.0,0.0,0.0,1.0,0.0
47.0,1144.0,2,1285.0,2.0,1.0,60.0,0.0,0.0,0.0,1.0
80.0,108.0,4,1080.0,4.0,1.0,75.0,0.0,0.0,1.0,0.0
80.0,1248.0,3,1862.0,3.0,2.0,119.0,1.0,0.0,0.0,0.0
34.0,142.0,2,1419.0,2.0,2.0,48.0,0.0,0.0,0.0,1.0
45.0,1257.0,3,1410.0,3.0,2.0,43.71,0.0,0.0,0.0,1.0
16.0,851.0,3,1560.0,2.0,2.0,62.4,0.0,0.0,0.0,1.0
40.0,582.0,5,1100.0,4.0,3.0,150.0,0.0,0.0,0.0,1.0
80.0,179.0,3,1634.0,3.0,3.0,78.0,0.0,0.0,0.0,1.0
80.0,253.0,5,5530.0,5.0,3.0,627.0,0.0,0.0,1.0,0.0
80.0,1184.0,3,1150.0,2.0,3.0,44.0,0.0,0.0,0.0,1.0
80.0,527.0,2,1100.0,2.0,1.0,53.0,1.0,0.0,0.0,0.0
44.0,511.0,3,1616.0,3.0,1.0,65.0,0.0,0.0,0.0,1.0
80.0,547.0,2,1392.0,2.0,1.0,99.0,0.0,0.0,0.0,1.0
80.0,641.0,3,1798.0,3.0,1.0,120.0,1.0,0.0,0.0,0.0
80.0,1114.0,3,1675.0,3.0,3.0,75.0,0.0,0.0,0.0,1.0
80.0,1218.0,2,792.0,2.0,1.0,70.0,0.0,0.0,0.0,1.0
80.0,1061.0,5,2000.0,4.0,1.0,103.0,0.0,0.0,1.0,0.0
63.0,662.0,7,600.0,7.0,3.0,89.0,0.0,0.0,0.0,1.0
80.0,635.0,3,1700.0,3.0,2.0,124.0,0.0,0.0,0.0,1.0
16.0,1050.0,2,1248.0,2.0,1.0,69.0,0.0,0.0,0.0,1.0
52.0,656.0,2,1147.0,2.0,1.0,54.0,0.0,0.0,0.0,1.0
80.0,460.0,2,1100.0,2.0,2.0,40.0,1.0,0.0,0.0,0.0
26.0,1004.0,3,1527.0,3.0,2.0,115.0,0.0,0.0,0.0,1.0
80.0,106.0,5,2400.0,5.0,2.0,235.0,0.0,0.0,0.0,1.0
80.0,520.0,1,525.0,1.0,1.0,25.0,0.0,0.0,0.0,1.0
80.0,713.0,2,1100.0,2.0,3.0,58.0,0.0,0.0,1.0,0.0
80.0,504.0,2,1118.0,2.0,2.0,37.5,0.0,0.0,0.0,1.0
80.0,836.0,3,1476.0,3.0,1.0,75.0,0.0,0.0,0.0,1.0
80.0,903.0,3,2100.0,3.0,1.0,75.0,0.0,0.0,1.0,0.0
80.0,668.0,3,1215.0,2.0,2.0,46.5,0.0,0.0,0.0,1.0
32.0,983.0,2,1332.0,2.0,1.0,79.0,0.0,0.0,0.0,1.0
80.0,648.0,2,1350.0,2.0,3.0,49.0,0.0,0.0,0.0,1.0
80.0,904.0,4,600.0,4.0,1.0,81.0,0.0,0.0,0.0,1.0
80.0,972.0,2,1243.0,2.0,2.0,46.0,0.0,0.0,0.0,1.0
80.0,513.0,2,1105.0,2.0,2.0,49.73,0.0,0.0,0.0,1.0
80.0,838.0,3,1500.0,2.0,1.0,200.0,0.0,0.0,0.0,1.0
80.0,1186.0,2,1200.0,2.0,2.0,50.0,0.0,0.0,0.0,1.0
80.0,604.0,2,1251.0,2.0,1.0,47.4,0.0,0.0,0.0,1.0
80.0,1291.0,2,883.0,2.0,1.0,45.0,0.0,0.0,1.0,0.0
80.0,275.0,3,1400.0,2.0,3.0,67.0,0.0,0.0,0.0,1.0
80.0,1257.0,3,1800.0,3.0,3.0,260.0,0.0,0.0,0.0,1.0
80.0,910.0,3,1703.0,3.0,2.0,113.0,0.0,0.0,0.0,1.0
80.0,783.0,5,2500.0,5.0,3.0,130.0,0.0,0.0,0.0,1.0
80.0,703.0,3,1250.0,3.0,1.0,71.0,0.0,0.0,0.0,1.0
29.0,1131.0,2,933.0,2.0,2.0,43.0,0.0,0.0,1.0,0.0
80.0,468.0,1,461.82,1.0,1.0,31.7,0.0,0.0,0.0,1.0
80.0,972.0,2,1262.0,2.0,1.0,75.0,0.0,0.0,0.0,1.0
80.0,986.0,2,915.0,2.0,2.0,48.0,0.0,0.0,0.0,1.0
40.0,1037.0,3,1370.0,2.0,2.0,61.5,0.0,0.0,1.0,0.0
80.0,1144.0,2,1210.0,2.0,3.0,55.0,0.0,0.0,0.0,1.0
80.0,1175.0,3,2392.0,4.0,2.0,260.0,0.0,0.0,0.0,1.0
80.0,1218.0,3,1500.0,2.0,0.0,85.0,1.0,0.0,0.0,0.0
80.0,582.0,2,1065.0,2.0,3.0,50.0,0.0,0.0,0.0,1.0
31.0,302.0,4,3100.0,4.0,2.0,570.0,0.0,0.0,0.0,1.0
80.0,228.0,3,1515.0,3.0,3.0,65.0,0.0,0.0,1.0,0.0
80.0,797.0,4,1800.0,4.0,1.0,110.0,0.0,0.0,0.0,1.0
29.0,1226.0,3,1445.0,2.0,3.0,40.31,0.0,0.0,0.0,1.0
80.0,309.0,3,1300.0,2.0,1.0,55.0,0.0,0.0,0.0,1.0
80.0,365.0,2,989.0,2.0,0.0,60.0,0.0,0.0,1.0,0.0
80.0,1172.0,2,1300.0,2.0,1.0,85.0,0.0,0.0,0.0,1.0
34.0,267.0,3,1185.0,2.0,2.0,30.22,0.0,0.0,0.0,1.0
31.0,794.0,5,1350.0,3.0,1.0,110.0,1.0,0.0,0.0,0.0
80.0,520.0,2,1045.0,2.0,3.0,60.0,0.0,0.0,0.0,1.0
80.0,373.0,2,1205.0,2.0,2.0,42.18,0.0,0.0,1.0,0.0
80.0,743.0,2,1260.0,2.0,1.0,75.0,0.0,0.0,0.0,1.0
80.0,1035.0,5,1320.0,5.0,2.0,199.0,0.0,0.0,0.0,1.0
80.0,1134.0,3,1500.0,2.0,2.0,125.0,0.0,0.0,1.0,0.0
80.0,609.0,3,1250.0,2.0,2.0,42.5,0.0,0.0,0.0,1.0
80.0,1156.0,2,1199.0,2.0,2.0,50.0,0.0,0.0,1.0,0.0
80.0,547.0,2,1385.0,2.0,1.0,83.09,0.0,0.0,0.0,1.0
80.0,1241.0,6,1222.0,5.0,3.0,250.0,0.0,0.0,0.0,1.0
80.0,972.0,2,1149.0,2.0,1.0,75.0,0.0,0.0,0.0,1.0
80.0,845.0,3,2180.0,3.0,2.0,170.0,1.0,0.0,0.0,0.0
80.0,302.0,8,1200.0,7.0,1.0,110.0,1.0,0.0,0.0,0.0
75.0,528.0,10,12000.0,12.0,1.0,525.0,0.0,0.0,0.0,1.0
80.0,850.0,5,1200.0,5.0,0.0,195.0,0.0,0.0,0.0,1.0
80.0,881.0,3,1818.0,3.0,1.0,135.0,0.0,0.0,1.0,0.0
80.0,1035.0,2,1070.0,2.0,2.0,33.0,0.0,0.0,0.0,1.0
80.0,520.0,3,1640.0,3.0,2.0,241.0,0.0,0.0,0.0,1.0
80.0,686.0,3,1350.0,2.0,2.0,54.6,1.0,0.0,0.0,0.0
80.0,504.0,2,630.0,1.0,1.0,27.0,0.0,0.0,0.0,1.0
28.0,534.0,2,1430.0,2.0,2.0,113.0,0.0,0.0,0.0,1.0
80.0,557.0,3,2430.0,4.0,3.0,180.0,0.0,0.0,0.0,1.0
80.0,968.0,6,1500.0,7.0,3.0,220.0,0.0,0.0,0.0,1.0
80.0,668.0,2,1084.0,2.0,3.0,55.0,0.0,0.0,1.0,0.0
80.0,1030.0,3,1186.0,2.0,1.0,56.0,1.0,0.0,0.0,0.0
80.0,70.0,2,1255.0,2.0,2.0,50.0,0.0,0.0,0.0,1.0
80.0,415.0,4,3400.0,5.0,3.0,240.0,0.0,0.0,0.0,1.0
26.0,511.0,3,1541.0,3.0,1.0,69.84,0.0,0.0,0.0,1.0
80.0,972.0,4,3596.0,5.0,1.0,282.0,0.0,0.0,0.0,1.0
80.0,70.0,2,1295.0,2.0,2.0,70.0,0.0,0.0,0.0,1.0
80.0,573.0,3,1000.0,4.0,3.0,110.0,0.0,0.0,0.0,1.0
80.0,482.0,3,2820.0,3.0,1.0,285.0,0.0,0.0,1.0,0.0
80.0,75.0,3,1370.0,2.0,2.0,54.79,1.0,0.0,0.0,0.0
80.0,41.0,2,1100.0,2.0,1.0,40.0,0.0,0.0,1.0,0.0
80.0,686.0,4,4772.0,6.0,2.0,510.0,0.0,0.0,1.0,0.0
80.0,1035.0,2,1370.0,2.0,1.0,170.0,0.0,0.0,0.0,1.0
80.0,659.0,3,1370.0,2.0,1.0,54.79,1.0,0.0,0.0,0.0
80.0,1085.0,2,1200.0,2.0,2.0,62.0,0.0,0.0,0.0,1.0
80.0,356.0,4,2000.0,3.0,0.0,95.0,0.0,0.0,0.0,1.0
80.0,230.0,4,3500.0,4.0,1.0,300.0,0.0,0.0,0.0,1.0
80.0,604.0,5,1200.0,4.0,3.0,240.0,0.0,0.0,0.0,1.0
63.0,415.0,4,2400.0,5.0,2.0,253.0,0.0,0.0,0.0,1.0
35.0,467.0,3,1220.0,3.0,2.0,62.0,0.0,0.0,0.0,1.0
80.0,46.0,3,1950.0,3.0,2.0,130.0,0.0,0.0,0.0,1.0
16.0,511.0,2,1178.0,2.0,3.0,73.0,0.0,0.0,0.0,1.0
80.0,230.0,3,1286.0,3.0,2.0,61.44,0.0,0.0,0.0,1.0
80.0,635.0,2,1160.0,2.0,2.0,42.0,0.0,0.0,0.0,1.0
80.0,1089.0,2,918.0,2.0,2.0,55.0,0.0,0.0,0.0,1.0
80.0,350.0,3,1563.0,3.0,2.0,91.84,0.0,0.0,0.0,1.0
80.0,459.0,2,1326.0,2.0,1.0,62.17,0.0,0.0,0.0,1.0
80.0,520.0,3,1350.0,2.0,2.0,140.0,0.0,0.0,0.0,1.0
80.0,1085.0,4,3960.0,5.0,3.0,386.0,0.0,0.0,0.0,1.0
40.0,528.0,2,1240.0,2.0,2.0,39.06,0.0,0.0,0.0,1.0
80.0,1248.0,2,1325.0,2.0,2.0,50.0,0.0,0.0,0.0,1.0
80.0,511.0,2,1100.0,2.0,1.0,44.0,0.0,0.0,0.0,1.0
80.0,140.0,3,3875.0,3.0,2.0,800.0,0.0,0.0,0.0,1.0
80.0,830.0,3,1605.0,3.0,2.0,50.0,0.0,0.0,0.0,1.0
80.0,420.0,5,5600.0,5.0,3.0,515.0,0.0,0.0,0.0,1.0
45.0,534.0,2,1260.0,2.0,1.0,60.0,0.0,0.0,0.0,1.0
80.0,415.0,3,1553.0,3.0,2.0,83.09,0.0,0.0,0.0,1.0
80.0,513.0,2,1280.0,2.0,2.0,52.0,0.0,0.0,0.0,1.0
80.0,1035.0,3,1550.0,2.0,2.0,75.0,0.0,0.0,1.0,0.0
80.0,1045.0,3,1445.0,2.0,2.0,125.0,0.0,0.0,0.0,1.0
80.0,1050.0,3,1550.0,3.0,2.0,74.0,0.0,0.0,1.0,0.0
80.0,70.0,3,1515.0,2.0,1.0,80.91,1.0,0.0,0.0,0.0
80.0,537.0,3,1332.0,2.0,1.0,86.12,0.0,0.0,1.0,0.0
80.0,573.0,3,1652.0,3.0,2.0,70.0,0.0,0.0,0.0,1.0
80.0,303.0,3,1570.0,3.0,1.0,105.0,0.0,0.0,1.0,0.0
80.0,491.0,4,5400.0,4.0,3.0,725.0,0.0,0.0,0.0,1.0
80.0,1035.0,1,794.0,1.0,1.0,60.0,0.0,0.0,0.0,1.0
80.0,511.0,3,1200.0,2.0,0.0,62.0,1.0,0.0,0.0,0.0
63.0,662.0,4,3600.0,3.0,2.0,410.0,0.0,0.0,0.0,1.0
80.0,632.0,3,1200.0,3.0,2.0,175.0,0.0,0.0,0.0,1.0
80.0,897.0,4,1650.0,3.0,1.0,220.0,0.0,0.0,1.0,0.0
80.0,784.0,4,600.0,2.0,1.0,85.0,0.0,0.0,1.0,0.0
80.0,268.0,3,2800.0,3.0,2.0,250.0,1.0,0.0,0.0,0.0
80.0,186.0,3,1750.0,3.0,2.0,110.0,1.0,0.0,0.0,0.0
80.0,783.0,2,1053.0,2.0,1.0,48.0,0.0,0.0,0.0,1.0
80.0,865.0,3,1100.0,3.0,2.0,53.0,0.0,0.0,0.0,1.0
80.0,472.0,3,1665.0,3.0,3.0,70.0,0.0,0.0,0.0,1.0
80.0,533.0,4,4051.0,4.0,3.0,345.0,0.0,0.0,0.0,1.0
80.0,415.0,4,5500.0,5.0,1.0,1500.0,0.0,0.0,0.0,1.0
80.0,570.0,3,1447.0,3.0,2.0,80.0,0.0,0.0,1.0,0.0
27.0,482.0,2,1012.0,2.0,1.0,75.0,0.0,0.0,0.0,1.0
77.0,582.0,3,1900.0,3.0,2.0,60.0,0.0,0.0,0.0,1.0
80.0,1175.0,2,1308.0,2.0,2.0,92.66,1.0,0.0,0.0,0.0
80.0,656.0,4,3250.0,4.0,1.0,230.0,0.0,0.0,0.0,1.0
80.0,108.0,1,1351.0,2.0,1.0,53.0,0.0,0.0,0.0,1.0
80.0,441.0,2,1000.0,2.0,2.0,22.0,0.0,0.0,0.0,1.0
80.0,96.0,4,1200.0,4.0,2.0,350.0,1.0,0.0,0.0,0.0
80.0,1057.0,2,1140.0,2.0,2.0,49.11,0.0,0.0,0.0,1.0
80.0,230.0,4,3181.0,4.0,0.0,260.5,0.0,0.0,0.0,1.0
80.0,711.0,3,1250.0,2.0,1.0,55.0,1.0,0.0,0.0,0.0
80.0,441.0,3,1290.0,3.0,3.0,45.15,0.0,0.0,0.0,1.0
80.0,228.0,2,1424.0,2.0,2.0,90.0,0.0,0.0,0.0,1.0
26.0,633.0,3,1320.0,2.0,2.0,60.6,0.0,0.0,0.0,1.0
19.0,116.0,3,1662.0,3.0,2.0,85.5,0.0,0.0,0.0,1.0
80.0,1087.0,5,8321.0,5.0,3.0,2700.0,0.0,0.0,0.0,1.0
80.0,470.0,2,1200.0,2.0,2.0,45.0,0.0,0.0,0.0,1.0
27.0,968.0,3,1975.0,3.0,1.0,210.0,0.0,0.0,0.0,1.0
80.0,872.0,3,1295.0,2.0,2.0,59.5,0.0,0.0,0.0,1.0
80.0,1242.0,3,1777.0,3.0,2.0,100.0,0.0,0.0,1.0,0.0
80.0,528.0,3,1900.0,3.0,1.0,108.0,0.0,0.0,0.0,1.0
80.0,705.0,3,1576.0,3.0,2.0,59.1,0.0,0.0,0.0,1.0
80.0,1238.0,2,1020.0,2.0,3.0,41.0,0.0,0.0,0.0,1.0
80.0,464.0,3,2100.0,3.0,3.0,170.0,1.0,0.0,0.0,0.0
80.0,72.0,1,648.0,1.0,1.0,31.75,0.0,0.0,0.0,1.0
80.0,340.0,3,1167.0,2.0,1.0,38.0,1.0,0.0,0.0,0.0
80.0,213.0,7,1000.0,7.0,3.0,160.0,0.0,0.0,0.0,1.0
52.0,529.0,2,1220.0,2.0,2.0,50.89,1.0,0.0,0.0,0.0
80.0,834.0,3,2350.0,5.0,1.0,327.0,0.0,0.0,0.0,1.0
80.0,192.0,2,1259.0,2.0,1.0,67.4,0.0,0.0,0.0,1.0
80.0,420.0,4,2000.0,4.0,2.0,82.0,1.0,0.0,0.0,0.0
80.0,891.0,3,1800.0,3.0,1.0,80.0,0.0,0.0,0.0,1.0
26.0,415.0,3,1991.0,3.0,2.0,160.0,0.0,0.0,0.0,1.0
80.0,960.0,3,1665.0,3.0,3.0,110.0,0.0,0.0,0.0,1.0
80.0,1144.0,2,1234.0,2.0,1.0,61.0,0.0,0.0,0.0,1.0
80.0,1248.0,3,1340.0,2.0,2.0,64.31,0.0,0.0,0.0,1.0
80.0,781.0,2,1170.0,2.0,2.0,46.79,0.0,0.0,0.0,1.0
26.0,633.0,2,995.0,2.0,0.0,46.0,0.0,0.0,0.0,1.0
64.0,662.0,2,1075.0,2.0,2.0,60.0,0.0,0.0,0.0,1.0
80.0,70.0,2,1025.0,2.0,1.0,54.5,1.0,0.0,0.0,0.0
63.0,1257.0,3,2721.0,3.0,2.0,113.0,0.0,0.0,0.0,1.0
80.0,1125.0,3,2000.0,3.0,2.0,99.0,1.0,0.0,0.0,0.0
80.0,629.0,4,2500.0,4.0,3.0,155.0,1.0,0.0,0.0,0.0
37.0,624.0,2,1325.0,2.0,2.0,70.0,0.0,0.0,0.0,1.0
28.0,511.0,2,1314.0,2.0,3.0,68.2,0.0,0.0,0.0,1.0
80.0,1035.0,3,2265.0,3.0,2.0,136.0,0.0,0.0,0.0,1.0
34.0,573.0,7,4800.0,7.0,0.0,170.0,0.0,0.0,0.0,1.0
34.0,972.0,2,1026.0,2.0,1.0,41.0,0.0,0.0,0.0,1.0
40.0,889.0,3,1200.0,3.0,2.0,66.0,0.0,0.0,1.0,0.0
80.0,229.0,3,2220.0,4.0,2.0,65.0,1.0,0.0,0.0,0.0
80.0,507.0,2,1192.5,2.0,0.0,51.22,0.0,0.0,0.0,1.0
80.0,758.0,2,1420.0,2.0,1.0,99.39,0.0,0.0,1.0,0.0
32.0,1248.0,3,1888.0,4.0,1.0,95.0,1.0,0.0,0.0,0.0
80.0,860.0,2,1300.0,2.0,1.0,90.87,1.0,0.0,0.0,0.0
39.0,1037.0,2,1216.0,2.0,0.0,97.16,0.0,0.0,0.0,1.0
80.0,711.0,4,3000.0,4.0,3.0,342.0,1.0,0.0,0.0,0.0
80.0,1035.0,3,1559.0,3.0,2.0,63.0,1.0,0.0,0.0,0.0
80.0,304.0,2,1290.0,2.0,1.0,87.0,0.0,0.0,0.0,1.0
80.0,972.0,6,2400.0,6.0,1.0,245.0,0.0,0.0,0.0,1.0
80.0,108.0,1,905.0,1.0,1.0,55.0,0.0,0.0,0.0,1.0
45.0,797.0,2,1069.0,2.0,1.0,55.0,0.0,0.0,0.0,1.0
52.0,662.0,2,829.0,2.0,1.0,22.8,0.0,0.0,0.0,1.0
80.0,537.0,2,1900.0,2.0,1.0,200.0,0.0,0.0,1.0,0.0
80.0,711.0,3,1300.0,3.0,2.0,60.0,1.0,0.0,0.0,0.0
80.0,417.0,2,1115.0,2.0,1.0,33.45,0.0,0.0,0.0,1.0
80.0,165.0,3,2409.0,3.0,2.0,360.0,0.0,0.0,1.0,0.0
80.0,1111.0,3,2150.0,4.0,2.0,125.0,0.0,0.0,0.0,1.0
80.0,150.0,3,1305.0,2.0,1.0,69.0,0.0,0.0,1.0,0.0
52.0,98.0,2,1252.0,2.0,1.0,56.32,0.0,0.0,0.0,1.0
80.0,572.0,5,2400.0,5.0,1.0,250.0,0.0,0.0,0.0,1.0
80.0,1094.0,2,1200.0,2.0,1.0,46.13,0.0,0.0,1.0,0.0
80.0,1111.0,3,1750.0,3.0,1.0,130.0,0.0,0.0,0.0,1.0
80.0,624.0,2,545.0,1.0,1.0,35.0,0.0,0.0,1.0,0.0
80.0,236.0,2,1375.0,2.0,1.0,105.0,1.0,0.0,0.0,0.0
80.0,1258.0,2,1313.0,2.0,2.0,66.5,0.0,0.0,0.0,1.0
80.0,561.0,4,3640.0,4.0,1.0,275.0,0.0,1.0,0.0,0.0
80.0,1175.0,3,1693.0,3.0,2.0,108.0,0.0,1.0,0.0,0.0
80.0,507.0,2,1160.0,2.0,1.0,41.75,0.0,0.0,0.0,1.0
80.0,356.0,3,1200.0,3.0,0.0,200.0,0.0,0.0,1.0,0.0
80.0,1184.0,3,1255.0,2.0,2.0,79.0,0.0,0.0,0.0,1.0
80.0,96.0,4,1000.0,4.0,1.0,75.0,1.0,0.0,0.0,0.0
80.0,83.0,2,900.0,2.0,1.0,45.0,1.0,0.0,0.0,0.0
80.0,983.0,3,1700.0,3.0,2.0,90.0,0.0,0.0,0.0,1.0
80.0,415.0,3,1875.0,3.0,1.0,180.0,0.0,0.0,0.0,1.0
80.0,1134.0,3,1700.0,3.0,2.0,88.0,0.0,0.0,1.0,0.0
40.0,75.0,3,1749.0,3.0,2.0,115.0,0.0,0.0,0.0,1.0
80.0,561.0,2,1500.0,3.0,1.0,65.0,1.0,0.0,0.0,0.0
80.0,613.0,2,1175.0,2.0,1.0,48.0,1.0,0.0,0.0,0.0
80.0,1149.0,2,1280.0,2.0,1.0,60.0,0.0,0.0,0.0,1.0
80.0,1139.0,2,1200.0,2.0,2.0,50.0,0.0,0.0,0.0,1.0
80.0,1248.0,3,1610.0,2.0,2.0,115.0,0.0,0.0,0.0,1.0
80.0,947.0,2,1070.0,2.0,1.0,46.0,0.0,0.0,0.0,1.0
80.0,1163.0,2,1200.0,2.0,0.0,66.0,0.0,0.0,0.0,1.0
80.0,770.0,2,1127.0,2.0,1.0,50.0,1.0,0.0,0.0,0.0
80.0,833.0,2,1210.0,2.0,1.0,102.0,0.0,0.0,0.0,1.0
80.0,686.0,2,600.0,2.0,1.0,23.0,1.0,0.0,0.0,0.0
80.0,823.0,4,4190.0,4.0,3.0,380.0,1.0,0.0,0.0,0.0
80.0,918.0,2,1364.0,2.0,2.0,70.0,0.0,0.0,0.0,1.0
80.0,787.0,4,2268.0,3.0,0.0,146.0,0.0,0.0,0.0,1.0
80.0,636.0,3,1150.0,2.0,2.0,77.5,0.0,0.0,0.0,1.0
80.0,1192.0,2,1146.0,2.0,1.0,39.5,0.0,0.0,0.0,1.0
80.0,172.0,2,1345.0,2.0,2.0,55.0,0.0,0.0,1.0,0.0
67.0,1218.0,2,1110.0,2.0,2.0,41.0,0.0,0.0,0.0,1.0
80.0,797.0,2,750.0,2.0,1.0,36.0,0.0,0.0,0.0,1.0
80.0,963.0,2,1156.0,2.0,2.0,49.5,1.0,0.0,0.0,0.0
80.0,520.0,2,1247.0,2.0,1.0,59.8,0.0,0.0,0.0,1.0
80.0,1144.0,2,1058.0,2.0,2.0,60.0,0.0,0.0,0.0,1.0
80.0,4.0,2,950.0,2.0,1.0,48.0,0.0,0.0,0.0,1.0
80.0,737.0,2,420.0,2.0,0.0,35.0,0.0,0.0,1.0,0.0
80.0,761.0,4,600.0,2.0,2.0,90.0,0.0,0.0,0.0,1.0
80.0,447.0,3,1520.0,2.0,1.0,103.0,0.0,0.0,0.0,1.0
34.0,1248.0,2,1215.0,2.0,2.0,58.86,0.0,0.0,1.0,0.0
80.0,72.0,1,900.0,1.0,1.0,30.0,1.0,0.0,0.0,0.0
34.0,268.0,3,2350.0,3.0,2.0,174.0,0.0,0.0,0.0,1.0
29.0,1035.0,2,1050.0,2.0,2.0,46.0,0.0,0.0,1.0,0.0
80.0,273.0,3,1672.0,3.0,2.0,150.0,1.0,0.0,0.0,0.0
33.0,537.0,5,2800.0,5.0,2.0,125.0,0.0,0.0,0.0,1.0
80.0,344.0,3,1500.0,2.0,2.0,65.0,0.0,0.0,1.0,0.0
80.0,492.0,2,1400.0,2.0,2.0,65.0,0.0,0.0,0.0,1.0
80.0,1257.0,4,4500.0,4.0,2.0,378.0,1.0,0.0,0.0,0.0
80.0,504.0,4,2700.0,4.0,2.0,130.0,0.0,0.0,0.0,1.0
80.0,107.0,2,920.0,2.0,1.0,37.46,0.0,0.0,0.0,1.0
80.0,420.0,3,1200.0,3.0,2.0,70.0,0.0,0.0,0.0,1.0
80.0,829.0,3,1250.0,3.0,2.0,139.0,0.0,0.0,1.0,0.0
80.0,1248.0,3,1817.0,4.0,1.0,153.0,1.0,0.0,0.0,0.0
48.0,632.0,5,2043.0,6.0,1.0,375.0,0.0,0.0,0.0,1.0
34.0,192.0,2,1140.0,2.0,2.0,46.0,0.0,0.0,0.0,1.0
80.0,1052.0,4,4346.0,4.0,1.0,450.0,0.0,0.0,0.0,1.0
80.0,706.0,2,1464.0,2.0,2.0,56.0,0.0,0.0,1.0,0.0
80.0,415.0,2,1468.0,3.0,2.0,130.0,0.0,0.0,0.0,1.0
80.0,801.0,3,1555.0,2.0,1.0,82.0,1.0,0.0,0.0,0.0
80.0,70.0,6,1200.0,4.0,2.0,110.0,0.0,0.0,0.0,1.0
80.0,653.0,2,1150.0,2.0,0.0,55.0,1.0,0.0,0.0,0.0
80.0,700.0,2,970.0,2.0,1.0,35.0,0.0,0.0,0.0,1.0
80.0,561.0,4,2500.0,4.0,3.0,95.0,1.0,0.0,0.0,0.0
80.0,201.0,2,1166.0,2.0,1.0,53.0,0.0,0.0,0.0,1.0
80.0,472.0,3,2779.0,3.0,1.0,317.0,1.0,0.0,0.0,0.0
80.0,968.0,3,1350.0,3.0,2.0,58.0,0.0,0.0,0.0,1.0
80.0,637.0,2,900.0,2.0,3.0,46.0,0.0,0.0,0.0,1.0
80.0,907.0,3,1300.0,2.0,2.0,52.0,1.0,0.0,0.0,0.0
80.0,528.0,3,1190.0,3.0,1.0,55.0,0.0,0.0,0.0,1.0
20.0,1035.0,3,1495.0,2.0,2.0,75.0,0.0,0.0,1.0,0.0
68.0,1257.0,2,1224.0,2.0,2.0,105.0,0.0,0.0,0.0,1.0
80.0,532.0,3,1350.0,2.0,2.0,68.0,1.0,0.0,0.0,0.0
80.0,587.0,2,940.0,2.0,1.0,56.8,0.0,0.0,0.0,1.0
80.0,761.0,2,1100.0,2.0,1.0,55.0,0.0,0.0,0.0,1.0
80.0,834.0,2,1300.0,2.0,2.0,61.0,0.0,0.0,0.0,1.0
80.0,797.0,3,1480.0,2.0,0.0,145.0,0.0,0.0,0.0,1.0
80.0,415.0,2,1105.0,2.0,2.0,46.37,0.0,0.0,0.0,1.0
80.0,290.0,3,2600.0,3.0,2.0,200.0,0.0,0.0,0.0,1.0
26.0,702.0,3,1517.0,3.0,2.0,76.3,0.0,0.0,0.0,1.0
80.0,520.0,6,3800.0,8.0,0.0,200.0,0.0,0.0,0.0,1.0
80.0,516.0,3,1615.0,3.0,2.0,89.75,1.0,0.0,0.0,0.0
34.0,417.0,3,1500.0,3.0,2.0,65.0,0.0,0.0,0.0,1.0
80.0,1134.0,3,1082.0,3.0,1.0,50.5,0.0,0.0,1.0,0.0
80.0,70.0,2,1365.0,2.0,2.0,73.0,1.0,0.0,0.0,0.0
80.0,520.0,2,1000.0,2.0,3.0,25.0,0.0,0.0,0.0,1.0
80.0,876.0,2,1392.0,2.0,1.0,98.0,0.0,0.0,0.0,1.0
80.0,476.0,2,1086.0,2.0,1.0,33.66,0.0,0.0,0.0,1.0
80.0,845.0,3,1586.0,3.0,3.0,93.94,0.0,0.0,0.0,1.0
80.0,119.0,2,1100.0,2.0,1.0,60.0,0.0,0.0,0.0,1.0
80.0,223.0,2,1065.0,2.0,1.0,30.75,0.0,0.0,0.0,1.0
40.0,265.0,3,1500.0,2.0,1.0,120.0,0.0,0.0,0.0,1.0
80.0,247.0,3,1575.0,2.0,2.0,120.0,0.0,0.0,0.0,1.0
28.0,511.0,3,1975.0,3.0,3.0,123.0,0.0,0.0,0.0,1.0
80.0,1049.0,2,820.0,2.0,2.0,24.0,1.0,0.0,0.0,0.0
35.0,1144.0,3,1745.0,3.0,2.0,110.0,0.0,0.0,0.0,1.0
80.0,112.0,2,1223.0,2.0,1.0,60.0,0.0,1.0,0.0,0.0
80.0,252.0,3,1200.0,2.0,1.0,65.0,0.0,0.0,1.0,0.0
29.0,507.0,2,1200.0,2.0,0.0,90.0,1.0,0.0,0.0,0.0
80.0,910.0,1,665.0,1.0,1.0,46.08,0.0,0.0,0.0,1.0
28.0,1248.0,2,1351.0,2.0,2.0,70.0,0.0,0.0,1.0,0.0
80.0,938.0,3,1355.0,3.0,1.0,83.87,0.0,0.0,0.0,1.0
63.0,662.0,3,3900.0,3.0,2.0,300.0,0.0,0.0,0.0,1.0
80.0,528.0,3,1588.0,3.0,1.0,75.55,1.0,0.0,0.0,0.0
40.0,401.0,2,900.0,2.0,1.0,60.0,0.0,0.0,0.0,1.0
31.0,186.0,3,440.0,3.0,0.0,50.0,0.0,0.0,0.0,1.0
40.0,483.0,4,3385.0,4.0,1.0,260.0,0.0,0.0,0.0,1.0
80.0,158.0,3,1370.0,2.0,2.0,75.0,1.0,0.0,0.0,0.0
80.0,441.0,3,1500.0,3.0,1.0,71.8,0.0,0.0,0.0,1.0
80.0,1035.0,3,2280.0,3.0,1.0,285.0,0.0,0.0,0.0,1.0
80.0,179.0,3,1100.0,3.0,2.0,53.0,0.0,0.0,0.0,1.0
80.0,1257.0,2,1247.0,2.0,0.0,53.0,0.0,0.0,0.0,1.0
80.0,382.0,3,2000.0,3.0,2.0,200.0,0.0,0.0,1.0,0.0
31.0,534.0,2,1020.07,2.0,1.0,68.38,0.0,0.0,0.0,1.0
28.0,656.0,3,1033.0,2.0,2.0,32.0,0.0,0.0,0.0,1.0
27.0,504.0,3,1460.0,2.0,3.0,73.0,0.0,0.0,0.0,1.0
80.0,114.0,2,1150.0,2.0,2.0,52.8,0.0,0.0,0.0,1.0
80.0,636.0,5,5965.0,5.0,1.0,385.0,0.0,0.0,0.0,1.0
80.0,676.0,2,1141.0,2.0,1.0,46.0,0.0,0.0,0.0,1.0
40.0,1248.0,4,2912.5,6.0,0.0,125.5,0.0,0.0,0.0,1.0
34.0,995.0,4,4200.0,4.0,3.0,325.0,0.0,0.0,0.0,1.0
80.0,1144.0,3,1665.0,2.0,3.0,125.0,0.0,0.0,0.0,1.0
80.0,1248.0,2,1295.0,2.0,2.0,64.0,0.0,0.0,0.0,1.0
45.0,534.0,2,1230.0,2.0,1.0,78.0,0.0,0.0,0.0,1.0
80.0,192.0,3,1080.0,2.0,2.0,75.0,1.0,0.0,0.0,0.0
80.0,662.0,2,1000.0,2.0,1.0,60.0,0.0,0.0,0.0,1.0
40.0,587.0,3,2400.0,2.0,0.0,50.0,0.0,0.0,0.0,1.0
80.0,464.0,1,630.5,1.0,0.0,32.79,0.0,0.0,0.0,1.0
80.0,179.0,3,1708.0,3.0,2.0,75.0,0.0,0.0,0.0,1.0
34.0,268.0,3,1697.0,3.0,2.0,115.0,0.0,0.0,0.0,1.0
80.0,1216.0,4,3537.0,5.0,3.0,210.0,0.0,0.0,0.0,1.0
80.0,542.0,1,615.0,1.0,1.0,28.29,0.0,0.0,0.0,1.0
80.0,864.0,3,1350.0,2.0,0.0,83.0,0.0,0.0,0.0,1.0
80.0,1248.0,3,1530.0,2.0,1.0,66.4,0.0,0.0,0.0,1.0
80.0,21.0,2,1083.0,2.0,1.0,32.49,0.0,0.0,0.0,1.0
80.0,1034.0,3,1460.0,2.0,2.0,65.0,0.0,0.0,1.0,0.0
80.0,963.0,2,1084.0,2.0,1.0,58.0,1.0,0.0,0.0,0.0
80.0,513.0,2,1035.0,2.0,1.0,41.43,0.0,0.0,0.0,1.0
28.0,1248.0,3,2400.0,2.0,1.0,150.0,0.0,0.0,0.0,1.0
80.0,78.0,1,460.0,1.0,1.0,21.0,0.0,0.0,0.0,1.0
80.0,557.0,5,950.0,5.0,1.0,90.0,0.0,0.0,0.0,1.0
80.0,834.0,2,1285.0,2.0,2.0,55.9,0.0,0.0,0.0,1.0
80.0,797.0,19,2000.0,16.0,1.0,490.0,0.0,0.0,0.0,1.0
80.0,604.0,3,1200.0,3.0,2.0,78.0,0.0,0.0,1.0,0.0
80.0,1252.0,2,1070.0,2.0,1.0,35.0,0.0,0.0,0.0,1.0
80.0,116.0,3,1801.0,3.0,2.0,140.0,0.0,0.0,1.0,0.0
80.0,1111.0,3,1697.0,3.0,2.0,115.0,1.0,0.0,0.0,0.0
80.0,845.0,2,1199.0,2.0,2.0,65.0,1.0,0.0,0.0,0.0
80.0,1034.0,3,2300.0,3.0,1.0,220.0,0.0,0.0,0.0,1.0
80.0,404.0,3,1340.0,2.0,3.0,64.31,1.0,0.0,0.0,0.0
80.0,728.0,4,3800.0,4.0,3.0,205.0,0.0,0.0,1.0,0.0
43.0,662.0,5,600.0,5.0,1.0,50.0,0.0,0.0,0.0,1.0
80.0,839.0,2,1125.0,2.0,1.0,75.0,0.0,0.0,1.0,0.0
80.0,298.0,2,1200.0,2.0,1.0,67.0,1.0,0.0,0.0,0.0
80.0,417.0,2,1050.0,2.0,3.0,41.0,0.0,0.0,0.0,1.0
80.0,1175.0,2,956.0,2.0,1.0,49.0,1.0,0.0,0.0,0.0
80.0,214.0,2,1000.0,2.0,2.0,30.0,0.0,0.0,0.0,1.0
80.0,883.0,3,1596.0,3.0,0.0,95.0,0.0,0.0,0.0,1.0
80.0,1263.0,6,1200.0,5.0,1.0,150.0,0.0,0.0,0.0,1.0
73.0,39.0,2,1296.0,2.0,3.0,89.06,0.0,0.0,0.0,1.0
29.0,214.0,6,1200.0,7.0,1.0,170.0,0.0,0.0,0.0,1.0
26.0,713.0,3,1639.0,3.0,3.0,123.0,0.0,0.0,0.0,1.0
80.0,983.0,2,1219.0,2.0,1.0,61.25,1.0,0.0,0.0,0.0
80.0,402.0,3,1200.0,3.0,1.0,50.0,1.0,0.0,0.0,0.0
80.0,562.0,2,1218.0,2.0,1.0,73.0,0.0,0.0,0.0,1.0
80.0,986.0,2,920.0,2.0,3.0,37.0,1.0,0.0,0.0,0.0
80.0,755.0,3,2559.0,3.0,2.0,141.0,0.0,0.0,0.0,1.0
80.0,456.0,1,525.0,1.0,1.0,26.0,0.0,1.0,0.0,0.0
80.0,875.0,3,1427.0,2.0,2.0,48.51,0.0,0.0,0.0,1.0
80.0,797.0,3,1270.0,3.0,2.0,45.0,0.0,0.0,0.0,1.0
56.0,582.0,2,920.0,2.0,3.0,65.0,0.0,0.0,0.0,1.0
80.0,545.0,4,2700.0,3.0,2.0,68.0,1.0,0.0,0.0,0.0
80.0,1257.0,3,1740.0,3.0,2.0,199.0,1.0,0.0,0.0,0.0
80.0,725.0,3,1355.0,2.0,1.0,40.0,0.0,0.0,1.0,0.0
80.0,1218.0,3,1530.0,2.0,2.0,90.0,0.0,0.0,1.0,0.0
80.0,662.0,3,1372.0,2.0,1.0,90.0,0.0,0.0,0.0,1.0
80.0,1248.0,4,2363.0,5.0,2.0,120.0,0.0,0.0,0.0,1.0
80.0,1175.0,4,3895.0,4.0,3.0,220.0,1.0,0.0,0.0,0.0
80.0,1263.0,3,1950.0,3.0,2.0,131.0,1.0,0.0,0.0,0.0
28.0,250.0,2,885.0,2.0,3.0,40.0,0.0,1.0,0.0,0.0
80.0,984.0,2,600.0,2.0,2.0,27.0,0.0,0.0,0.0,1.0
80.0,80.0,5,1270.0,4.0,1.0,128.0,0.0,0.0,0.0,1.0
80.0,1231.0,2,1380.0,2.0,0.0,225.0,1.0,0.0,0.0,0.0
80.0,234.0,2,1339.0,2.0,2.0,62.0,0.0,0.0,0.0,1.0
80.0,622.0,2,1130.0,2.0,1.0,36.0,1.0,0.0,0.0,0.0
80.0,234.0,2,1085.0,2.0,2.0,43.0,0.0,0.0,0.0,1.0
80.0,504.0,3,1430.0,3.0,2.0,72.0,1.0,0.0,0.0,0.0
80.0,1248.0,4,1451.5,4.0,1.0,121.0,0.0,0.0,0.0,1.0
80.0,654.0,5,6200.0,5.0,1.0,720.0,0.0,0.0,1.0,0.0
80.0,743.0,3,1490.0,2.0,1.0,59.6,0.0,0.0,0.0,1.0
80.0,1263.0,4,1650.0,4.0,0.0,99.0,0.0,0.0,0.0,1.0
80.0,116.0,2,1286.0,2.0,2.0,57.0,0.0,0.0,1.0,0.0
80.0,756.0,2,925.0,2.0,2.0,63.0,0.0,0.0,1.0,0.0
80.0,784.0,4,3016.0,4.0,3.0,230.0,0.0,0.0,0.0,1.0
80.0,782.0,2,1000.0,2.0,2.0,44.0,0.0,0.0,1.0,0.0
80.0,561.0,2,1215.0,2.0,2.0,39.0,0.0,0.0,1.0,0.0
26.0,597.0,4,1200.0,3.0,1.0,95.0,0.0,0.0,0.0,1.0
80.0,363.0,2,1336.0,2.0,2.0,100.0,0.0,0.0,1.0,0.0
80.0,1045.0,1,673.0,1.0,1.0,36.85,0.0,0.0,0.0,1.0
80.0,662.0,2,1200.0,2.0,1.0,58.0,0.0,0.0,0.0,1.0
80.0,754.0,6,600.0,7.0,2.0,63.0,0.0,0.0,1.0,0.0
80.0,797.0,3,1600.0,3.0,3.0,160.0,0.0,0.0,0.0,1.0
80.0,711.0,2,1200.0,2.0,0.0,79.0,0.0,0.0,0.0,1.0
80.0,714.0,6,2480.0,4.0,1.0,750.0,0.0,0.0,0.0,1.0
80.0,671.0,3,2500.0,3.0,1.0,270.0,0.0,0.0,0.0,1.0
80.0,1257.0,5,2400.0,5.0,3.0,100.0,0.0,0.0,1.0,0.0
80.0,1029.0,2,1143.0,2.0,2.0,65.0,1.0,0.0,0.0,0.0
80.0,324.0,2,1470.0,2.0,2.0,61.74,0.0,0.0,0.0,1.0
80.0,1258.0,4,1584.0,3.0,2.0,145.0,0.0,0.0,0.0,1.0
80.0,240.0,3,1785.0,3.0,2.0,94.0,0.0,0.0,0.0,1.0
80.0,1144.0,3,2292.0,3.0,2.0,286.0,0.0,0.0,0.0,1.0
80.0,404.0,3,1460.0,3.0,3.0,71.0,0.0,0.0,0.0,1.0
80.0,1018.0,3,1500.0,2.0,3.0,80.0,1.0,0.0,0.0,0.0
80.0,781.0,5,1200.0,4.0,1.0,140.0,0.0,0.0,0.0,1.0
80.0,189.0,5,3300.0,3.0,1.0,250.0,0.0,0.0,1.0,0.0
80.0,1035.0,2,1230.0,2.0,2.0,48.0,0.0,0.0,1.0,0.0
80.0,986.0,1,650.0,1.0,1.0,20.0,0.0,0.0,1.0,0.0
80.0,673.0,2,1480.0,2.0,1.0,120.0,0.0,0.0,0.0,1.0
80.0,668.0,2,1220.0,2.0,1.0,43.92,1.0,0.0,0.0,0.0
80.0,276.0,3,1570.0,3.0,1.0,115.0,0.0,0.0,0.0,1.0
28.0,1089.0,3,3000.0,3.0,3.0,400.0,0.0,0.0,0.0,1.0
80.0,100.0,3,1665.0,3.0,2.0,86.91,1.0,0.0,0.0,0.0
80.0,224.0,3,1350.0,3.0,1.0,380.0,0.0,0.0,0.0,1.0
80.0,1263.0,4,4000.0,5.0,2.0,600.0,0.0,0.0,0.0,1.0
80.0,1157.0,2,1100.0,2.0,0.0,68.0,0.0,0.0,1.0,0.0
80.0,1248.0,3,1350.0,2.0,1.0,87.01,0.0,0.0,0.0,1.0
80.0,1175.0,3,1719.0,3.0,2.0,116.0,0.0,1.0,0.0,0.0
5.0,714.0,1,664.0,1.0,1.0,35.0,0.0,0.0,0.0,1.0
80.0,918.0,2,1011.0,2.0,1.0,50.53,0.0,0.0,0.0,1.0
80.0,516.0,6,2400.0,6.0,0.0,130.0,0.0,0.0,0.0,1.0
80.0,1085.0,3,1680.0,3.0,2.0,85.0,0.0,0.0,0.0,1.0
80.0,829.0,2,717.0,2.0,0.0,49.475,1.0,0.0,0.0,0.0
80.0,489.0,4,700.0,4.0,2.0,110.0,0.0,0.0,0.0,1.0
80.0,662.0,3,1520.0,2.0,2.0,150.0,0.0,0.0,1.0,0.0
80.0,1070.0,3,1350.0,2.0,2.0,53.0,1.0,0.0,0.0,0.0
80.0,1022.0,3,1760.0,3.0,1.0,150.0,1.0,0.0,0.0,0.0
80.0,29.0,2,875.0,2.0,1.0,33.0,0.0,0.0,0.0,1.0
80.0,812.0,2,1231.0,2.0,2.0,48.0,0.0,0.0,1.0,0.0
80.0,1298.0,2,1174.0,2.0,3.0,74.0,0.0,0.0,1.0,0.0
80.0,703.0,3,1560.0,3.0,3.0,75.0,0.0,0.0,0.0,1.0
80.0,363.0,2,1464.0,2.0,2.0,56.0,0.0,0.0,0.0,1.0
80.0,561.0,3,2200.0,3.0,2.0,130.0,0.0,0.0,0.0,1.0
28.0,415.0,2,850.0,2.0,2.0,55.0,1.0,0.0,0.0,0.0
80.0,230.0,3,1750.0,3.0,1.0,180.0,0.0,0.0,0.0,1.0
80.0,773.0,3,2024.0,3.0,1.0,157.0,0.0,0.0,1.0,0.0
80.0,700.0,2,1500.0,1.0,0.0,160.0,0.0,0.0,1.0,0.0
80.0,1175.0,6,2100.0,6.0,1.0,275.0,0.0,0.0,0.0,1.0
80.0,304.0,3,2408.0,4.0,2.0,260.0,0.0,0.0,0.0,1.0
31.0,511.0,2,1080.0,2.0,1.0,44.0,0.0,0.0,0.0,1.0
80.0,528.0,3,2070.0,3.0,2.0,225.0,1.0,0.0,0.0,0.0
80.0,1144.0,2,1020.0,2.0,1.0,29.46,0.0,0.0,1.0,0.0
80.0,183.0,3,1500.0,2.0,3.0,55.0,1.0,0.0,0.0,0.0
80.0,1223.0,4,1575.0,5.0,1.0,158.0,1.0,0.0,0.0,0.0
80.0,507.0,4,3250.0,4.0,1.0,180.0,0.0,0.0,0.0,1.0
80.0,513.0,2,1175.0,2.0,1.0,47.0,0.0,0.0,0.0,1.0
80.0,898.0,2,1030.0,2.0,1.0,34.5,0.0,0.0,0.0,1.0
80.0,471.0,2,1440.0,2.0,1.0,115.0,0.0,0.0,0.0,1.0
80.0,944.0,2,1500.0,2.0,1.0,84.0,0.0,0.0,0.0,1.0
35.0,1035.0,1,1380.0,1.0,1.0,62.1,0.0,0.0,0.0,1.0
80.0,641.0,2,1200.0,2.0,3.0,50.0,0.0,0.0,0.0,1.0
80.0,348.0,1,705.0,1.0,2.0,36.5,0.0,0.0,0.0,1.0
80.0,790.0,3,2240.0,5.0,2.0,155.0,0.0,0.0,1.0,0.0
80.0,700.0,3,1584.01,3.0,1.0,103.0,0.0,0.0,0.0,1.0
80.0,511.0,3,1340.0,3.0,3.0,77.0,0.0,0.0,0.0,1.0
27.0,604.0,3,1800.0,3.0,2.0,70.0,0.0,0.0,1.0,0.0
31.0,417.0,2,1200.0,2.0,3.0,45.0,0.0,0.0,0.0,1.0
80.0,1175.0,1,685.0,1.0,1.0,40.0,0.0,0.0,1.0,0.0
80.0,582.0,2,925.0,2.0,3.0,42.0,0.0,0.0,0.0,1.0
80.0,89.0,2,1230.0,2.0,2.0,57.0,0.0,0.0,1.0,0.0
80.0,108.0,5,1200.0,5.0,1.0,185.0,1.0,0.0,0.0,0.0
80.0,492.0,2,1125.0,2.0,1.0,52.0,0.0,0.0,0.0,1.0
80.0,950.0,2,1100.0,2.0,1.0,54.0,0.0,0.0,1.0,0.0
80.0,516.0,3,2400.0,3.0,2.0,149.0,0.0,0.0,0.0,1.0
80.0,972.0,3,1400.0,2.0,2.0,41.58,0.0,0.0,0.0,1.0
80.0,720.0,7,1200.0,7.0,2.0,225.0,1.0,0.0,0.0,0.0
80.0,380.0,3,1858.0,3.0,1.0,98.3,0.0,0.0,0.0,1.0
80.0,653.0,1,1260.0,1.0,1.0,41.0,0.0,0.0,1.0,0.0
80.0,729.0,4,3530.0,4.0,2.0,290.0,0.0,0.0,0.0,1.0
80.0,604.0,2,1185.0,2.0,2.0,60.0,0.0,0.0,1.0,0.0
80.0,344.0,2,1200.0,2.0,1.0,216.0,0.0,0.0,0.0,1.0
80.0,1258.0,2,1255.0,2.0,1.0,58.0,0.0,0.0,1.0,0.0
80.0,315.0,4,3436.0,6.0,3.0,475.0,0.0,0.0,1.0,0.0
80.0,201.0,3,1335.0,3.0,2.0,89.0,0.0,0.0,1.0,0.0
80.0,503.0,3,1999.0,3.0,2.0,132.0,1.0,0.0,0.0,0.0
80.0,968.0,2,1200.0,2.0,1.0,125.0,0.0,0.0,0.0,1.0
65.0,662.0,3,1397.0,3.0,2.0,110.0,0.0,0.0,0.0,1.0
80.0,1186.0,10,1200.0,10.0,1.0,105.0,0.0,0.0,1.0,0.0
80.0,182.0,4,3950.0,4.0,1.0,450.0,1.0,0.0,0.0,0.0
31.0,186.0,2,1200.0,2.0,1.0,130.0,0.0,0.0,0.0,1.0
80.0,1127.0,3,1616.0,3.0,0.0,95.0,0.0,0.0,1.0,0.0
80.0,415.0,8,1200.0,7.0,2.0,350.0,0.0,0.0,0.0,1.0
80.0,1144.0,4,1270.0,2.0,1.0,175.0,0.0,0.0,1.0,0.0
69.0,662.0,2,1140.0,2.0,2.0,38.55,0.0,0.0,0.0,1.0
80.0,1263.0,1,525.0,1.0,1.0,30.0,0.0,0.0,0.0,1.0
80.0,729.0,3,1200.0,2.0,1.0,98.0,1.0,0.0,0.0,0.0
45.0,1144.0,1,700.0,1.0,1.0,162.0,0.0,0.0,0.0,1.0
34.0,831.0,2,1205.47,2.0,1.0,81.0,0.0,0.0,0.0,1.0
80.0,472.0,3,1200.0,3.0,2.0,130.0,0.0,0.0,0.0,1.0
80.0,1248.0,3,1700.0,3.0,2.0,75.0,0.0,0.0,0.0,1.0
45.0,520.0,5,750.0,4.0,0.0,62.0,0.0,0.0,0.0,1.0
80.0,865.0,2,1090.0,2.0,1.0,54.54,1.0,0.0,0.0,0.0
40.0,402.0,4,3600.0,5.0,1.0,220.0,0.0,0.0,0.0,1.0
80.0,415.0,1,2400.0,1.0,0.0,650.0,0.0,0.0,0.0,1.0
80.0,561.0,1,923.0,1.0,1.0,60.84,1.0,0.0,0.0,0.0
80.0,1035.0,4,3595.0,6.0,2.0,360.0,0.0,0.0,0.0,1.0
80.0,1248.0,2,1050.0,2.0,2.0,48.0,1.0,0.0,0.0,0.0
45.0,1248.0,2,1495.0,2.0,2.0,79.5,0.0,0.0,0.0,1.0
80.0,1152.0,3,1664.0,2.0,1.0,93.865,0.0,0.0,0.0,1.0
80.0,1144.0,3,1485.0,3.0,2.0,85.0,0.0,0.0,0.0,1.0
80.0,1257.0,3,1033.0,2.0,2.0,31.5,0.0,0.0,0.0,1.0
80.0,752.0,3,1400.0,2.0,1.0,48.0,0.0,0.0,0.0,1.0
80.0,834.0,1,500.0,1.0,0.0,70.0,0.0,0.0,0.0,1.0
80.0,397.0,2,944.0,2.0,1.0,35.0,0.0,0.0,0.0,1.0
80.0,346.0,5,3250.0,5.0,0.0,290.0,0.0,0.0,0.0,1.0
80.0,394.0,2,1216.0,2.0,1.0,66.48,1.0,0.0,0.0,0.0
80.0,1248.0,2,1100.0,2.0,1.0,39.5,1.0,0.0,0.0,0.0
80.0,981.0,3,1743.0,3.0,2.0,93.25,0.0,0.0,0.0,1.0
80.0,463.0,2,1274.0,2.0,2.0,48.42,0.0,0.0,1.0,0.0
80.0,1037.0,3,2500.0,3.0,2.0,425.0,0.0,0.0,1.0,0.0
80.0,533.0,3,1512.0,2.0,2.0,110.0,0.0,0.0,0.0,1.0
80.0,116.0,4,3100.0,5.0,1.0,385.0,0.0,0.0,0.0,1.0
80.0,270.0,3,1650.0,3.0,3.0,100.0,0.0,0.0,1.0,0.0
80.0,1035.0,3,1875.0,3.0,1.0,55.0,0.0,0.0,0.0,1.0
80.0,973.0,3,1350.0,3.0,2.0,54.0,0.0,0.0,1.0,0.0
73.0,214.0,2,1219.0,2.0,2.0,40.0,0.0,0.0,0.0,1.0
80.0,1149.0,4,1200.0,4.0,1.0,150.0,0.0,0.0,0.0,1.0
80.0,635.0,3,2400.0,3.0,3.0,85.0,0.0,0.0,0.0,1.0
80.0,1080.0,2,1141.0,2.0,1.0,44.4,0.0,0.0,0.0,1.0
80.0,234.0,2,1151.0,2.0,1.0,43.1,0.0,0.0,0.0,1.0
80.0,663.0,3,832.0,3.0,1.0,77.0,0.0,0.0,0.0,1.0
80.0,167.0,2,915.0,2.0,1.0,38.0,0.0,0.0,1.0,0.0
27.0,119.0,3,3259.0,3.0,0.0,270.0,0.0,0.0,0.0,1.0
80.0,150.0,2,1115.0,2.0,1.0,65.12,1.0,0.0,0.0,0.0
80.0,656.0,3,2072.0,4.0,2.0,139.0,0.0,0.0,0.0,1.0
80.0,668.0,2,1200.0,2.0,2.0,53.0,0.0,0.0,0.0,1.0
80.0,573.0,2,1300.0,2.0,2.0,65.0,1.0,0.0,0.0,0.0
80.0,179.0,2,1457.0,2.0,2.0,85.0,1.0,0.0,0.0,0.0
80.0,492.0,2,1262.0,2.0,2.0,55.0,0.0,0.0,0.0,1.0
29.0,729.0,4,1196.0,3.0,1.0,150.0,0.0,0.0,0.0,1.0
52.0,1248.0,2,900.0,2.0,2.0,22.5,1.0,0.0,0.0,0.0
80.0,1087.0,1,420.0,1.0,1.0,17.0,0.0,0.0,0.0,1.0
80.0,1035.0,2,1160.0,2.0,1.0,46.39,0.0,0.0,0.0,1.0
34.0,582.0,2,1115.0,2.0,2.0,50.0,0.0,0.0,0.0,1.0
80.0,64.0,3,1315.0,2.0,1.0,85.4,0.0,0.0,0.0,1.0
40.0,1035.0,2,1500.0,2.0,2.0,57.0,0.0,0.0,0.0,1.0
68.0,1137.0,2,1127.0,2.0,1.0,68.0,0.0,0.0,0.0,1.0
80.0,1175.0,3,1397.0,3.0,2.0,104.0,0.0,0.0,0.0,1.0
80.0,1232.0,2,1173.0,2.0,1.0,60.0,1.0,0.0,0.0,0.0
80.0,192.0,2,1090.0,2.0,2.0,28.0,0.0,0.0,0.0,1.0
80.0,1111.0,3,2720.0,5.0,1.0,210.0,0.0,0.0,1.0,0.0
80.0,1161.0,2,1230.0,2.0,1.0,76.0,0.0,0.0,1.0,0.0
80.0,304.0,4,3200.0,3.0,3.0,190.0,1.0,0.0,0.0,0.0
80.0,1175.0,2,858.0,2.0,1.0,31.57,0.0,0.0,0.0,1.0
32.0,504.0,3,1868.0,3.0,1.0,121.0,0.0,0.0,0.0,1.0
80.0,763.0,3,1689.28,3.0,2.0,91.2,0.0,0.0,0.0,1.0
34.0,729.0,4,600.0,3.0,2.0,73.0,0.0,0.0,0.0,1.0
31.0,1034.0,3,1425.0,3.0,3.0,49.88,0.0,0.0,0.0,1.0
80.0,668.0,6,1200.0,6.0,2.0,170.0,0.0,0.0,0.0,1.0
80.0,1089.0,2,1350.0,2.0,1.0,100.0,0.0,0.0,0.0,1.0
80.0,1035.0,6,4200.0,6.0,0.0,180.0,0.0,0.0,0.0,1.0
40.0,265.0,3,1310.0,2.0,1.0,85.0,0.0,0.0,0.0,1.0
80.0,797.0,4,3185.0,2.0,1.0,175.0,1.0,0.0,0.0,0.0
80.0,982.0,2,970.0,2.0,1.0,40.0,0.0,0.0,0.0,1.0
80.0,1200.0,3,1397.0,3.0,3.0,108.0,1.0,0.0,0.0,0.0
80.0,712.0,2,1157.0,2.0,1.0,40.0,0.0,0.0,0.0,1.0
80.0,734.0,2,1125.0,2.0,1.0,61.2,0.0,0.0,1.0,0.0
80.0,107.0,2,1157.0,2.0,1.0,42.0,0.0,0.0,0.0,1.0
80.0,275.0,2,1241.0,2.0,1.0,82.0,0.0,0.0,0.0,1.0
80.0,1149.0,1,660.0,1.0,1.0,62.0,0.0,0.0,0.0,1.0
39.0,1037.0,4,4000.0,4.0,3.0,220.0,0.0,0.0,0.0,1.0
80.0,1263.0,4,2340.0,4.0,1.0,148.0,0.0,0.0,0.0,1.0
80.0,302.0,1,596.0,1.0,1.0,42.0,0.0,0.0,0.0,1.0
31.0,420.0,16,10000.0,16.0,1.0,550.0,1.0,0.0,0.0,0.0
80.0,158.0,4,1200.0,4.0,3.0,110.0,1.0,0.0,0.0,0.0
80.0,1073.0,3,1910.0,3.0,1.0,190.0,0.0,0.0,0.0,1.0
80.0,4.0,2,1139.0,2.0,2.0,80.0,1.0,0.0,0.0,0.0
80.0,823.0,4,3122.0,5.0,2.0,225.0,0.0,0.0,0.0,1.0
80.0,784.0,2,1033.0,2.0,2.0,28.41,0.0,0.0,1.0,0.0
44.0,282.0,2,1168.0,2.0,2.0,64.08,0.0,0.0,0.0,1.0
9.0,1208.0,2,877.0,2.0,3.0,42.0,0.0,0.0,0.0,1.0
80.0,70.0,2,1340.0,2.0,2.0,75.0,0.0,0.0,0.0,1.0
80.0,1006.0,3,1405.0,2.0,2.0,70.0,0.0,0.0,0.0,1.0
80.0,279.0,3,1800.0,3.0,3.0,65.0,0.0,0.0,0.0,1.0
39.0,533.0,3,1750.0,3.0,3.0,149.0,0.0,0.0,0.0,1.0
80.0,1256.0,3,1360.0,2.0,1.0,65.0,0.0,0.0,0.0,1.0
80.0,1080.0,3,675.0,2.0,0.0,148.0,1.0,0.0,0.0,0.0
80.0,230.0,2,985.0,2.0,1.0,63.0,0.0,0.0,0.0,1.0
80.0,267.0,2,1300.0,2.0,1.0,129.0,0.0,0.0,0.0,1.0
80.0,520.0,3,1850.0,3.0,2.0,150.0,0.0,0.0,0.0,1.0
45.0,534.0,3,1490.0,2.0,3.0,88.0,0.0,0.0,0.0,1.0
80.0,415.0,2,620.0,1.0,1.0,25.0,0.0,0.0,0.0,1.0
80.0,817.0,2,1130.0,2.0,1.0,42.3,0.0,0.0,1.0,0.0
68.0,662.0,2,1080.0,2.0,2.0,55.0,0.0,0.0,0.0,1.0
80.0,686.0,4,3126.0,4.0,1.0,120.0,0.0,0.0,1.0,0.0
80.0,663.0,3,1410.0,2.0,3.0,52.17,0.0,0.0,1.0,0.0
80.0,1257.0,3,1375.0,3.0,2.0,59.0,0.0,0.0,0.0,1.0
80.0,1149.0,3,1290.0,2.0,1.0,94.5,0.0,0.0,0.0,1.0
80.0,217.0,3,1318.0,2.0,1.0,85.28,0.0,0.0,0.0,1.0
80.0,1150.0,2,1128.0,2.0,1.0,68.0,0.0,0.0,0.0,1.0
31.0,1186.0,4,4428.0,4.0,2.0,255.0,0.0,0.0,1.0,0.0
80.0,189.0,2,1051.0,2.0,2.0,56.74,0.0,0.0,0.0,1.0
80.0,723.0,3,3500.0,5.0,0.0,275.0,0.0,0.0,1.0,0.0
80.0,841.0,4,2400.0,4.0,1.0,130.0,0.0,0.0,1.0,0.0
27.0,417.0,2,1327.0,2.0,3.0,85.0,1.0,0.0,0.0,0.0
47.0,1035.0,4,2912.0,6.0,2.0,210.0,0.0,0.0,0.0,1.0
77.0,582.0,2,1301.0,2.0,2.0,55.0,0.0,0.0,0.0,1.0
80.0,845.0,1,650.0,1.0,0.0,30.0,1.0,0.0,0.0,0.0
26.0,511.0,3,1200.0,3.0,1.0,67.75,0.0,0.0,0.0,1.0
80.0,1033.0,3,1500.0,2.0,2.0,89.99,0.0,0.0,0.0,1.0
80.0,784.0,4,2700.0,6.0,1.0,675.0,0.0,0.0,0.0,1.0
27.0,635.0,4,1350.0,4.0,2.0,145.0,0.0,0.0,0.0,1.0
80.0,1004.0,2,1000.0,2.0,1.0,28.88,0.0,0.0,0.0,1.0
34.0,769.0,2,984.0,2.0,1.0,45.91,0.0,0.0,0.0,1.0
33.0,537.0,3,1819.18,3.0,1.0,160.0,0.0,0.0,0.0,1.0
80.0,230.0,1,900.0,1.0,0.0,175.0,0.0,0.0,0.0,1.0
80.0,1035.0,3,1355.0,3.0,1.0,83.87,0.0,0.0,0.0,1.0
80.0,290.0,3,2145.0,4.0,1.0,270.0,0.0,0.0,0.0,1.0
23.0,511.0,3,2475.0,4.0,3.0,300.0,0.0,0.0,0.0,1.0
75.0,528.0,2,1118.0,2.0,0.0,30.0,0.0,0.0,0.0,1.0
80.0,977.0,1,910.0,1.0,1.0,42.0,0.0,0.0,0.0,1.0
80.0,511.0,3,1250.0,3.0,2.0,39.0,0.0,0.0,1.0,0.0
80.0,1045.0,2,1304.0,2.0,3.0,100.0,0.0,0.0,0.0,1.0
80.0,968.0,3,1615.0,3.0,2.0,58.0,0.0,0.0,0.0,1.0
80.0,464.0,2,1400.0,2.0,2.0,68.0,0.0,0.0,0.0,1.0
80.0,29.0,2,1070.0,2.0,2.0,47.5,0.0,0.0,0.0,1.0
65.0,662.0,3,3500.0,3.0,3.0,395.0,0.0,0.0,0.0,1.0
34.0,250.0,2,1132.0,2.0,1.0,89.37,0.0,0.0,0.0,1.0
52.0,1248.0,3,2000.0,3.0,2.0,85.0,0.0,0.0,0.0,1.0
26.0,623.0,7,2400.0,5.0,1.0,550.0,0.0,0.0,1.0,0.0
80.0,662.0,1,794.0,1.0,2.0,65.0,0.0,0.0,0.0,1.0
80.0,1137.0,2,1090.0,2.0,2.0,43.59,0.0,0.0,0.0,1.0
80.0,797.0,3,1500.0,3.0,2.0,70.0,0.0,0.0,0.0,1.0
80.0,986.0,3,2059.0,3.0,2.0,225.0,0.0,0.0,0.0,1.0
80.0,737.0,1,525.0,1.0,1.0,30.0,0.0,0.0,1.0,0.0
80.0,124.0,2,1447.0,2.0,1.0,75.97,0.0,0.0,0.0,1.0
27.0,302.0,2,1269.0,2.0,1.0,75.0,0.0,0.0,0.0,1.0
80.0,296.0,4,4800.0,4.0,0.0,700.0,1.0,0.0,0.0,0.0
80.0,1103.0,2,1070.0,2.0,2.0,37.45,0.0,0.0,0.0,1.0
80.0,415.0,2,1150.0,2.0,0.0,28.0,1.0,0.0,0.0,0.0
80.0,338.0,2,1208.0,2.0,2.0,70.0,0.0,0.0,0.0,1.0
80.0,194.0,2,1185.0,2.0,1.0,45.5,0.0,0.0,1.0,0.0
80.0,1175.0,3,1200.0,3.0,1.0,130.0,0.0,0.0,0.0,1.0
40.0,265.0,2,888.0,2.0,1.0,34.0,0.0,0.0,0.0,1.0
80.0,394.0,2,1015.0,2.0,2.0,25.88,0.0,0.0,0.0,1.0
80.0,511.0,1,532.0,1.0,1.0,22.49,0.0,0.0,1.0,0.0
80.0,588.0,3,1060.0,3.0,1.0,62.0,0.0,0.0,0.0,1.0
80.0,504.0,1,700.0,1.0,1.0,35.0,0.0,0.0,0.0,1.0
80.0,58.0,2,902.0,2.0,2.0,42.0,0.0,0.0,1.0,0.0
80.0,179.0,6,600.0,3.0,3.0,95.0,1.0,0.0,0.0,0.0
80.0,828.0,2,1175.0,2.0,1.0,47.0,0.0,0.0,0.0,1.0
80.0,96.0,2,1365.0,2.0,1.0,122.0,1.0,0.0,0.0,0.0
80.0,96.0,2,984.0,2.0,1.0,51.0,0.0,0.0,1.0,0.0
33.0,1257.0,4,2700.0,2.0,2.0,100.0,0.0,0.0,1.0,0.0
80.0,830.0,3,1475.0,3.0,2.0,96.0,0.0,0.0,0.0,1.0
80.0,1037.0,2,1300.0,2.0,2.0,79.0,0.0,0.0,0.0,1.0
52.0,1175.0,5,1200.0,6.0,1.0,220.0,0.0,0.0,0.0,1.0
80.0,415.0,3,1453.0,2.0,2.0,43.59,0.0,0.0,0.0,1.0
80.0,1216.0,2,1550.0,2.0,3.0,160.0,0.0,0.0,0.0,1.0
80.0,610.0,3,1666.0,3.0,1.0,95.0,1.0,0.0,0.0,0.0
80.0,1248.0,4,1410.0,4.0,2.0,160.0,0.0,0.0,1.0,0.0
80.0,424.0,4,4025.0,5.0,3.0,800.0,0.0,0.0,0.0,1.0
80.0,711.0,3,1845.0,3.0,3.0,91.0,0.0,0.0,1.0,0.0
34.0,668.0,3,1676.0,3.0,3.0,52.0,0.0,0.0,0.0,1.0
80.0,212.0,2,1137.0,2.0,1.0,63.0,1.0,0.0,0.0,0.0
80.0,417.0,3,1360.0,2.0,1.0,70.5,1.0,0.0,0.0,0.0
80.0,394.0,3,1374.0,2.0,2.0,70.0,0.0,0.0,0.0,1.0
80.0,924.0,3,1700.0,3.0,2.0,155.0,0.0,0.0,0.0,1.0
80.0,1085.0,5,3227.0,5.0,0.0,250.0,1.0,0.0,0.0,0.0
80.0,647.0,4,2145.0,4.0,1.0,125.0,1.0,0.0,0.0,0.0
40.0,265.0,4,2400.0,6.0,3.0,600.0,0.0,0.0,0.0,1.0
80.0,724.0,3,2170.0,3.0,2.0,151.0,0.0,0.0,0.0,1.0
80.0,671.0,2,1080.0,2.0,1.0,55.0,0.0,0.0,1.0,0.0
80.0,648.0,3,1790.0,3.0,3.0,100.0,0.0,0.0,0.0,1.0
4.0,897.0,1,550.0,1.0,1.0,17.0,1.0,0.0,0.0,0.0
80.0,797.0,3,1270.0,2.0,2.0,50.79,0.0,0.0,0.0,1.0
80.0,668.0,2,1033.0,2.0,2.0,48.0,0.0,0.0,0.0,1.0
80.0,1248.0,2,1000.0,2.0,1.0,80.0,0.0,0.0,0.0,1.0
45.0,799.0,4,2940.0,6.0,2.0,280.0,0.0,0.0,0.0,1.0
80.0,512.0,2,1240.0,2.0,2.0,52.6,0.0,0.0,0.0,1.0
27.0,485.0,5,1650.0,5.0,1.0,450.0,0.0,0.0,0.0,1.0
80.0,686.0,2,883.0,2.0,1.0,39.0,1.0,0.0,0.0,0.0
80.0,802.0,3,1500.0,2.0,0.0,97.0,0.0,0.0,1.0,0.0
80.0,221.0,3,1730.0,3.0,3.0,139.0,0.0,0.0,0.0,1.0
80.0,637.0,3,1915.0,3.0,3.0,80.0,1.0,0.0,0.0,0.0
80.0,755.0,3,1545.0,3.0,2.0,79.0,0.0,0.0,0.0,1.0
80.0,1257.0,3,1865.0,4.0,2.0,140.0,1.0,0.0,0.0,0.0
68.0,520.0,2,1150.0,2.0,2.0,40.0,0.0,0.0,0.0,1.0
80.0,1232.0,2,1200.0,2.0,2.0,49.0,0.0,0.0,1.0,0.0
80.0,106.0,2,963.0,2.0,2.0,40.0,0.0,0.0,0.0,1.0
80.0,706.0,3,1200.0,3.0,1.0,120.0,0.0,0.0,1.0,0.0
80.0,413.0,4,2600.0,4.0,3.0,260.0,0.0,0.0,0.0,1.0
80.0,1035.0,4,1700.0,4.0,1.0,108.0,0.0,0.0,0.0,1.0
80.0,852.0,3,1682.0,3.0,1.0,120.0,1.0,0.0,0.0,0.0
80.0,756.0,3,1371.0,2.0,2.0,65.0,0.0,1.0,0.0,0.0
80.0,532.0,2,901.0,2.0,1.0,49.5,0.0,0.0,0.0,1.0
80.0,1191.0,7,600.0,7.0,0.0,73.0,0.0,0.0,0.0,1.0
80.0,1258.0,3,1730.0,3.0,1.0,120.0,1.0,0.0,0.0,0.0
80.0,1186.0,4,1200.0,4.0,0.0,125.0,0.0,0.0,0.0,1.0
80.0,986.0,3,1500.0,3.0,3.0,102.0,0.0,0.0,1.0,0.0
80.0,1035.0,4,3785.0,6.0,1.0,280.0,0.0,0.0,0.0,1.0
80.0,303.0,4,3500.0,4.0,2.0,245.0,0.0,0.0,1.0,0.0
80.0,504.0,2,1203.0,2.0,1.0,59.86,0.0,0.0,0.0,1.0
80.0,656.0,2,1357.0,2.0,2.0,54.0,0.0,0.0,0.0,1.0
80.0,755.0,3,1600.0,3.0,2.0,76.0,0.0,0.0,0.0,1.0
80.0,777.0,1,350.0,1.0,1.0,13.5,0.0,0.0,0.0,1.0
80.0,1192.0,3,1665.0,3.0,1.0,53.0,0.0,0.0,0.0,1.0
80.0,892.0,3,1400.0,3.0,3.0,200.0,0.0,0.0,0.0,1.0
80.0,797.0,1,835.0,1.0,1.0,46.95,1.0,0.0,0.0,0.0
80.0,714.0,2,815.0,3.0,2.0,160.0,1.0,0.0,0.0,0.0
80.0,797.0,3,1444.0,2.0,1.0,80.0,1.0,0.0,0.0,0.0
28.0,969.0,2,1277.0,2.0,2.0,55.0,0.0,0.0,0.0,1.0
80.0,420.0,3,1521.0,3.0,1.0,94.71,0.0,0.0,0.0,1.0
80.0,891.0,2,1134.0,2.0,1.0,40.0,1.0,0.0,0.0,0.0
62.0,415.0,2,995.0,2.0,1.0,34.82,0.0,0.0,0.0,1.0
80.0,417.0,3,2760.0,5.0,2.0,157.0,0.0,0.0,0.0,1.0
80.0,415.0,2,1325.0,1.0,1.0,92.0,0.0,0.0,0.0,1.0
80.0,520.0,6,4000.0,6.0,1.0,150.0,0.0,0.0,0.0,1.0
80.0,542.0,3,1525.0,3.0,2.0,90.0,0.0,0.0,0.0,1.0
80.0,268.0,3,1320.0,2.0,2.0,73.0,0.0,0.0,0.0,1.0
33.0,1034.0,1,650.0,1.0,1.0,23.0,0.0,0.0,1.0,0.0
28.0,415.0,3,1858.0,2.0,1.0,167.0,1.0,0.0,0.0,0.0
80.0,1257.0,2,1150.0,2.0,1.0,38.0,1.0,0.0,0.0,0.0
80.0,504.0,2,769.0,2.0,1.0,40.0,1.0,0.0,0.0,0.0
80.0,1085.0,3,1571.0,3.0,2.0,105.0,0.0,0.0,0.0,1.0
80.0,859.0,3,1445.0,3.0,1.0,86.56,0.0,0.0,1.0,0.0
80.0,729.0,3,1590.0,2.0,2.0,135.0,0.0,0.0,0.0,1.0
80.0,800.0,2,902.0,2.0,2.0,49.0,0.0,0.0,1.0,0.0
36.0,308.0,3,2238.0,3.0,1.0,140.0,0.0,0.0,0.0,1.0
80.0,415.0,2,1090.0,2.0,1.0,31.49,0.0,0.0,0.0,1.0
80.0,531.0,3,1712.0,3.0,3.0,82.0,1.0,0.0,0.0,0.0
28.0,686.0,2,1088.0,2.0,1.0,68.0,0.0,0.0,0.0,1.0
80.0,662.0,3,1575.0,3.0,3.0,63.1,0.0,0.0,0.0,1.0
63.0,1144.0,6,2150.0,6.0,3.0,205.0,1.0,0.0,0.0,0.0
27.0,1035.0,3,1920.0,3.0,2.0,150.0,0.0,0.0,1.0,0.0
80.0,743.0,2,1000.0,2.0,0.0,57.0,0.0,0.0,0.0,1.0
80.0,1155.0,2,1100.0,2.0,2.0,56.1,1.0,0.0,0.0,0.0
80.0,511.0,2,1089.0,2.0,2.0,45.0,0.0,0.0,0.0,1.0
80.0,1111.0,2,1106.0,2.0,1.0,43.09,0.0,0.0,0.0,1.0
52.0,1144.0,2,927.0,2.0,2.0,37.0,0.0,0.0,0.0,1.0
80.0,507.0,2,1339.0,2.0,2.0,58.0,0.0,0.0,0.0,1.0
80.0,845.0,1,923.0,1.0,1.0,45.69,0.0,0.0,1.0,0.0
40.0,511.0,3,2900.0,3.0,2.0,285.0,0.0,0.0,0.0,1.0
80.0,841.0,2,1175.0,2.0,2.0,75.0,0.0,0.0,1.0,0.0
80.0,904.0,2,975.0,2.0,1.0,55.0,1.0,0.0,0.0,0.0
28.0,986.0,3,2400.0,4.0,1.0,180.0,0.0,0.0,0.0,1.0
80.0,1195.0,3,1330.0,3.0,2.0,72.0,1.0,0.0,0.0,0.0
80.0,968.0,2,1183.0,2.0,1.0,59.74,0.0,0.0,0.0,1.0
16.0,511.0,3,1758.0,3.0,2.0,133.0,1.0,0.0,0.0,0.0
80.0,448.0,3,1200.0,3.0,2.0,265.0,0.0,0.0,1.0,0.0
80.0,70.0,3,1255.0,2.0,1.0,77.68,0.0,0.0,1.0,0.0
42.0,662.0,3,600.0,4.0,2.0,110.0,0.0,0.0,0.0,1.0
80.0,70.0,2,1100.0,2.0,2.0,50.0,0.0,0.0,0.0,1.0
80.0,685.0,2,1170.0,2.0,2.0,46.8,0.0,0.0,1.0,0.0
40.0,528.0,5,2400.0,5.0,2.0,120.0,0.0,0.0,0.0,1.0
80.0,557.0,3,1530.0,3.0,3.0,51.77,0.0,0.0,0.0,1.0
30.0,1035.0,2,1420.0,2.0,2.0,107.0,0.0,0.0,0.0,1.0
80.0,845.0,4,1200.0,4.0,2.0,300.0,0.0,0.0,0.0,1.0
80.0,1035.0,6,1045.0,6.0,3.0,160.0,0.0,0.0,0.0,1.0
80.0,1137.0,3,1591.0,3.0,1.0,115.0,0.0,0.0,0.0,1.0
80.0,412.0,3,1680.0,3.0,2.0,120.0,0.0,0.0,0.0,1.0
80.0,1050.0,2,675.0,3.0,1.0,52.0,0.0,0.0,1.0,0.0
80.0,972.0,2,1055.0,2.0,1.0,57.63,0.0,0.0,0.0,1.0
56.0,1248.0,3,1918.0,3.0,2.0,129.0,0.0,0.0,0.0,1.0
44.0,511.0,2,1280.0,2.0,1.0,76.0,0.0,0.0,0.0,1.0
80.0,30.0,3,1560.0,3.0,3.0,66.0,1.0,0.0,0.0,0.0
80.0,953.0,2,1145.0,2.0,2.0,49.5,1.0,0.0,0.0,0.0
80.0,644.0,3,2106.0,3.0,2.0,126.0,1.0,0.0,0.0,0.0
80.0,214.0,3,1801.0,3.0,2.0,139.0,0.0,0.0,0.0,1.0
80.0,214.0,5,1200.0,5.0,3.0,120.0,0.0,0.0,0.0,1.0
80.0,302.0,2,1718.0,3.0,2.0,288.0,0.0,0.0,0.0,1.0
80.0,944.0,3,1306.0,3.0,2.0,54.65,0.0,0.0,1.0,0.0
80.0,743.0,2,1320.0,2.0,1.0,92.0,0.0,0.0,0.0,1.0
80.0,1248.0,3,1350.0,2.0,2.0,65.0,1.0,0.0,0.0,0.0
80.0,640.0,4,2990.0,4.0,1.0,324.0,0.0,0.0,1.0,0.0
80.0,725.0,4,3800.0,5.0,3.0,300.0,0.0,0.0,0.0,1.0
80.0,587.0,3,1344.0,2.0,1.0,42.0,0.0,0.0,0.0,1.0
80.0,624.0,3,1893.0,3.0,2.0,100.0,1.0,0.0,0.0,0.0
80.0,1045.0,3,1107.0,2.0,1.0,43.0,0.0,0.0,1.0,0.0
80.0,507.0,9,1200.0,10.0,1.0,180.0,0.0,0.0,0.0,1.0
80.0,415.0,2,1190.0,2.0,1.0,75.0,0.0,0.0,0.0,1.0
80.0,719.0,2,1000.0,2.0,1.0,35.0,0.0,0.0,0.0,1.0
34.0,1140.0,2,2400.0,2.0,1.0,160.0,0.0,0.0,0.0,1.0
80.0,1035.0,2,1000.0,2.0,1.0,48.5,1.0,0.0,0.0,0.0
34.0,645.0,3,2113.0,3.0,2.0,155.0,1.0,0.0,0.0,0.0
80.0,494.0,2,1100.0,2.0,1.0,46.0,0.0,0.0,1.0,0.0
27.0,720.0,5,1200.0,4.0,1.0,160.0,0.0,0.0,0.0,1.0
80.0,1215.0,4,1884.0,4.0,2.0,120.0,0.0,0.0,0.0,1.0
80.0,234.0,2,1110.0,2.0,1.0,40.0,0.0,0.0,0.0,1.0
80.0,865.0,2,1027.0,2.0,2.0,43.0,0.0,0.0,0.0,1.0
39.0,230.0,3,1250.0,3.0,2.0,40.0,0.0,0.0,0.0,1.0
80.0,724.0,3,1470.0,3.0,0.0,62.0,0.0,0.0,0.0,1.0
80.0,741.0,2,1150.0,2.0,1.0,75.0,0.0,0.0,1.0,0.0
27.0,652.0,3,1200.0,3.0,2.0,165.0,0.0,0.0,0.0,1.0
80.0,1248.0,1,703.0,1.0,1.0,52.0,0.0,0.0,0.0,1.0
30.0,415.0,3,1400.0,2.0,2.0,62.0,1.0,0.0,0.0,0.0
80.0,891.0,2,1195.0,2.0,2.0,51.0,0.0,0.0,0.0,1.0
80.0,739.0,2,1302.0,2.0,1.0,69.1,0.0,0.0,1.0,0.0
80.0,1035.0,3,1583.0,3.0,1.0,74.4,0.0,0.0,0.0,1.0
80.0,624.0,3,1488.0,2.0,3.0,60.0,0.0,0.0,1.0,0.0
58.0,662.0,4,600.0,5.0,2.0,85.0,0.0,0.0,0.0,1.0
80.0,192.0,3,1385.0,2.0,2.0,34.63,0.0,0.0,0.0,1.0
26.0,363.0,4,3262.0,4.0,2.0,260.0,0.0,0.0,0.0,1.0
80.0,575.0,3,1600.0,3.0,2.0,104.0,1.0,0.0,0.0,0.0
80.0,627.0,2,1150.0,2.0,1.0,90.0,0.0,0.0,0.0,1.0
80.0,214.0,9,4500.0,9.0,1.0,166.0,1.0,0.0,0.0,0.0
80.0,844.0,2,1263.0,2.0,1.0,78.0,1.0,0.0,0.0,0.0
80.0,1142.0,7,1200.0,8.0,2.0,110.0,0.0,0.0,0.0,1.0
80.0,145.0,2,1299.0,2.0,2.0,85.0,0.0,0.0,0.0,1.0
80.0,14.0,2,1330.0,2.0,1.0,78.0,0.0,0.0,1.0,0.0
80.0,511.0,3,1282.0,2.0,2.0,52.43,1.0,0.0,0.0,0.0
34.0,800.0,3,1853.0,3.0,2.0,82.0,0.0,0.0,1.0,0.0
80.0,482.0,2,861.0,2.0,1.0,35.0,0.0,0.0,0.0,1.0
80.0,400.0,3,1600.0,3.0,2.0,95.0,0.0,0.0,0.0,1.0
80.0,1260.0,2,1256.0,2.0,1.0,62.8,0.0,0.0,0.0,1.0
56.0,1248.0,3,1390.0,2.0,2.0,80.0,0.0,0.0,0.0,1.0
80.0,507.0,3,1550.0,2.0,1.0,90.0,0.0,0.0,0.0,1.0
28.0,891.0,11,1200.0,6.0,3.0,150.0,0.0,0.0,0.0,1.0
80.0,604.0,2,919.0,2.0,1.0,49.0,0.0,0.0,0.0,1.0
34.0,268.0,3,1625.0,3.0,0.0,80.0,0.0,0.0,0.0,1.0
31.0,550.0,2,1195.0,2.0,2.0,44.0,1.0,0.0,0.0,0.0
63.0,1248.0,6,2400.0,4.0,1.0,600.0,0.0,0.0,0.0,1.0
80.0,66.0,2,1159.0,2.0,1.0,60.0,1.0,0.0,0.0,0.0
80.0,54.0,3,1386.0,3.0,1.0,57.46,0.0,0.0,1.0,0.0
40.0,511.0,2,1197.0,2.0,1.0,79.0,0.0,0.0,0.0,1.0
35.0,1248.0,4,2690.0,4.0,3.0,191.0,0.0,0.0,0.0,1.0
80.0,1248.0,4,4303.5,2.0,1.0,226.0,0.0,0.0,1.0,0.0
80.0,797.0,3,1295.0,2.0,1.0,50.28,0.0,0.0,0.0,1.0
80.0,394.0,3,1310.0,2.0,1.0,37.83,0.0,0.0,0.0,1.0
80.0,841.0,2,1132.0,2.0,1.0,79.28,0.0,0.0,0.0,1.0
80.0,673.0,3,2350.0,3.0,2.0,400.0,0.0,0.0,0.0,1.0
27.0,688.0,4,2400.0,4.0,1.0,500.0,0.0,0.0,0.0,1.0
80.0,714.0,3,1645.0,3.0,2.0,135.0,0.0,0.0,0.0,1.0
80.0,400.0,2,1200.0,2.0,1.0,45.84,0.0,0.0,0.0,1.0
80.0,511.0,4,3000.0,4.0,0.0,330.0,0.0,0.0,0.0,1.0
80.0,1161.0,3,1937.0,3.0,2.0,140.0,0.0,0.0,1.0,0.0
80.0,1257.0,2,1015.0,2.0,2.0,33.5,0.0,0.0,0.0,1.0
80.0,972.0,2,1080.0,2.0,2.0,39.0,0.0,0.0,0.0,1.0
80.0,625.0,3,1350.0,2.0,2.0,80.99,0.0,0.0,1.0,0.0
80.0,624.0,3,1149.0,2.0,2.0,29.0,0.0,0.0,0.0,1.0
52.0,576.0,2,1185.0,2.0,2.0,59.0,1.0,0.0,0.0,0.0
80.0,693.0,3,1720.0,3.0,1.0,135.0,0.0,0.0,0.0,1.0
80.0,398.0,3,2080.0,3.0,3.0,175.0,0.0,0.0,1.0,0.0
34.0,417.0,3,1500.0,3.0,1.0,87.0,0.0,0.0,0.0,1.0
80.0,415.0,3,1566.0,3.0,2.0,97.0,0.0,0.0,0.0,1.0
80.0,1248.0,3,2386.0,3.0,1.0,334.0,0.0,0.0,0.0,1.0
67.0,1164.0,4,1500.0,4.0,0.0,110.0,0.0,0.0,0.0,1.0
80.0,201.0,2,1290.0,2.0,1.0,49.02,1.0,0.0,0.0,0.0
80.0,676.0,3,1531.0,3.0,2.0,72.0,1.0,0.0,0.0,0.0
80.0,1213.0,3,1839.0,3.0,3.0,165.0,1.0,0.0,0.0,0.0
26.0,213.0,4,4200.0,4.0,1.0,760.0,0.0,0.0,0.0,1.0
36.0,1248.0,3,1400.0,2.0,2.0,40.43,0.0,0.0,0.0,1.0
80.0,1175.0,2,550.0,1.0,1.0,15.0,0.0,0.0,0.0,1.0
80.0,116.0,2,1140.0,2.0,2.0,39.0,0.0,0.0,0.0,1.0
80.0,78.0,3,1343.5,3.0,0.0,57.76,0.0,0.0,0.0,1.0
80.0,487.0,4,2000.0,4.0,0.0,100.0,0.0,0.0,0.0,1.0
80.0,1186.0,2,1100.0,2.0,1.0,46.0,0.0,0.0,0.0,1.0
80.0,836.0,2,1200.0,2.0,2.0,55.0,0.0,0.0,0.0,1.0
80.0,214.0,3,1618.0,3.0,1.0,68.0,0.0,0.0,0.0,1.0
80.0,53.0,4,2830.0,5.0,2.0,160.0,0.0,0.0,0.0,1.0
80.0,960.0,3,1315.0,2.0,2.0,74.0,0.0,0.0,0.0,1.0
80.0,228.0,2,1141.0,2.0,1.0,42.75,0.0,0.0,0.0,1.0
80.0,960.0,2,1080.0,2.0,2.0,55.0,0.0,0.0,0.0,1.0
80.0,720.0,2,1200.0,2.0,2.0,60.0,0.0,0.0,0.0,1.0
23.0,851.0,2,1111.0,2.0,2.0,41.88,0.0,0.0,0.0,1.0
80.0,234.0,2,1022.0,2.0,1.0,45.9,0.0,0.0,0.0,1.0
44.0,534.0,2,1275.0,2.0,2.0,65.0,0.0,0.0,0.0,1.0
80.0,464.0,2,900.0,2.0,1.0,70.0,0.0,0.0,0.0,1.0
80.0,214.0,2,1224.0,2.0,3.0,39.2,0.0,0.0,0.0,1.0
80.0,1248.0,2,1135.0,2.0,3.0,43.0,0.0,0.0,0.0,1.0
28.0,511.0,2,1050.0,2.0,2.0,52.1,0.0,0.0,0.0,1.0
80.0,35.0,3,1535.0,3.0,2.0,86.0,0.0,0.0,1.0,0.0
80.0,733.0,2,1392.0,2.0,1.0,130.0,0.0,0.0,1.0,0.0
80.0,666.0,2,1050.0,2.0,2.0,72.0,0.0,0.0,0.0,1.0
80.0,561.0,3,1513.0,3.0,1.0,103.0,0.0,0.0,0.0,1.0
35.0,686.0,3,1621.0,3.0,3.0,72.0,0.0,0.0,0.0,1.0
80.0,1081.0,2,892.0,2.0,1.0,39.0,0.0,0.0,1.0,0.0
80.0,511.0,2,1205.0,2.0,1.0,40.0,0.0,0.0,0.0,1.0
28.0,531.0,3,1355.0,3.0,2.0,83.87,0.0,0.0,0.0,1.0
80.0,230.0,5,1250.0,5.0,1.0,300.0,0.0,0.0,0.0,1.0
80.0,394.0,7,1650.0,9.0,1.0,345.0,0.0,0.0,0.0,1.0
80.0,662.0,4,1200.0,6.0,3.0,70.0,0.0,0.0,0.0,1.0
80.0,533.0,2,1400.0,2.0,2.0,168.0,1.0,0.0,0.0,0.0
80.0,293.0,2,726.0,2.0,1.0,35.0,1.0,0.0,0.0,0.0
69.0,705.0,3,1500.0,3.0,2.0,149.0,0.0,0.0,0.0,1.0
80.0,500.0,4,3895.0,4.0,2.0,405.0,1.0,0.0,0.0,0.0
80.0,240.0,2,1079.0,2.0,2.0,41.0,0.0,0.0,0.0,1.0
31.0,983.0,2,1170.0,2.0,2.0,46.0,0.0,0.0,0.0,1.0
64.0,1137.0,2,1104.0,2.0,2.0,39.0,0.0,0.0,0.0,1.0
28.0,415.0,2,950.0,2.0,1.0,45.0,1.0,0.0,0.0,0.0
80.0,662.0,4,4818.0,4.0,3.0,390.0,0.0,0.0,0.0,1.0
80.0,1035.0,3,1650.0,2.0,1.0,52.0,0.0,0.0,0.0,1.0
80.0,137.0,3,1559.0,3.0,2.0,127.0,1.0,0.0,0.0,0.0
24.0,547.0,2,1100.0,2.0,1.0,38.0,0.0,0.0,0.0,1.0
80.0,573.0,3,1750.0,3.0,3.0,150.0,0.0,0.0,0.0,1.0
80.0,1149.0,2,1215.0,2.0,1.0,45.5,0.0,0.0,0.0,1.0
80.0,671.0,3,1868.0,3.0,1.0,135.0,0.0,0.0,0.0,1.0
25.0,1089.0,2,1130.0,2.0,1.0,32.63,0.0,0.0,0.0,1.0
80.0,230.0,3,1570.0,3.0,3.0,64.5,0.0,0.0,1.0,0.0
80.0,417.0,3,1691.0,3.0,1.0,98.0,0.0,0.0,0.0,1.0
80.0,333.0,5,4355.0,3.0,1.0,350.0,0.0,0.0,1.0,0.0
80.0,528.0,2,1225.0,2.0,2.0,55.0,0.0,0.0,1.0,0.0
80.0,119.0,3,1690.0,3.0,2.0,112.0,0.0,0.0,0.0,1.0
34.0,1035.0,2,1418.0,2.0,2.0,103.0,1.0,0.0,0.0,0.0
80.0,1144.0,4,1896.0,3.0,1.0,125.0,0.0,0.0,0.0,1.0
80.0,167.0,1,605.0,1.0,1.0,40.0,0.0,0.0,1.0,0.0
80.0,557.0,5,800.0,5.0,2.0,95.0,1.0,0.0,0.0,0.0
80.0,719.0,2,900.0,2.0,2.0,32.5,0.0,0.0,0.0,1.0
80.0,547.0,1,750.0,2.0,0.0,50.0,0.0,0.0,0.0,1.0
80.0,415.0,3,780.0,3.0,1.0,62.0,1.0,0.0,0.0,0.0
29.0,1144.0,2,908.0,2.0,1.0,26.0,0.0,0.0,0.0,1.0
80.0,532.0,4,3416.5,6.0,0.0,143.0,0.0,0.0,0.0,1.0
80.0,968.0,4,3216.0,4.0,1.0,226.0,1.0,0.0,0.0,0.0
80.0,1053.0,5,2400.0,4.0,1.0,225.0,1.0,0.0,0.0,0.0
34.0,1144.0,2,1400.0,2.0,2.0,68.0,0.0,0.0,0.0,1.0
19.0,334.0,2,1092.0,2.0,2.0,44.0,0.0,0.0,0.0,1.0
80.0,476.0,2,1255.0,2.0,2.0,74.0,0.0,0.0,0.0,1.0
80.0,1216.0,3,1500.0,2.0,1.0,100.0,1.0,0.0,0.0,0.0
80.0,537.0,2,1296.0,2.0,2.0,72.0,0.0,0.0,0.0,1.0
80.0,705.0,2,925.0,2.0,3.0,38.0,0.0,0.0,0.0,1.0
80.0,582.0,2,1023.0,2.0,2.0,42.0,0.0,0.0,0.0,1.0
80.0,65.0,2,600.0,3.0,2.0,75.0,1.0,0.0,0.0,0.0
80.0,472.0,2,1020.0,2.0,1.0,44.5,0.0,0.0,0.0,1.0
80.0,266.0,3,1530.0,3.0,2.0,77.0,0.0,0.0,0.0,1.0
80.0,663.0,3,1650.0,3.0,2.0,71.0,0.0,0.0,0.0,1.0
80.0,1029.0,3,1605.0,2.0,3.0,85.0,1.0,0.0,0.0,0.0
80.0,797.0,2,1925.0,2.0,1.0,50.0,0.0,0.0,0.0,1.0
80.0,99.0,2,1190.0,2.0,2.0,50.66,0.0,0.0,0.0,1.0
80.0,648.0,3,1374.0,3.0,2.0,68.0,0.0,0.0,0.0,1.0
80.0,1175.0,2,1140.0,2.0,2.0,65.0,0.0,0.0,0.0,1.0
80.0,511.0,3,1725.0,3.0,2.0,130.0,0.0,0.0,0.0,1.0
31.0,933.0,3,1075.0,2.0,1.0,50.0,0.0,0.0,1.0,0.0
80.0,327.0,3,1574.0,3.0,1.0,93.34,0.0,0.0,0.0,1.0
34.0,28.0,1,965.0,1.0,1.0,32.0,0.0,0.0,1.0,0.0
80.0,137.0,3,1550.0,3.0,2.0,83.0,0.0,0.0,0.0,1.0
80.0,662.0,2,1205.0,2.0,2.0,60.0,0.0,0.0,0.0,1.0
26.0,417.0,3,1082.0,2.0,1.0,55.0,0.0,0.0,0.0,1.0
80.0,377.0,3,1215.0,2.0,2.0,52.85,0.0,0.0,0.0,1.0
80.0,115.0,4,2483.0,5.0,2.0,230.0,0.0,0.0,1.0,0.0
80.0,1035.0,2,1200.0,3.0,1.0,46.14,1.0,0.0,0.0,0.0
80.0,1175.0,1,1500.0,1.0,1.0,19.5,0.0,0.0,0.0,1.0
48.0,511.0,4,2360.0,4.0,2.0,600.0,0.0,0.0,0.0,1.0
80.0,1245.0,4,3198.0,4.0,1.0,250.0,0.0,0.0,1.0,0.0
28.0,417.0,3,1452.0,3.0,3.0,60.98,1.0,0.0,0.0,0.0
80.0,904.0,3,1329.0,2.0,2.0,41.0,0.0,0.0,0.0,1.0
80.0,693.0,2,1125.0,2.0,1.0,44.0,0.0,0.0,0.0,1.0
80.0,1085.0,2,1200.0,2.0,0.0,70.0,0.0,0.0,0.0,1.0
80.0,302.0,3,1350.0,3.0,3.0,39.97,0.0,0.0,1.0,0.0
80.0,830.0,3,1312.5,3.0,0.0,51.19,0.0,0.0,0.0,1.0
80.0,984.0,3,2600.0,3.0,2.0,195.0,0.0,0.0,0.0,1.0
40.0,529.0,2,1200.0,2.0,1.0,160.0,1.0,0.0,0.0,0.0
80.0,612.0,3,1220.0,3.0,1.0,35.23,0.0,0.0,1.0,0.0
80.0,382.0,2,1255.0,2.0,1.0,80.0,0.0,0.0,1.0,0.0
80.0,639.0,3,1904.0,3.0,3.0,155.0,0.0,0.0,0.0,1.0
80.0,499.0,2,1329.0,2.0,2.0,70.0,0.0,0.0,1.0,0.0
80.0,533.0,2,1200.0,2.0,1.0,60.0,0.0,0.0,0.0,1.0
80.0,214.0,3,2135.0,3.0,2.0,160.0,0.0,0.0,0.0,1.0
80.0,415.0,3,2770.0,4.0,3.0,315.0,0.0,0.0,0.0,1.0
80.0,96.0,1,813.0,1.0,1.0,39.0,0.0,0.0,0.0,1.0
80.0,189.0,4,3884.0,4.0,3.0,240.0,0.0,0.0,0.0,1.0
80.0,1257.0,3,3876.0,3.0,1.0,300.0,0.0,0.0,0.0,1.0
80.0,841.0,2,800.0,2.0,2.0,30.0,1.0,0.0,0.0,0.0
80.0,836.0,4,4750.0,2.0,1.0,120.0,0.0,0.0,0.0,1.0
80.0,1036.0,3,1500.0,3.0,3.0,70.0,1.0,0.0,0.0,0.0
33.0,1186.0,3,1880.0,3.0,2.0,95.0,0.0,0.0,0.0,1.0
80.0,968.0,3,1440.0,2.0,2.0,55.0,0.0,0.0,0.0,1.0
80.0,725.0,3,1575.0,3.0,1.0,90.0,0.0,0.0,0.0,1.0
80.0,528.0,3,1630.0,2.0,2.0,97.78,0.0,0.0,1.0,0.0
26.0,1284.0,3,1180.0,3.0,1.0,55.0,0.0,0.0,0.0,1.0
80.0,426.0,2,1090.0,2.0,1.0,36.0,1.0,0.0,0.0,0.0
80.0,375.0,2,1020.0,2.0,2.0,48.45,0.0,0.0,0.0,1.0
80.0,604.0,4,2425.0,4.0,3.0,173.0,1.0,0.0,0.0,0.0
80.0,472.0,2,1097.0,2.0,1.0,33.82,1.0,0.0,0.0,0.0
29.0,910.0,2,1070.0,2.0,1.0,50.0,0.0,0.0,0.0,1.0
80.0,668.0,2,1000.0,2.0,1.0,58.0,0.0,0.0,0.0,1.0
80.0,1256.0,8,1120.0,8.0,1.0,150.0,0.0,0.0,1.0,0.0
80.0,146.0,2,1150.0,2.0,1.0,56.0,0.0,0.0,0.0,1.0
80.0,462.0,3,1900.0,4.0,2.0,145.0,1.0,0.0,0.0,0.0
80.0,179.0,2,1141.0,2.0,2.0,49.0,0.0,0.0,0.0,1.0
80.0,797.0,2,937.0,2.0,1.0,44.0,0.0,0.0,0.0,1.0
80.0,781.0,2,1075.0,2.0,1.0,60.0,0.0,0.0,0.0,1.0
26.0,363.0,2,1000.0,2.0,1.0,65.3,0.0,0.0,0.0,1.0
80.0,542.0,3,1450.0,3.0,1.0,77.41,0.0,0.0,0.0,1.0
80.0,1252.0,5,897.0,2.0,1.0,85.0,0.0,0.0,0.0,1.0
80.0,1038.0,2,936.0,2.0,2.0,43.0,1.0,0.0,0.0,0.0
80.0,464.0,2,1280.0,2.0,1.0,75.0,0.0,0.0,0.0,1.0
80.0,1257.0,2,1050.0,2.0,3.0,45.0,1.0,0.0,0.0,0.0
80.0,266.0,2,1350.0,2.0,1.0,86.0,0.0,0.0,0.0,1.0
80.0,70.0,2,1325.0,2.0,1.0,70.0,0.0,0.0,0.0,1.0
80.0,545.0,2,1174.0,2.0,1.0,59.0,1.0,0.0,0.0,0.0
80.0,972.0,3,1890.0,3.0,2.0,162.0,0.0,0.0,0.0,1.0
80.0,1012.0,1,735.0,1.0,1.0,75.0,0.0,0.0,1.0,0.0
80.0,262.0,1,500.0,1.0,0.0,24.0,0.0,0.0,0.0,1.0
80.0,1004.0,3,1304.0,3.0,3.0,80.0,0.0,0.0,1.0,0.0
80.0,720.0,3,1653.0,3.0,2.0,120.0,0.0,0.0,0.0,1.0
80.0,382.0,3,1075.0,2.0,1.0,52.0,0.0,0.0,1.0,0.0
80.0,903.0,2,1212.0,3.0,1.0,42.0,0.0,0.0,0.0,1.0
80.0,924.0,2,1100.0,2.0,1.0,50.0,0.0,0.0,0.0,1.0
28.0,1175.0,4,3436.0,6.0,3.0,500.0,0.0,0.0,0.0,1.0
80.0,287.0,3,1200.0,4.0,0.0,145.0,0.0,0.0,1.0,0.0
14.0,415.0,2,1140.0,2.0,2.0,50.0,0.0,0.0,0.0,1.0
80.0,944.0,2,1200.0,2.0,1.0,100.0,0.0,0.0,1.0,0.0
80.0,214.0,3,1532.0,3.0,2.0,83.0,0.0,0.0,0.0,1.0
80.0,1238.0,3,2776.0,4.0,2.0,195.0,0.0,0.0,0.0,1.0
80.0,783.0,3,1531.0,2.0,0.0,75.0,0.0,0.0,0.0,1.0
80.0,668.0,3,1270.0,2.0,2.0,50.79,0.0,0.0,0.0,1.0
80.0,830.0,2,1325.0,2.0,1.0,53.0,0.0,0.0,0.0,1.0
80.0,305.0,3,1200.0,3.0,1.0,160.0,0.0,0.0,0.0,1.0
34.0,869.0,3,1156.0,2.0,2.0,44.0,1.0,0.0,0.0,0.0
80.0,1226.0,4,2000.0,4.0,2.0,320.0,0.0,0.0,0.0,1.0
80.0,413.0,2,1260.0,2.0,2.0,70.0,1.0,0.0,0.0,0.0
80.0,797.0,2,1934.0,2.0,0.0,90.0,0.0,0.0,1.0,0.0
80.0,547.0,2,1060.0,2.0,1.0,40.0,1.0,0.0,0.0,0.0
80.0,628.0,3,1476.0,3.0,1.0,95.0,1.0,0.0,0.0,0.0
80.0,561.0,2,1185.0,2.0,1.0,85.0,0.0,0.0,1.0,0.0
80.0,1248.0,3,1265.0,2.0,1.0,82.0,0.0,0.0,0.0,1.0
80.0,1172.0,4,3200.0,5.0,1.0,150.0,0.0,0.0,0.0,1.0
80.0,1198.0,2,1196.0,2.0,2.0,56.81,0.0,1.0,0.0,0.0
29.0,512.0,2,1280.0,2.0,1.0,69.0,0.0,0.0,1.0,0.0
80.0,542.0,4,800.0,4.0,2.0,86.0,0.0,0.0,0.0,1.0
80.0,582.0,2,1175.0,2.0,1.0,45.0,0.0,0.0,0.0,1.0
28.0,415.0,3,1850.0,3.0,3.0,98.0,1.0,0.0,0.0,0.0
16.0,182.0,4,2400.0,4.0,2.0,525.0,0.0,0.0,1.0,0.0
80.0,204.0,2,1195.0,2.0,1.0,70.0,0.0,0.0,0.0,1.0
80.0,391.0,3,2000.0,3.0,3.0,185.0,0.0,0.0,0.0,1.0
80.0,1111.0,7,600.0,4.0,0.0,100.0,1.0,0.0,0.0,0.0
80.0,604.0,4,800.0,5.0,3.0,155.0,0.0,0.0,0.0,1.0
80.0,472.0,2,1180.0,2.0,2.0,36.5,1.0,0.0,0.0,0.0
80.0,420.0,2,1050.0,2.0,1.0,49.87,0.0,0.0,0.0,1.0
80.0,1134.0,3,1400.0,2.0,1.0,40.44,0.0,0.0,1.0,0.0
80.0,561.0,4,2360.0,4.0,2.0,150.0,1.0,0.0,0.0,0.0
45.0,520.0,2,1030.0,2.0,1.0,77.25,0.0,0.0,0.0,1.0
80.0,1049.0,2,1512.0,1.0,2.0,65.01,0.0,0.0,0.0,1.0
80.0,587.0,2,929.0,2.0,1.0,48.0,0.0,0.0,0.0,1.0
29.0,1248.0,3,1252.0,3.0,3.0,61.0,0.0,0.0,0.0,1.0
49.0,302.0,3,1485.0,3.0,2.0,115.0,0.0,0.0,0.0,1.0
80.0,884.0,3,1124.0,2.0,2.0,55.0,0.0,0.0,0.0,1.0
80.0,937.0,6,2400.0,6.0,3.0,370.0,0.0,0.0,0.0,1.0
26.0,415.0,3,1407.0,3.0,1.0,120.0,0.0,0.0,0.0,1.0
52.0,411.0,3,1482.0,2.0,3.0,97.0,1.0,0.0,0.0,0.0
80.0,513.0,2,1163.0,2.0,1.0,98.86,0.0,0.0,0.0,1.0
80.0,990.0,3,1570.0,3.0,2.0,140.0,1.0,0.0,0.0,0.0
80.0,1035.0,3,3480.0,4.0,1.0,284.0,0.0,0.0,1.0,0.0
26.0,797.0,1,520.0,1.0,1.0,14.04,0.0,0.0,0.0,1.0
80.0,540.0,3,2000.0,3.0,2.0,160.0,0.0,0.0,0.0,1.0
80.0,662.0,2,1352.0,2.0,2.0,75.0,0.0,0.0,1.0,0.0
80.0,872.0,2,1152.0,2.0,1.0,65.0,0.0,0.0,0.0,1.0
80.0,320.0,3,1575.0,3.0,2.0,93.0,0.0,1.0,0.0,0.0
34.0,986.0,3,1965.0,4.0,2.0,125.0,0.0,0.0,0.0,1.0
80.0,1248.0,3,1300.0,2.0,2.0,70.0,0.0,0.0,0.0,1.0
34.0,267.0,4,1.0,4.0,1.0,120.0,0.0,0.0,0.0,1.0
80.0,214.0,2,957.0,2.0,1.0,47.0,1.0,0.0,0.0,0.0
40.0,656.0,3,1740.0,3.0,3.0,60.0,0.0,0.0,0.0,1.0
80.0,1175.0,5,1080.0,6.0,3.0,65.0,0.0,0.0,0.0,1.0
80.0,441.0,2,1060.0,2.0,0.0,35.0,0.0,0.0,0.0,1.0
80.0,100.0,2,975.0,2.0,2.0,50.0,0.0,0.0,0.0,1.0
44.0,511.0,2,1150.0,2.0,2.0,51.0,0.0,0.0,0.0,1.0
80.0,179.0,3,1738.0,2.0,3.0,79.0,0.0,0.0,0.0,1.0
80.0,70.0,3,1250.0,3.0,2.0,55.0,0.0,0.0,0.0,1.0
80.0,202.0,3,1788.0,3.0,2.0,90.0,0.0,0.0,0.0,1.0
80.0,358.0,2,1151.0,2.0,1.0,59.0,1.0,0.0,0.0,0.0
34.0,566.0,3,1300.0,2.0,2.0,60.0,0.0,0.0,0.0,1.0
80.0,293.0,2,1150.0,2.0,1.0,52.8,1.0,0.0,0.0,0.0
54.0,186.0,2,1380.0,2.0,1.0,75.0,0.0,0.0,0.0,1.0
80.0,1243.0,3,1645.0,3.0,2.0,117.0,0.0,0.0,0.0,1.0
80.0,714.0,2,1141.0,2.0,1.0,45.9,0.0,0.0,0.0,1.0
80.0,797.0,2,1175.0,2.0,2.0,82.5,0.0,0.0,0.0,1.0
80.0,1085.0,3,1355.0,2.0,1.0,61.0,1.0,0.0,0.0,0.0
80.0,944.0,2,1150.0,2.0,0.0,70.0,0.0,0.0,1.0,0.0
30.0,175.0,5,5800.0,5.0,1.0,80.0,0.0,0.0,0.0,1.0
80.0,972.0,2,1000.0,2.0,2.0,45.0,0.0,0.0,1.0,0.0
33.0,995.0,2,1007.0,2.0,1.0,65.0,0.0,0.0,0.0,1.0
80.0,380.0,4,3000.0,5.0,2.0,100.0,0.0,0.0,0.0,1.0
80.0,156.0,3,1436.0,3.0,3.0,70.0,0.0,0.0,0.0,1.0
80.0,415.0,4,4000.0,4.0,3.0,220.0,0.0,0.0,0.0,1.0
80.0,632.0,3,2372.0,3.0,1.0,140.0,0.0,0.0,0.0,1.0
80.0,516.0,6,1500.0,6.0,1.0,240.0,0.0,0.0,0.0,1.0
80.0,753.0,3,1797.5712999999998,3.0,2.0,10.0,0.0,0.0,1.0,0.0
67.0,1164.0,2,1200.0,2.0,0.0,150.0,0.0,0.0,0.0,1.0
80.0,1144.0,2,1016.0,2.0,1.0,58.0,0.0,0.0,0.0,1.0
80.0,972.0,2,1100.0,2.0,2.0,48.0,0.0,0.0,1.0,0.0
80.0,555.0,2,1080.0,2.0,1.0,45.0,0.0,0.0,0.0,1.0
80.0,86.0,2,1070.0,2.0,1.0,60.0,0.0,0.0,1.0,0.0
80.0,1176.0,3,1532.0,3.0,1.0,115.0,1.0,0.0,0.0,0.0
80.0,912.0,2,1040.0,2.0,2.0,42.12,0.0,0.0,0.0,1.0
80.0,491.0,3,3100.0,3.0,3.0,250.0,0.0,0.0,0.0,1.0
80.0,878.0,2,1137.5,2.0,0.0,48.905,0.0,0.0,0.0,1.0
80.0,960.0,3,1430.0,2.0,2.0,51.6,0.0,0.0,0.0,1.0
68.0,511.0,2,1160.0,1.0,0.0,163.0,0.0,0.0,0.0,1.0
80.0,492.0,4,3262.0,5.0,2.0,205.0,0.0,0.0,0.0,1.0
26.0,415.0,7,2100.0,7.0,0.0,410.0,0.0,0.0,0.0,1.0
80.0,276.0,2,1190.0,2.0,2.0,100.0,0.0,0.0,0.0,1.0
80.0,1149.0,3,1827.0,3.0,3.0,100.0,0.0,0.0,0.0,1.0
80.0,968.0,2,1210.0,2.0,1.0,75.0,0.0,0.0,0.0,1.0
80.0,528.0,3,1500.0,3.0,3.0,95.0,0.0,0.0,0.0,1.0
80.0,520.0,2,1050.0,2.0,2.0,53.5,0.0,0.0,1.0,0.0
80.0,1149.0,2,1251.0,2.0,1.0,88.73,0.0,0.0,0.0,1.0
80.0,725.0,3,1600.0,2.0,2.0,115.0,0.0,0.0,0.0,1.0
80.0,624.0,2,1128.0,2.0,1.0,65.5,0.0,0.0,1.0,0.0
80.0,1021.0,3,1820.0,3.0,2.0,93.0,0.0,0.0,0.0,1.0
80.0,443.0,3,2072.0,4.0,2.0,159.0,0.0,0.0,0.0,1.0
80.0,240.0,3,1510.0,2.0,3.0,59.0,1.0,0.0,0.0,0.0
80.0,838.0,3,1925.0,2.0,3.0,114.0,1.0,0.0,0.0,0.0
80.0,743.0,3,2651.0,2.0,2.0,225.0,0.0,0.0,0.0,1.0
80.0,266.0,3,2072.0,4.0,2.0,147.0,0.0,0.0,0.0,1.0
30.0,1004.0,2,1000.0,2.0,2.0,36.0,0.0,0.0,0.0,1.0
80.0,214.0,3,1752.0,3.0,2.0,145.0,1.0,0.0,0.0,0.0
65.0,662.0,2,960.0,2.0,3.0,56.0,0.0,0.0,0.0,1.0
80.0,201.0,2,1180.0,2.0,2.0,63.0,0.0,0.0,0.0,1.0
80.0,513.0,3,2270.0,3.0,1.0,180.0,0.0,0.0,0.0,1.0
80.0,582.0,2,650.0,2.0,0.0,59.0,0.0,0.0,0.0,1.0
80.0,540.0,2,1200.0,2.0,1.0,75.0,0.0,0.0,0.0,1.0
80.0,345.0,3,1180.0,2.0,1.0,46.0,0.0,0.0,1.0,0.0
80.0,1256.0,3,1300.0,3.0,2.0,47.0,0.0,0.0,0.0,1.0
80.0,743.0,2,1157.0,2.0,0.0,40.0,0.0,0.0,0.0,1.0
80.0,645.0,3,1300.0,3.0,2.0,69.0,1.0,0.0,0.0,0.0
80.0,533.0,3,1305.0,2.0,1.0,59.0,1.0,0.0,0.0,0.0
71.0,662.0,3,2006.0,4.0,2.0,196.0,0.0,0.0,0.0,1.0
80.0,1261.0,2,1290.0,2.0,1.0,80.0,1.0,0.0,0.0,0.0
75.0,528.0,2,1170.0,2.0,3.0,45.0,0.0,0.0,0.0,1.0
80.0,1085.0,4,971.0,2.0,2.0,135.0,0.0,0.0,0.0,1.0
54.0,180.0,2,1400.0,2.0,3.0,78.0,0.0,0.0,0.0,1.0
80.0,394.0,2,1200.0,2.0,2.0,75.0,0.0,0.0,0.0,1.0
80.0,65.0,3,1155.0,2.0,0.0,60.0,0.0,0.0,1.0,0.0
80.0,542.0,3,1725.0,3.0,2.0,85.0,0.0,0.0,0.0,1.0
80.0,795.0,2,700.0,2.0,1.0,40.0,1.0,0.0,0.0,0.0
80.0,900.0,4,7000.0,5.0,1.0,2050.0,0.0,0.0,0.0,1.0
80.0,222.0,2,1112.0,2.0,1.0,88.0,0.0,0.0,0.0,1.0
80.0,294.0,2,1178.0,2.0,1.0,78.0,0.0,0.0,1.0,0.0
80.0,1294.0,2,1274.0,2.0,1.0,81.0,0.0,0.0,1.0,0.0
80.0,875.0,2,915.0,2.0,1.0,32.0,0.0,0.0,0.0,1.0
80.0,664.0,8,1650.0,6.0,2.0,135.0,0.0,0.0,0.0,1.0
80.0,1260.0,1,760.0,1.0,2.0,21.28,0.0,0.0,0.0,1.0
80.0,968.0,3,1540.0,3.0,2.0,68.0,0.0,0.0,1.0,0.0
80.0,662.0,2,1206.0,2.0,3.0,38.5,0.0,0.0,0.0,1.0
26.0,1152.0,3,1645.0,3.0,2.0,95.0,0.0,0.0,0.0,1.0
80.0,397.0,4,1200.0,4.0,2.0,170.0,0.0,0.0,0.0,1.0
80.0,1175.0,4,1200.0,4.0,1.0,140.0,1.0,0.0,0.0,0.0
80.0,472.0,4,2342.0,3.0,2.0,115.0,0.0,0.0,0.0,1.0
80.0,221.0,3,1200.0,2.0,1.0,55.0,0.0,0.0,0.0,1.0
80.0,415.0,2,1056.0,2.0,2.0,33.0,0.0,0.0,0.0,1.0
36.0,72.0,8,4800.0,8.0,1.0,225.0,0.0,0.0,0.0,1.0
80.0,668.0,3,1450.0,3.0,3.0,54.3,0.0,0.0,0.0,1.0
80.0,54.0,2,1161.0,2.0,2.0,36.69,0.0,0.0,1.0,0.0
80.0,192.0,2,1097.0,2.0,3.0,65.0,0.0,0.0,0.0,1.0
80.0,1248.0,2,850.0,2.0,2.0,35.0,0.0,0.0,1.0,0.0
52.0,662.0,3,1715.0,3.0,2.0,115.0,0.0,1.0,0.0,0.0
80.0,797.0,3,2300.0,3.0,1.0,317.0,0.0,0.0,0.0,1.0
80.0,644.0,2,1200.0,2.0,1.0,59.0,1.0,0.0,0.0,0.0
80.0,192.0,2,1080.0,2.0,2.0,38.0,0.0,0.0,0.0,1.0
80.0,268.0,2,1200.0,2.0,1.0,50.3,0.0,0.0,0.0,1.0
80.0,360.0,4,2400.0,4.0,0.0,550.0,0.0,0.0,0.0,1.0
80.0,192.0,3,1400.0,2.0,1.0,78.0,0.0,0.0,0.0,1.0
80.0,845.0,4,1500.0,4.0,3.0,200.0,0.0,0.0,1.0,0.0
80.0,1257.0,1,458.0,1.0,0.0,19.695,1.0,0.0,0.0,0.0
80.0,292.0,2,1230.0,2.0,1.0,57.0,1.0,0.0,0.0,0.0
80.0,656.0,3,1640.0,3.0,3.0,88.0,0.0,0.0,0.0,1.0
80.0,1175.0,3,1700.0,3.0,2.0,125.0,0.0,0.0,0.0,1.0
80.0,279.0,3,1478.0,2.0,1.0,44.0,1.0,0.0,0.0,0.0
80.0,1248.0,4,6600.0,4.0,1.0,986.0,0.0,0.0,1.0,0.0
34.0,534.0,2,1020.0,2.0,2.0,40.79,0.0,0.0,0.0,1.0
80.0,520.0,2,1200.0,2.0,1.0,150.0,0.0,0.0,0.0,1.0
80.0,1164.0,3,1275.0,2.0,2.0,95.0,0.0,0.0,0.0,1.0
80.0,512.0,4,1600.0,3.0,1.0,165.0,0.0,0.0,0.0,1.0
80.0,797.0,2,1110.0,2.0,2.0,38.85,0.0,0.0,0.0,1.0
80.0,968.0,3,1627.86,3.0,2.0,88.0,0.0,0.0,0.0,1.0
80.0,784.0,2,620.0,2.0,1.0,22.0,0.0,0.0,0.0,1.0
80.0,598.0,4,3004.0,4.0,2.0,285.0,1.0,0.0,0.0,0.0
80.0,112.0,2,1133.0,2.0,1.0,52.0,1.0,0.0,0.0,0.0
80.0,688.0,2,1182.0,2.0,2.0,82.5,0.0,0.0,0.0,1.0
80.0,137.0,3,1500.0,3.0,3.0,100.0,0.0,0.0,0.0,1.0
80.0,1144.0,4,3900.0,5.0,1.0,360.0,1.0,0.0,0.0,0.0
26.0,1212.0,2,1200.0,2.0,2.0,58.0,0.0,0.0,1.0,0.0
32.0,892.0,2,1128.0,2.0,1.0,48.79,0.0,0.0,0.0,1.0
80.0,1034.0,3,2345.0,2.0,1.0,293.0,0.0,0.0,0.0,1.0
30.0,72.0,2,900.0,2.0,2.0,110.0,0.0,0.0,0.0,1.0
80.0,910.0,2,1100.0,2.0,1.0,45.0,0.0,0.0,0.0,1.0
80.0,582.0,2,635.0,1.0,1.0,22.0,0.0,0.0,0.0,1.0
80.0,1025.0,4,2062.0,3.0,1.0,140.0,1.0,0.0,0.0,0.0
80.0,520.0,3,1874.0,4.0,1.0,130.0,0.0,0.0,0.0,1.0
44.0,511.0,4,600.0,3.0,2.0,78.0,0.0,0.0,0.0,1.0
80.0,1248.0,2,1171.0,2.0,2.0,75.0,0.0,0.0,0.0,1.0
40.0,1248.0,3,2020.0,3.0,3.0,85.0,0.0,0.0,0.0,1.0
80.0,1248.0,2,1059.0,2.0,2.0,34.5,0.0,0.0,0.0,1.0
80.0,344.0,3,1315.0,2.0,1.0,59.1,1.0,0.0,0.0,0.0
32.0,534.0,3,1760.0,3.0,2.0,110.0,0.0,0.0,0.0,1.0
80.0,589.0,2,1200.0,2.0,1.0,125.0,0.0,0.0,0.0,1.0
80.0,214.0,3,1192.0,2.0,1.0,62.0,1.0,0.0,0.0,0.0
40.0,656.0,3,1645.0,3.0,2.0,121.0,0.0,0.0,0.0,1.0
44.0,230.0,2,1250.0,2.0,2.0,72.0,0.0,0.0,0.0,1.0
80.0,276.0,1,709.0,1.0,0.0,34.385,0.0,0.0,0.0,1.0
80.0,96.0,2,1340.0,2.0,1.0,77.0,0.0,0.0,0.0,1.0
80.0,169.0,3,2388.0,4.0,3.0,239.0,0.0,0.0,0.0,1.0
34.0,417.0,2,1369.1,2.0,1.0,104.0,0.0,1.0,0.0,0.0
80.0,737.0,2,1355.0,2.0,3.0,75.0,0.0,0.0,1.0,0.0
80.0,662.0,2,1150.0,2.0,2.0,65.0,0.0,0.0,0.0,1.0
80.0,1257.0,3,1938.0,3.0,3.0,113.0,0.0,0.0,0.0,1.0
26.0,127.0,4,2462.0,4.0,3.0,124.0,0.0,0.0,1.0,0.0
80.0,711.0,3,1636.0,3.0,2.0,85.0,1.0,0.0,0.0,0.0
33.0,549.0,3,1430.0,2.0,2.0,75.0,0.0,0.0,1.0,0.0
80.0,797.0,3,2000.0,3.0,2.0,85.0,0.0,0.0,0.0,1.0
80.0,910.0,3,993.0,2.0,2.0,50.0,0.0,0.0,0.0,1.0
80.0,928.0,4,1260.0,4.0,1.0,150.0,0.0,0.0,0.0,1.0
80.0,1034.0,3,1700.0,3.0,3.0,88.0,1.0,0.0,0.0,0.0
80.0,192.0,2,1270.0,2.0,2.0,78.0,0.0,0.0,1.0,0.0
80.0,363.0,3,1500.0,3.0,1.0,121.0,0.0,0.0,1.0,0.0
80.0,714.0,3,2300.0,3.0,3.0,290.0,0.0,0.0,0.0,1.0
45.0,797.0,4,7500.0,4.0,2.0,900.0,0.0,0.0,0.0,1.0
80.0,652.0,3,1650.0,3.0,3.0,86.45,0.0,0.0,0.0,1.0
23.0,1186.0,2,1109.0,2.0,1.0,63.0,0.0,0.0,1.0,0.0
80.0,1021.0,2,1280.0,2.0,1.0,49.75,0.0,0.0,1.0,0.0
80.0,784.0,4,2885.0,3.0,1.0,185.0,0.0,0.0,0.0,1.0
80.0,573.0,9,1200.0,9.0,1.0,145.0,0.0,0.0,0.0,1.0
34.0,417.0,3,1600.0,3.0,2.0,180.0,0.0,0.0,0.0,1.0
80.0,993.0,3,1462.0,3.0,3.0,71.0,1.0,0.0,0.0,0.0
80.0,413.0,1,607.0,1.0,1.0,35.0,1.0,0.0,0.0,0.0
80.0,290.0,2,930.0,2.0,0.0,25.0,0.0,0.0,0.0,1.0
80.0,1248.0,4,4500.0,5.0,2.0,300.0,0.0,0.0,0.0,1.0
80.0,573.0,5,1200.0,5.0,1.0,160.0,1.0,0.0,0.0,0.0
80.0,484.0,3,2600.0,3.0,1.0,237.0,0.0,0.0,0.0,1.0
80.0,73.0,4,3000.0,4.0,2.0,140.0,0.0,0.0,1.0,0.0
52.0,1248.0,3,1418.0,3.0,2.0,52.47,0.0,0.0,0.0,1.0
40.0,1257.0,2,4200.0,1.0,2.0,160.0,0.0,0.0,0.0,1.0
80.0,1042.0,2,1125.0,2.0,1.0,65.0,0.0,0.0,0.0,1.0
80.0,972.0,3,1825.0,3.0,2.0,126.0,1.0,0.0,0.0,0.0
80.0,771.0,2,1320.0,2.0,3.0,79.5,0.0,0.0,1.0,0.0
80.0,76.0,4,3000.0,4.0,2.0,140.0,0.0,0.0,1.0,0.0
31.0,1248.0,3,1490.0,2.0,2.0,300.0,0.0,0.0,1.0,0.0
80.0,924.0,4,1650.0,3.0,1.0,300.0,1.0,0.0,0.0,0.0
80.0,464.0,2,750.0,2.0,1.0,52.7,0.0,0.0,1.0,0.0
80.0,624.0,3,1400.0,2.0,2.0,80.54,0.0,0.0,0.0,1.0
80.0,1248.0,4,4104.0,4.0,3.0,360.0,0.0,0.0,0.0,1.0
80.0,492.0,4,5000.0,4.0,0.0,375.0,0.0,0.0,0.0,1.0
80.0,504.0,5,3295.0,4.0,2.0,260.0,0.0,0.0,0.0,1.0
26.0,1075.0,4,1150.0,3.0,1.0,110.0,0.0,0.0,0.0,1.0
80.0,513.0,3,1200.0,3.0,1.0,61.96,0.0,0.0,1.0,0.0
80.0,684.0,2,965.0,2.0,2.0,48.0,0.0,0.0,0.0,1.0
34.0,636.0,1,812.0,1.0,1.0,26.0,0.0,0.0,1.0,0.0
80.0,1248.0,2,1100.0,2.0,2.0,43.0,0.0,0.0,1.0,0.0
80.0,70.0,2,1180.0,2.0,2.0,41.0,1.0,0.0,0.0,0.0
80.0,941.0,2,1145.0,2.0,2.0,48.0,0.0,0.0,0.0,1.0
28.0,573.0,2,1027.0,2.0,1.0,44.0,0.0,0.0,0.0,1.0
80.0,512.0,2,1215.0,2.0,2.0,49.85,1.0,0.0,0.0,0.0
44.0,534.0,2,1200.0,2.0,0.0,75.0,0.0,0.0,0.0,1.0
28.0,250.0,2,1015.0,2.0,2.0,58.0,0.0,1.0,0.0,0.0
80.0,1263.0,3,2400.0,3.0,1.0,165.0,0.0,0.0,0.0,1.0
80.0,533.0,4,3000.0,4.0,3.0,306.0,0.0,0.0,0.0,1.0
80.0,1226.0,3,3300.0,4.0,3.0,160.0,0.0,0.0,1.0,0.0
80.0,547.0,2,1076.0,2.0,2.0,52.0,0.0,0.0,0.0,1.0
80.0,214.0,2,1300.0,2.0,1.0,109.0,1.0,0.0,0.0,0.0
80.0,797.0,2,1300.0,2.0,2.0,102.0,0.0,0.0,0.0,1.0
80.0,730.0,3,1512.0,3.0,1.0,123.0,0.0,0.0,0.0,1.0
80.0,673.0,3,1053.4,3.0,1.0,88.91,0.0,0.0,0.0,1.0
80.0,410.0,1,605.0,1.0,0.0,41.745,0.0,0.0,1.0,0.0
80.0,109.0,2,1153.0,2.0,1.0,65.0,0.0,0.0,0.0,1.0
80.0,770.0,2,2080.0,2.0,1.0,150.0,1.0,0.0,0.0,0.0
80.0,1111.0,2,1255.0,2.0,2.0,69.0,0.0,0.0,0.0,1.0
80.0,387.0,4,2835.0,5.0,1.0,260.0,0.0,0.0,0.0,1.0
80.0,462.0,3,1583.0,3.0,3.0,109.0,0.0,0.0,0.0,1.0
80.0,692.0,2,1505.0,2.0,2.0,90.0,0.0,0.0,0.0,1.0
80.0,304.0,3,1365.0,2.0,2.0,75.08,0.0,0.0,0.0,1.0
80.0,1035.0,3,1200.0,3.0,3.0,95.75,0.0,0.0,0.0,1.0
80.0,914.0,3,1810.0,4.0,3.0,148.0,0.0,0.0,0.0,1.0
80.0,1175.0,1,440.0,1.0,0.0,35.0,0.0,0.0,0.0,1.0
80.0,214.0,2,975.0,2.0,1.0,63.0,0.0,0.0,1.0,0.0
38.0,1035.0,2,1250.0,2.0,3.0,39.0,0.0,0.0,0.0,1.0
32.0,972.0,3,1530.0,2.0,1.0,97.0,0.0,0.0,0.0,1.0
80.0,968.0,3,1300.0,2.0,2.0,39.0,0.0,0.0,0.0,1.0
80.0,186.0,2,1115.0,2.0,1.0,40.0,0.0,0.0,0.0,1.0
80.0,380.0,2,1308.0,2.0,1.0,83.0,0.0,0.0,1.0,0.0
80.0,441.0,2,1194.0,2.0,2.0,47.0,1.0,0.0,0.0,0.0
35.0,302.0,3,1490.0,2.0,2.0,59.6,0.0,0.0,1.0,0.0
80.0,1144.0,4,10000.0,4.0,0.0,450.0,0.0,0.0,0.0,1.0
80.0,1139.0,3,1592.0,3.0,1.0,91.0,1.0,0.0,0.0,0.0
80.0,1119.0,2,1222.0,2.0,0.0,112.0,0.0,0.0,1.0,0.0
33.0,415.0,2,1267.0,2.0,2.0,42.85,0.0,0.0,0.0,1.0
80.0,968.0,1,656.0,1.0,1.0,53.0,0.0,0.0,0.0,1.0
80.0,918.0,4,3400.0,4.0,3.0,530.0,0.0,0.0,0.0,1.0
33.0,978.0,4,4500.0,5.0,1.0,400.0,0.0,0.0,0.0,1.0
80.0,96.0,2,1200.0,1.0,1.0,36.0,1.0,0.0,0.0,0.0
80.0,112.0,3,1698.0,3.0,2.0,102.0,0.0,0.0,0.0,1.0
80.0,78.0,3,1500.0,3.0,2.0,70.0,0.0,0.0,0.0,1.0
80.0,464.0,4,2000.0,5.0,0.0,80.0,0.0,0.0,0.0,1.0
80.0,1035.0,2,1152.0,2.0,1.0,65.75,0.0,0.0,0.0,1.0
80.0,214.0,1,550.0,1.0,0.0,21.0,0.0,0.0,0.0,1.0
80.0,986.0,2,900.0,2.0,2.0,42.0,1.0,0.0,0.0,0.0
80.0,1248.0,3,1410.0,2.0,2.0,45.12,0.0,0.0,0.0,1.0
80.0,979.0,3,1419.0,2.0,3.0,73.0,0.0,0.0,0.0,1.0
80.0,276.0,2,1200.0,2.0,1.0,55.0,0.0,0.0,0.0,1.0
80.0,1248.0,3,1800.0,3.0,3.0,65.0,0.0,0.0,0.0,1.0
80.0,605.0,2,990.0,2.0,1.0,40.0,0.0,0.0,1.0,0.0
80.0,354.0,2,1016.0,2.0,1.0,45.0,0.0,0.0,0.0,1.0
80.0,1248.0,2,1100.0,2.0,0.0,39.0,0.0,0.0,0.0,1.0
28.0,415.0,4,850.0,2.0,1.0,65.0,0.0,0.0,0.0,1.0
80.0,426.0,2,1095.0,2.0,1.0,35.0,0.0,0.0,0.0,1.0
80.0,662.0,3,2000.0,3.0,2.0,85.0,0.0,0.0,0.0,1.0
80.0,358.0,2,1444.0,2.0,2.0,70.0,0.0,0.0,1.0,0.0
27.0,1137.0,2,1415.0,2.0,3.0,67.0,0.0,0.0,0.0,1.0
80.0,504.0,3,1500.0,2.0,1.0,130.0,0.0,0.0,0.0,1.0
80.0,1233.0,3,1600.0,3.0,3.0,72.0,0.0,0.0,1.0,0.0
80.0,1035.0,2,1105.0,2.0,1.0,41.36,0.0,0.0,0.0,1.0
80.0,84.0,3,1225.0,3.0,0.0,45.03,0.0,0.0,1.0,0.0
28.0,1248.0,3,2560.0,3.0,2.0,265.0,0.0,0.0,0.0,1.0
80.0,60.0,2,1080.0,2.0,1.0,37.8,0.0,0.0,0.0,1.0
80.0,1222.0,7,2400.0,3.0,3.0,150.0,0.0,0.0,0.0,1.0
27.0,1248.0,3,1856.0,3.0,2.0,135.0,0.0,0.0,1.0,0.0
34.0,520.0,3,1464.0,3.0,2.0,56.0,0.0,0.0,0.0,1.0
80.0,1248.0,6,2100.0,6.0,2.0,71.0,0.0,0.0,1.0,0.0
80.0,395.0,2,1150.0,2.0,2.0,77.0,0.0,0.0,0.0,1.0
31.0,267.0,5,1200.0,4.0,1.0,98.0,0.0,0.0,0.0,1.0
80.0,700.0,3,2094.0,2.0,1.0,113.19,1.0,0.0,0.0,0.0
80.0,684.0,3,1485.0,2.0,2.0,67.0,0.0,0.0,0.0,1.0
80.0,770.0,3,2500.0,3.0,3.0,75.0,0.0,0.0,1.0,0.0
80.0,972.0,2,1200.0,2.0,1.0,45.0,0.0,0.0,1.0,0.0
80.0,582.0,2,1036.0,2.0,1.0,59.46,0.0,0.0,0.0,1.0
80.0,32.0,4,3445.0,5.0,3.0,270.0,0.0,0.0,1.0,0.0
26.0,533.0,2,1400.0,2.0,2.0,80.0,0.0,0.0,0.0,1.0
80.0,845.0,2,1110.0,2.0,2.0,33.0,1.0,0.0,0.0,0.0
80.0,903.0,2,1150.0,2.0,3.0,48.0,0.0,0.0,0.0,1.0
80.0,1248.0,1,715.0,1.0,1.0,45.0,0.0,0.0,0.0,1.0
28.0,662.0,4,1200.0,4.0,0.0,130.0,0.0,0.0,0.0,1.0
80.0,845.0,5,1200.0,3.0,1.0,260.0,0.0,0.0,0.0,1.0
80.0,797.0,4,2283.0,4.0,2.0,130.0,1.0,0.0,0.0,0.0
27.0,302.0,6,1790.0,5.0,1.0,250.0,0.0,0.0,0.0,1.0
80.0,1263.0,3,1453.0,2.0,2.0,43.58,0.0,0.0,0.0,1.0
80.0,848.0,3,1400.0,2.0,1.0,85.0,0.0,0.0,1.0,0.0
80.0,1044.0,3,1400.0,3.0,0.0,65.0,0.0,0.0,0.0,1.0
29.0,350.0,3,1700.0,3.0,1.0,140.0,0.0,0.0,0.0,1.0
80.0,105.0,3,1591.0,3.0,1.0,120.0,0.0,0.0,0.0,1.0
80.0,355.0,3,1515.0,2.0,1.0,79.0,0.0,0.0,0.0,1.0
80.0,200.0,5,2500.0,3.0,3.0,200.0,0.0,0.0,0.0,1.0
80.0,1257.0,2,975.0,2.0,1.0,24.86,0.0,0.0,0.0,1.0
80.0,230.0,3,1382.0,2.0,2.0,76.18,0.0,0.0,0.0,1.0
80.0,302.0,7,1750.0,5.0,2.0,350.0,1.0,0.0,0.0,0.0
80.0,766.0,3,1533.0,3.0,2.0,150.0,0.0,0.0,1.0,0.0
80.0,1212.0,3,3815.0,3.0,1.0,763.0,0.0,0.0,1.0,0.0
32.0,1248.0,2,1100.0,2.0,2.0,38.0,1.0,0.0,0.0,0.0
80.0,662.0,4,3730.0,6.0,2.0,450.0,0.0,0.0,0.0,1.0
80.0,1248.0,3,1500.0,2.0,1.0,120.0,0.0,0.0,0.0,1.0
80.0,482.0,3,1391.0,2.0,2.0,64.5,1.0,0.0,0.0,0.0
80.0,507.0,2,1160.0,2.0,2.0,42.92,0.0,0.0,0.0,1.0
80.0,1050.0,1,620.0,1.0,1.0,27.0,0.0,0.0,1.0,0.0
45.0,1144.0,8,2400.0,9.0,3.0,350.0,0.0,0.0,0.0,1.0
80.0,589.0,8,1200.0,7.0,3.0,130.0,0.0,0.0,0.0,1.0
80.0,692.0,4,4827.0,4.0,3.0,400.0,0.0,0.0,0.0,1.0
80.0,604.0,3,1482.0,3.0,3.0,60.98,0.0,0.0,0.0,1.0
80.0,1263.0,2,1405.0,2.0,2.0,84.5,1.0,0.0,0.0,0.0
80.0,228.0,2,1190.0,2.0,2.0,40.0,0.0,0.0,0.0,1.0
80.0,371.0,2,1174.0,2.0,1.0,78.0,1.0,0.0,0.0,0.0
43.0,1261.0,2,1155.0,2.0,0.0,72.0,0.0,0.0,0.0,1.0
80.0,154.0,3,1411.0,3.0,1.0,93.04,0.0,0.0,0.0,1.0
80.0,215.0,2,745.0,2.0,0.0,50.0,1.0,0.0,0.0,0.0
80.0,292.0,2,1000.0,2.0,2.0,30.0,0.0,0.0,1.0,0.0
28.0,986.0,2,923.0,2.0,1.0,50.0,0.0,0.0,0.0,1.0
80.0,1263.0,2,1000.0,2.0,2.0,32.0,0.0,0.0,0.0,1.0
80.0,70.0,2,1276.0,2.0,2.0,45.0,0.0,0.0,1.0,0.0
34.0,711.0,3,1460.0,3.0,2.0,70.0,0.0,0.0,0.0,1.0
80.0,714.0,2,1355.0,2.0,1.0,95.0,0.0,0.0,0.0,1.0
80.0,836.0,1,833.0,1.0,1.0,49.0,0.0,0.0,0.0,1.0
80.0,393.0,8,1200.0,8.0,1.0,275.0,0.0,0.0,1.0,0.0
80.0,1189.0,5,1750.0,5.0,1.0,450.0,0.0,0.0,0.0,1.0
80.0,1248.0,2,1200.0,2.0,1.0,48.0,0.0,0.0,0.0,1.0
80.0,700.0,1,669.0,1.0,1.0,36.85,0.0,0.0,0.0,1.0
80.0,1048.0,3,2200.0,4.0,2.0,105.0,0.0,0.0,0.0,1.0
80.0,1263.0,3,1594.0,3.0,1.0,125.0,0.0,0.0,0.0,1.0
80.0,662.0,3,1790.0,3.0,2.0,105.0,0.0,0.0,0.0,1.0
80.0,1186.0,2,1020.0,2.0,1.0,45.0,0.0,0.0,0.0,1.0
80.0,220.0,4,3250.0,5.0,1.0,850.0,1.0,0.0,0.0,0.0
80.0,288.0,2,1037.0,2.0,1.0,36.28,0.0,0.0,1.0,0.0
80.0,557.0,3,1345.0,2.0,2.0,57.0,0.0,0.0,0.0,1.0
80.0,1035.0,2,1070.0,2.0,3.0,43.0,1.0,0.0,0.0,0.0
80.0,711.0,4,3000.0,5.0,1.0,270.0,1.0,0.0,0.0,0.0
33.0,504.0,3,1385.0,2.0,2.0,76.18,0.0,0.0,0.0,1.0
80.0,797.0,2,1207.0,2.0,2.0,79.9,0.0,0.0,0.0,1.0
80.0,910.0,2,1140.0,2.0,3.0,55.5,1.0,0.0,0.0,0.0
80.0,520.0,2,1220.0,2.0,2.0,68.0,0.0,0.0,0.0,1.0
80.0,1257.0,4,3811.0,3.0,2.0,475.0,0.0,0.0,0.0,1.0
80.0,810.0,4,3596.0,5.0,0.0,252.0,0.0,0.0,1.0,0.0
80.0,234.0,3,1965.0,3.0,3.0,120.0,1.0,0.0,0.0,0.0
80.0,78.0,3,1760.0,2.0,0.0,115.0,0.0,0.0,0.0,1.0
80.0,1204.0,2,1225.0,2.0,1.0,70.0,0.0,0.0,0.0,1.0
80.0,1144.0,2,1075.0,2.0,2.0,52.43,0.0,0.0,0.0,1.0
80.0,275.0,2,1000.0,2.0,1.0,68.0,0.0,0.0,0.0,1.0
26.0,834.0,3,1891.0,3.0,1.0,109.0,0.0,0.0,0.0,1.0
80.0,167.0,2,1322.0,2.0,2.0,86.0,0.0,0.0,0.0,1.0
80.0,830.0,3,1095.0,3.0,0.0,215.0,1.0,0.0,0.0,0.0
80.0,738.0,4,3600.0,4.0,0.0,260.0,1.0,0.0,0.0,0.0
80.0,745.0,2,1045.0,2.0,1.0,36.58,0.0,0.0,1.0,0.0
80.0,1035.0,3,1545.0,3.0,3.0,85.0,0.0,0.0,0.0,1.0
80.0,928.0,3,1996.0,3.0,2.0,135.0,0.0,0.0,0.0,1.0
80.0,504.0,2,1125.0,2.0,2.0,70.0,0.0,0.0,0.0,1.0
80.0,662.0,3,1560.0,3.0,1.0,115.0,0.0,0.0,0.0,1.0
80.0,356.0,3,2000.0,2.0,2.0,85.0,0.0,0.0,0.0,1.0
80.0,1035.0,4,3100.0,4.0,2.0,310.0,0.0,0.0,0.0,1.0
80.0,528.0,2,780.0,2.0,1.0,35.0,0.0,0.0,0.0,1.0
80.0,234.0,2,1350.0,2.0,1.0,110.0,0.0,0.0,0.0,1.0
80.0,175.0,3,2275.0,4.0,2.0,180.0,1.0,0.0,0.0,0.0
34.0,420.0,2,1350.0,2.0,2.0,41.0,0.0,0.0,0.0,1.0
80.0,324.0,3,1464.0,3.0,3.0,56.0,1.0,0.0,0.0,0.0
80.0,96.0,3,1570.0,3.0,3.0,64.5,0.0,0.0,1.0,0.0
80.0,1248.0,1,708.0,1.0,0.0,28.32,0.0,0.0,0.0,1.0
80.0,504.0,3,1680.0,3.0,1.0,160.0,0.0,0.0,0.0,1.0
80.0,894.0,2,1400.0,2.0,1.0,82.0,0.0,0.0,1.0,0.0
32.0,72.0,2,1310.0,2.0,2.0,72.0,0.0,0.0,0.0,1.0
80.0,1216.0,6,3300.0,6.0,3.0,165.0,0.0,0.0,0.0,1.0
16.0,1248.0,2,1175.0,2.0,1.0,57.0,0.0,0.0,1.0,0.0
80.0,890.0,3,1428.0,2.0,1.0,80.0,0.0,0.0,1.0,0.0
28.0,269.0,4,750.0,4.0,2.0,62.0,1.0,0.0,0.0,0.0
54.0,180.0,4,3252.0,4.0,3.0,280.0,0.0,0.0,0.0,1.0
80.0,1045.0,2,1194.0,2.0,2.0,46.0,0.0,0.0,0.0,1.0
51.0,960.0,8,750.0,8.0,1.0,200.0,0.0,0.0,0.0,1.0
80.0,1021.0,2,1080.0,2.0,2.0,35.0,0.0,0.0,0.0,1.0
80.0,1144.0,3,1200.0,2.0,1.0,68.0,0.0,0.0,0.0,1.0
45.0,520.0,2,1200.0,2.0,1.0,45.0,0.0,0.0,0.0,1.0
80.0,1248.0,5,1200.0,4.0,3.0,120.0,0.0,0.0,0.0,1.0
68.0,1137.0,3,1320.0,2.0,1.0,38.13,0.0,0.0,0.0,1.0
26.0,229.0,3,1842.0,3.0,2.0,115.0,0.0,0.0,0.0,1.0
80.0,512.0,2,1146.0,2.0,3.0,55.0,0.0,0.0,0.0,1.0
80.0,507.0,1,440.0,1.0,1.0,28.0,1.0,0.0,0.0,0.0
28.0,573.0,2,1048.0,2.0,3.0,50.0,0.0,0.0,0.0,1.0
80.0,1085.0,3,1801.0,3.0,1.0,115.0,0.0,0.0,0.0,1.0
80.0,1263.0,2,1232.0,2.0,1.0,69.61,1.0,0.0,0.0,0.0
52.0,1248.0,2,1150.0,2.0,2.0,90.0,1.0,0.0,0.0,0.0
80.0,676.0,3,1868.0,3.0,1.0,120.0,1.0,0.0,0.0,0.0
27.0,527.0,3,1445.0,2.0,2.0,47.1,0.0,0.0,0.0,1.0
80.0,803.0,3,1466.0,2.0,3.0,140.0,0.0,0.0,1.0,0.0
80.0,1211.0,3,1730.0,3.0,2.0,100.0,0.0,0.0,1.0,0.0
80.0,904.0,3,3860.0,3.0,2.0,402.0,0.0,0.0,0.0,1.0
80.0,511.0,2,1185.0,2.0,3.0,70.0,0.0,0.0,0.0,1.0
80.0,192.0,3,3027.0,4.0,3.0,260.0,0.0,0.0,0.0,1.0
80.0,769.0,4,2400.0,4.0,3.0,147.0,0.0,0.0,1.0,0.0
80.0,504.0,2,1185.0,2.0,1.0,49.0,0.0,0.0,0.0,1.0
80.0,70.0,2,1150.0,2.0,2.0,49.0,0.0,0.0,0.0,1.0
80.0,413.0,5,2000.0,4.0,2.0,180.0,0.0,0.0,0.0,1.0
80.0,96.0,6,875.0,3.0,1.0,98.0,0.0,0.0,0.0,1.0
80.0,960.0,2,1075.0,2.0,2.0,35.0,0.0,0.0,0.0,1.0
80.0,532.0,3,1760.0,3.0,2.0,123.0,0.0,0.0,0.0,1.0
80.0,692.0,2,1600.0,2.0,1.0,63.98,1.0,0.0,0.0,0.0
80.0,1186.0,4,910.0,4.0,1.0,140.0,1.0,0.0,0.0,0.0
80.0,1257.0,2,1000.0,2.0,1.0,78.0,0.0,0.0,0.0,1.0
38.0,106.0,2,1215.0,2.0,2.0,90.0,0.0,0.0,0.0,1.0
80.0,960.0,3,1734.0,3.0,3.0,125.0,0.0,0.0,0.0,1.0
80.0,173.0,2,1280.0,2.0,1.0,60.0,0.0,0.0,0.0,1.0
80.0,983.0,2,1113.0,2.0,1.0,55.0,1.0,0.0,0.0,0.0
44.0,511.0,2,1272.0,2.0,2.0,48.0,0.0,0.0,0.0,1.0
80.0,106.0,3,1240.0,3.0,2.0,41.0,1.0,0.0,0.0,0.0
80.0,986.0,8,704.0,8.0,3.0,92.0,1.0,0.0,0.0,0.0
80.0,1034.0,2,1100.0,2.0,1.0,70.0,1.0,0.0,0.0,0.0
80.0,816.0,2,896.0,2.0,1.0,30.13,0.0,0.0,1.0,0.0
80.0,1007.0,4,3657.0,5.0,1.0,220.0,0.0,0.0,0.0,1.0
80.0,333.0,2,1200.0,2.0,0.0,35.0,1.0,0.0,0.0,0.0
80.0,429.0,4,2800.0,4.0,3.0,155.0,0.0,0.0,0.0,1.0
80.0,1237.0,4,2790.0,4.0,3.0,198.0,0.0,0.0,0.0,1.0
80.0,557.0,3,3500.0,3.0,1.0,198.0,0.0,0.0,0.0,1.0
49.0,711.0,3,3600.0,3.0,2.0,150.0,0.0,0.0,0.0,1.0
80.0,845.0,2,1500.0,2.0,2.0,30.0,0.0,0.0,0.0,1.0
80.0,960.0,8,1200.0,7.0,0.0,220.0,0.0,0.0,0.0,1.0
80.0,1050.0,2,1096.0,2.0,2.0,48.0,0.0,0.0,0.0,1.0
40.0,528.0,2,580.0,2.0,0.0,95.0,0.0,0.0,0.0,1.0
80.0,807.0,2,1094.0,2.0,1.0,44.0,1.0,0.0,0.0,0.0
51.0,686.0,2,1100.0,2.0,2.0,49.0,0.0,0.0,0.0,1.0
31.0,302.0,4,2987.5,5.0,0.0,191.0,0.0,0.0,0.0,1.0
80.0,201.0,4,2503.0,6.0,2.0,325.0,0.0,0.0,0.0,1.0
80.0,1149.0,2,1145.0,2.0,2.0,40.0,0.0,0.0,0.0,1.0
80.0,1144.0,3,1550.0,3.0,2.0,74.5,1.0,0.0,0.0,0.0
80.0,636.0,3,1830.0,4.0,2.0,82.0,0.0,0.0,0.0,1.0
80.0,829.0,3,1746.0,3.0,3.0,84.95,0.0,0.0,1.0,0.0
29.0,415.0,4,1280.0,4.0,1.0,115.0,0.0,0.0,0.0,1.0
80.0,137.0,2,918.0,2.0,1.0,27.54,0.0,0.0,0.0,1.0
80.0,150.0,1,645.0,1.0,1.0,16.45,0.0,0.0,0.0,1.0
80.0,797.0,3,1305.0,2.0,1.0,60.0,0.0,0.0,0.0,1.0
80.0,783.0,2,1207.0,2.0,2.0,62.0,0.0,0.0,1.0,0.0
80.0,950.0,3,1678.0,3.0,2.0,125.0,0.0,0.0,1.0,0.0
80.0,696.0,2,950.0,2.0,1.0,50.0,0.0,0.0,1.0,0.0
80.0,743.0,10,1200.0,7.0,1.0,240.0,0.0,0.0,0.0,1.0
80.0,1035.0,2,1070.0,2.0,1.0,55.0,0.0,0.0,0.0,1.0
80.0,380.0,3,1732.46,3.0,2.0,92.0,0.0,0.0,0.0,1.0
80.0,70.0,3,1639.0,2.0,1.0,40.98,0.0,0.0,0.0,1.0
80.0,1248.0,2,1360.0,2.0,1.0,103.0,0.0,0.0,0.0,1.0
80.0,221.0,4,2592.0,4.0,2.0,250.0,0.0,0.0,0.0,1.0
23.0,983.0,3,4470.0,3.0,1.0,700.0,0.0,0.0,0.0,1.0
80.0,1069.0,5,720.0,4.0,3.0,62.0,0.0,0.0,1.0,0.0
80.0,903.0,3,1656.0,3.0,2.0,150.0,0.0,0.0,0.0,1.0
80.0,495.0,2,985.0,2.0,1.0,49.0,0.0,0.0,0.0,1.0
80.0,1252.0,3,1999.0,3.0,2.0,135.0,0.0,0.0,0.0,1.0
17.0,892.0,2,1050.0,2.0,1.0,75.0,0.0,0.0,1.0,0.0
80.0,1035.0,3,1440.0,2.0,2.0,64.0,0.0,0.0,0.0,1.0
80.0,639.0,3,1600.0,2.0,2.0,160.0,0.0,0.0,0.0,1.0
80.0,230.0,2,1253.0,2.0,1.0,52.66,0.0,0.0,0.0,1.0
42.0,574.0,3,1200.0,3.0,0.0,85.0,0.0,0.0,0.0,1.0
80.0,986.0,3,1360.0,2.0,3.0,75.0,0.0,0.0,1.0,0.0
80.0,963.0,2,1086.0,2.0,1.0,47.5,1.0,0.0,0.0,0.0
80.0,569.0,3,1655.0,3.0,2.0,155.0,0.0,0.0,1.0,0.0
80.0,1019.0,4,2600.0,4.0,1.0,260.0,0.0,0.0,0.0,1.0
80.0,230.0,2,1418.0,2.0,2.0,78.0,0.0,0.0,0.0,1.0
80.0,302.0,2,1270.0,2.0,2.0,100.0,0.0,0.0,1.0,0.0
80.0,587.0,3,1410.0,2.0,3.0,52.17,0.0,0.0,1.0,0.0
28.0,1248.0,2,1150.0,2.0,1.0,74.0,1.0,0.0,0.0,0.0
80.0,415.0,2,600.0,3.0,2.0,45.0,0.0,0.0,0.0,1.0
52.0,511.0,3,1440.0,3.0,2.0,65.8,0.0,0.0,0.0,1.0
27.0,1248.0,3,1200.0,2.0,0.0,108.0,0.0,0.0,1.0,0.0
80.0,1212.0,2,1200.0,2.0,2.0,75.0,0.0,0.0,1.0,0.0
80.0,1034.0,3,1410.0,2.0,3.0,50.06,1.0,0.0,0.0,0.0
80.0,624.0,4,1200.0,5.0,2.0,92.0,0.0,0.0,0.0,1.0
28.0,304.0,3,600.0,3.0,2.0,60.0,0.0,0.0,1.0,0.0
34.0,173.0,1,624.0,1.0,1.0,35.0,0.0,0.0,0.0,1.0
80.0,1232.0,2,1060.0,2.0,1.0,58.0,0.0,0.0,0.0,1.0
80.0,276.0,4,3960.0,5.0,3.0,386.0,0.0,0.0,0.0,1.0
80.0,662.0,2,1200.0,2.0,1.0,45.0,0.0,0.0,1.0,0.0
80.0,1035.0,4,1200.0,4.0,2.0,175.0,1.0,0.0,0.0,0.0
80.0,214.0,4,1917.0,3.0,0.0,60.0,1.0,0.0,0.0,0.0
80.0,782.0,2,950.0,2.0,1.0,40.0,1.0,0.0,0.0,0.0
80.0,797.0,2,3040.0,2.0,1.0,48.0,0.0,0.0,0.0,1.0
80.0,851.0,3,1250.0,3.0,1.0,50.0,0.0,0.0,0.0,1.0
80.0,228.0,2,1235.0,2.0,2.0,60.0,0.0,0.0,0.0,1.0
80.0,1257.0,1,722.0,1.0,0.0,46.0,0.0,0.0,1.0,0.0
80.0,389.0,4,2775.0,3.0,1.0,165.0,1.0,0.0,0.0,0.0
80.0,755.0,2,1200.0,2.0,1.0,93.0,0.0,0.0,0.0,1.0
80.0,488.0,3,1400.0,3.0,1.0,68.0,0.0,0.0,0.0,1.0
80.0,327.0,3,1225.0,3.0,3.0,60.0,1.0,0.0,0.0,0.0
80.0,166.0,2,1220.0,2.0,1.0,58.5,0.0,0.0,1.0,0.0
80.0,645.0,1,705.0,1.0,1.0,52.5,0.0,0.0,1.0,0.0
80.0,1035.0,3,1880.0,3.0,2.0,94.36,0.0,0.0,0.0,1.0
80.0,1050.0,2,1200.0,2.0,1.0,70.0,0.0,0.0,1.0,0.0
80.0,1258.0,3,1550.0,2.0,1.0,60.0,0.0,0.0,0.0,1.0
28.0,504.0,3,1893.0,3.0,1.0,130.0,0.0,0.0,0.0,1.0
80.0,702.0,3,1650.0,3.0,2.0,75.0,0.0,0.0,0.0,1.0
80.0,256.0,2,1113.0,2.0,2.0,46.0,0.0,0.0,1.0,0.0
32.0,268.0,2,1500.0,2.0,0.0,203.0,0.0,0.0,0.0,1.0
80.0,968.0,9,1800.0,9.0,1.0,180.0,0.0,0.0,0.0,1.0
63.0,528.0,3,1586.0,3.0,3.0,70.0,0.0,0.0,0.0,1.0
80.0,815.0,3,4000.0,3.0,1.0,235.0,0.0,0.0,1.0,0.0
80.0,725.0,3,1541.0,3.0,3.0,80.0,0.0,0.0,1.0,0.0
80.0,662.0,3,1830.0,3.0,2.0,101.0,0.0,0.0,1.0,0.0
80.0,507.0,2,1200.0,2.0,2.0,48.0,0.0,0.0,1.0,0.0
80.0,1050.0,3,1800.0,2.0,0.0,72.0,1.0,0.0,0.0,0.0
80.0,266.0,2,1015.0,2.0,1.0,40.0,0.0,0.0,0.0,1.0
43.0,662.0,2,1120.0,2.0,2.0,37.95,0.0,0.0,0.0,1.0
80.0,96.0,1,706.0,1.0,1.0,48.24,0.0,0.0,0.0,1.0
80.0,533.0,4,1350.0,4.0,2.0,85.0,1.0,0.0,0.0,0.0
80.0,1175.0,6,610.0,4.0,1.0,95.0,0.0,0.0,0.0,1.0
80.0,54.0,3,1900.0,3.0,1.0,99.0,0.0,1.0,0.0,0.0
52.0,1299.0,4,1200.0,4.0,1.0,243.0,0.0,0.0,0.0,1.0
80.0,346.0,4,3000.0,5.0,3.0,150.0,0.0,0.0,0.0,1.0
80.0,1035.0,3,1075.0,2.0,1.0,42.0,0.0,0.0,0.0,1.0
80.0,189.0,2,1290.0,2.0,3.0,80.0,1.0,0.0,0.0,0.0
80.0,797.0,2,1200.0,2.0,1.0,50.0,0.0,0.0,1.0,0.0
80.0,797.0,2,1150.0,2.0,1.0,53.11,0.0,0.0,0.0,1.0
80.0,1107.0,3,1360.0,2.0,3.0,61.2,0.0,0.0,1.0,0.0
80.0,1180.0,9,4500.0,9.0,1.0,500.0,1.0,0.0,0.0,0.0
22.0,513.0,2,935.0,2.0,1.0,32.73,0.0,0.0,0.0,1.0
80.0,835.0,3,1730.0,3.0,3.0,140.0,0.0,0.0,1.0,0.0
80.0,276.0,2,1260.0,2.0,2.0,53.0,0.0,0.0,0.0,1.0
80.0,1035.0,6,675.0,6.0,2.0,125.0,0.0,0.0,0.0,1.0
80.0,711.0,4,4000.0,4.0,1.0,650.0,0.0,0.0,0.0,1.0
34.0,1248.0,2,950.0,2.0,1.0,45.68,0.0,0.0,0.0,1.0
80.0,982.0,2,600.0,3.0,2.0,85.0,0.0,0.0,0.0,1.0
80.0,610.0,5,2500.0,5.0,2.0,120.0,0.0,0.0,1.0,0.0
80.0,1248.0,4,3216.0,5.0,2.0,300.0,0.0,0.0,1.0,0.0
80.0,75.0,6,800.0,3.0,2.0,120.0,0.0,0.0,0.0,1.0
39.0,686.0,3,1991.0,4.0,2.0,88.0,0.0,0.0,0.0,1.0
80.0,29.0,2,1115.0,2.0,1.0,60.0,0.0,0.0,0.0,1.0
80.0,507.0,3,1900.0,3.0,3.0,150.0,0.0,0.0,0.0,1.0
80.0,1000.0,2,1109.0,2.0,1.0,41.49,1.0,0.0,0.0,0.0
80.0,851.0,4,2340.0,5.0,1.0,129.0,0.0,0.0,0.0,1.0
80.0,1144.0,6,1200.0,6.0,2.0,300.0,0.0,0.0,0.0,1.0
80.0,793.0,4,4356.0,5.0,1.0,850.0,1.0,0.0,0.0,0.0
80.0,162.0,2,1005.0,2.0,1.0,43.0,0.0,1.0,0.0,0.0
80.0,1144.0,1,416.0,1.0,1.0,19.5,1.0,0.0,0.0,0.0
34.0,1186.0,2,1394.0,2.0,1.0,100.0,0.0,0.0,0.0,1.0
34.0,1186.0,3,2138.0,3.0,2.0,110.0,0.0,0.0,1.0,0.0
80.0,1257.0,3,1550.0,3.0,2.0,160.0,0.0,0.0,0.0,1.0
80.0,512.0,3,1300.0,3.0,1.0,80.0,1.0,0.0,0.0,0.0
80.0,602.0,2,1265.0,2.0,2.0,82.0,0.0,0.0,1.0,0.0
80.0,324.0,2,1140.0,2.0,2.0,52.0,0.0,0.0,0.0,1.0
80.0,1248.0,2,1050.0,2.0,3.0,40.0,0.0,0.0,0.0,1.0
28.0,250.0,2,1100.0,2.0,1.0,48.0,0.0,1.0,0.0,0.0
80.0,705.0,2,1012.0,2.0,1.0,59.0,0.0,0.0,0.0,1.0
80.0,1248.0,4,1600.0,4.0,3.0,112.0,0.0,0.0,1.0,0.0
27.0,1137.0,2,1326.0,2.0,2.0,57.0,0.0,0.0,0.0,1.0
76.0,656.0,3,1654.0,2.0,3.0,85.0,0.0,0.0,0.0,1.0
39.0,230.0,3,1705.0,2.0,1.0,290.0,0.0,0.0,0.0,1.0
80.0,451.0,2,1070.0,2.0,1.0,42.8,0.0,0.0,1.0,0.0
40.0,797.0,3,1700.0,3.0,2.0,95.0,0.0,0.0,0.0,1.0
80.0,986.0,2,910.2,2.0,1.0,80.64,0.0,0.0,1.0,0.0
33.0,504.0,2,1140.0,2.0,2.0,50.66,0.0,0.0,0.0,1.0
31.0,415.0,4,4960.0,4.0,3.0,400.0,0.0,0.0,0.0,1.0
80.0,1223.0,3,2254.0,3.0,2.0,170.0,1.0,0.0,0.0,0.0
28.0,461.0,2,945.0,2.0,1.0,47.0,0.0,0.0,0.0,1.0
80.0,637.0,4,2462.0,6.0,2.0,150.0,0.0,0.0,0.0,1.0
80.0,644.0,3,1350.0,3.0,0.0,240.0,0.0,0.0,0.0,1.0
29.0,1248.0,1,615.0,1.0,1.0,44.0,1.0,0.0,0.0,0.0
80.0,394.0,2,1110.0,2.0,0.0,65.0,1.0,0.0,0.0,0.0
31.0,968.0,1,575.0,1.0,1.0,88.0,0.0,0.0,0.0,1.0
80.0,633.0,2,1025.0,2.0,1.0,54.1,0.0,0.0,0.0,1.0
28.0,986.0,3,1758.0,3.0,2.0,95.0,0.0,0.0,0.0,1.0
80.0,507.0,4,3179.0,5.0,3.0,351.0,0.0,0.0,0.0,1.0
32.0,72.0,3,1342.0,3.0,3.0,92.0,0.0,0.0,0.0,1.0
80.0,380.0,3,1800.0,3.0,2.0,85.0,1.0,0.0,0.0,0.0
80.0,629.0,4,2928.0,4.0,3.0,198.0,0.0,0.0,0.0,1.0
80.0,220.0,2,1140.0,2.0,3.0,32.0,1.0,0.0,0.0,0.0
80.0,644.0,2,1608.0,2.0,2.0,85.0,0.0,0.0,0.0,1.0
80.0,767.0,3,1645.0,2.0,2.0,82.0,0.0,0.0,1.0,0.0
34.0,96.0,3,1410.0,2.0,1.0,56.4,0.0,0.0,0.0,1.0
80.0,587.0,2,1200.0,2.0,2.0,52.0,0.0,0.0,0.0,1.0
80.0,624.0,3,1275.0,2.0,2.0,41.5,0.0,0.0,0.0,1.0
80.0,234.0,4,3800.0,4.0,2.0,600.0,0.0,0.0,0.0,1.0
80.0,1155.0,3,909.0,2.0,1.0,40.0,0.0,0.0,0.0,1.0
26.0,1144.0,2,1200.0,3.0,0.0,85.0,0.0,0.0,0.0,1.0
37.0,302.0,2,1080.0,2.0,2.0,73.0,0.0,0.0,0.0,1.0
80.0,774.0,2,1200.0,2.0,1.0,34.0,0.0,0.0,1.0,0.0
80.0,1002.0,2,1092.0,2.0,1.0,60.0,0.0,0.0,1.0,0.0
80.0,774.0,3,1932.0,4.0,3.0,135.0,0.0,0.0,1.0,0.0
44.0,702.0,2,1156.0,2.0,1.0,72.0,0.0,0.0,0.0,1.0
80.0,54.0,2,924.0,2.0,2.0,35.11,1.0,0.0,0.0,0.0
80.0,800.0,2,1330.0,2.0,1.0,75.0,1.0,0.0,0.0,0.0
80.0,234.0,3,1917.0,4.0,2.0,113.0,0.0,0.0,0.0,1.0
80.0,633.0,2,985.0,2.0,1.0,25.12,0.0,0.0,0.0,1.0
44.0,511.0,6,2400.0,6.0,2.0,408.0,0.0,0.0,0.0,1.0
80.0,464.0,4,1800.0,5.0,2.0,500.0,0.0,0.0,0.0,1.0
80.0,116.0,2,1290.0,1.0,0.0,225.0,0.0,0.0,1.0,0.0
80.0,1144.0,1,655.0,1.0,1.0,53.0,0.0,0.0,0.0,1.0
80.0,1134.0,3,1800.0,3.0,3.0,140.0,0.0,0.0,1.0,0.0
28.0,1248.0,4,1360.0,2.0,2.0,45.0,0.0,0.0,0.0,1.0
80.0,266.0,3,1785.0,3.0,3.0,118.0,0.0,0.0,0.0,1.0
80.0,1035.0,7,4000.0,7.0,2.0,130.0,0.0,0.0,0.0,1.0
80.0,586.0,3,1645.0,3.0,2.0,120.0,1.0,0.0,0.0,0.0
40.0,511.0,2,1235.0,2.0,2.0,63.0,0.0,0.0,0.0,1.0
80.0,834.0,2,900.0,2.0,0.0,48.0,0.0,0.0,0.0,1.0
80.0,668.0,1,662.0,1.0,1.0,42.0,1.0,0.0,0.0,0.0
80.0,700.0,5,1440.0,5.0,1.0,100.0,0.0,0.0,0.0,1.0
80.0,797.0,2,1215.0,2.0,1.0,62.0,0.0,0.0,0.0,1.0
34.0,220.0,2,845.0,2.0,1.0,37.0,0.0,0.0,0.0,1.0
80.0,75.0,3,1525.0,2.0,2.0,87.0,1.0,0.0,0.0,0.0
36.0,520.0,2,1000.0,2.0,2.0,48.0,0.0,0.0,0.0,1.0
80.0,1149.0,3,1255.0,2.0,1.0,90.0,0.0,0.0,0.0,1.0
26.0,1029.0,3,1560.0,3.0,2.0,120.0,0.0,0.0,0.0,1.0
61.0,1248.0,3,2100.0,3.0,3.0,110.0,0.0,0.0,0.0,1.0
80.0,173.0,3,1620.0,2.0,2.0,85.0,0.0,0.0,0.0,1.0
80.0,986.0,3,1595.0,3.0,2.0,90.0,0.0,0.0,1.0,0.0
28.0,420.0,2,1095.0,2.0,2.0,38.52,0.0,0.0,0.0,1.0
45.0,511.0,2,835.0,2.0,0.0,37.0,0.0,0.0,0.0,1.0
80.0,1034.0,3,2182.0,3.0,2.0,72.04,0.0,0.0,1.0,0.0
31.0,302.0,2,1418.0,2.0,2.0,106.0,0.0,0.0,0.0,1.0
45.0,56.0,3,1900.0,2.0,2.0,180.0,1.0,0.0,0.0,0.0
80.0,152.0,3,2700.0,5.0,2.0,175.0,0.0,0.0,1.0,0.0
80.0,26.0,2,1070.0,2.0,1.0,48.0,0.0,0.0,1.0,0.0
80.0,420.0,9,2000.0,9.0,2.0,150.0,1.0,0.0,0.0,0.0
26.0,1035.0,1,755.0,1.0,1.0,42.41,0.0,0.0,0.0,1.0
80.0,417.0,3,1645.0,3.0,2.0,117.0,1.0,0.0,0.0,0.0
80.0,230.0,3,2400.0,3.0,2.0,190.0,0.0,0.0,0.0,1.0
80.0,1033.0,1,645.0,1.0,1.0,16.45,0.0,0.0,1.0,0.0
80.0,872.0,4,3900.0,4.0,1.0,333.0,1.0,0.0,0.0,0.0
80.0,324.0,3,2400.0,4.0,2.0,200.0,0.0,0.0,0.0,1.0
80.0,656.0,10,2416.0,10.0,1.0,600.0,0.0,0.0,0.0,1.0
80.0,222.0,2,919.0,2.0,0.0,28.0,0.0,0.0,0.0,1.0
80.0,797.0,3,1725.0,3.0,1.0,110.0,0.0,0.0,0.0,1.0
80.0,1238.0,2,1346.0,2.0,1.0,71.32,0.0,0.0,0.0,1.0
26.0,415.0,2,1070.0,2.0,2.0,45.0,0.0,0.0,0.0,1.0
63.0,662.0,2,1225.0,2.0,1.0,35.52,0.0,0.0,0.0,1.0
80.0,76.0,6,880.0,6.0,2.0,75.0,0.0,0.0,1.0,0.0
80.0,380.0,1,640.0,1.0,1.0,20.5,0.0,0.0,0.0,1.0
80.0,1144.0,3,1310.0,2.0,1.0,52.4,1.0,0.0,0.0,0.0
34.0,1144.0,2,1190.0,2.0,2.0,39.0,0.0,0.0,0.0,1.0
80.0,1080.0,3,1645.0,3.0,2.0,87.5,0.0,0.0,0.0,1.0
80.0,968.0,2,1350.0,2.0,1.0,89.0,0.0,0.0,0.0,1.0
80.0,1257.0,2,1404.0,2.0,1.0,68.8,1.0,0.0,0.0,0.0
80.0,274.0,3,1105.0,2.0,1.0,35.0,0.0,0.0,0.0,1.0
80.0,845.0,2,900.0,2.0,1.0,41.0,0.0,0.0,1.0,0.0
80.0,1035.0,4,1650.0,4.0,3.0,320.0,0.0,0.0,0.0,1.0
80.0,730.0,2,1100.0,2.0,1.0,41.15,0.0,0.0,0.0,1.0
80.0,70.0,4,2100.0,4.0,1.0,95.0,0.0,0.0,0.0,1.0
80.0,70.0,3,1948.0,3.0,2.0,130.0,0.0,0.0,0.0,1.0
80.0,276.0,3,1464.0,3.0,2.0,56.0,0.0,0.0,1.0,0.0
80.0,1144.0,2,1210.0,2.0,2.0,45.0,1.0,0.0,0.0,0.0
80.0,903.0,5,4000.0,5.0,2.0,220.0,1.0,0.0,0.0,0.0
80.0,1138.0,2,1252.0,2.0,2.0,55.0,0.0,0.0,0.0,1.0
80.0,797.0,5,1200.0,4.0,3.0,240.0,0.0,0.0,0.0,1.0
40.0,529.0,5,3905.0,7.0,1.0,290.0,1.0,0.0,0.0,0.0
80.0,797.0,3,2600.0,3.0,2.0,140.0,0.0,0.0,0.0,1.0
80.0,1035.0,3,1300.0,3.0,2.0,89.13,1.0,0.0,0.0,0.0
80.0,453.0,2,1130.0,2.0,2.0,73.0,0.0,0.0,0.0,1.0
80.0,1149.0,4,1200.0,3.0,0.0,135.0,0.0,0.0,0.0,1.0
80.0,962.0,3,1690.0,3.0,2.0,125.0,0.0,0.0,0.0,1.0
27.0,520.0,3,4500.0,4.0,2.0,360.0,0.0,0.0,0.0,1.0
26.0,797.0,2,950.0,2.0,1.0,60.0,0.0,0.0,0.0,1.0
80.0,1175.0,2,1020.0,2.0,1.0,57.0,0.0,0.0,0.0,1.0
40.0,511.0,4,2107.0,4.0,3.0,95.0,0.0,0.0,0.0,1.0
80.0,711.0,3,1735.0,3.0,2.0,72.0,0.0,0.0,0.0,1.0
80.0,528.0,2,915.0,2.0,2.0,37.0,0.0,0.0,0.0,1.0
80.0,968.0,3,1450.0,3.0,3.0,68.0,0.0,0.0,0.0,1.0
80.0,820.0,3,2215.0,4.0,2.0,156.0,0.0,0.0,1.0,0.0
80.0,214.0,3,2431.0,3.0,1.0,100.0,0.0,0.0,1.0,0.0
80.0,547.0,3,1804.0,3.0,2.0,102.0,0.0,0.0,0.0,1.0
80.0,119.0,2,1600.0,3.0,2.0,88.0,0.0,0.0,0.0,1.0
80.0,1164.0,2,1280.0,2.0,2.0,75.0,0.0,0.0,0.0,1.0
80.0,223.0,3,1255.0,3.0,2.0,77.68,0.0,0.0,1.0,0.0
80.0,415.0,2,1320.0,2.0,1.0,150.0,0.0,0.0,0.0,1.0
80.0,226.0,2,1257.0,2.0,1.0,69.0,0.0,0.0,1.0,0.0
80.0,343.0,2,1240.0,2.0,1.0,53.27,0.0,0.0,0.0,1.0
80.0,944.0,4,1200.0,4.0,2.0,240.0,0.0,0.0,0.0,1.0
80.0,1257.0,6,1850.0,6.0,3.0,150.0,0.0,0.0,1.0,0.0
80.0,290.0,2,1255.0,2.0,3.0,66.0,0.0,0.0,0.0,1.0
80.0,968.0,2,870.0,2.0,2.0,36.0,1.0,0.0,0.0,0.0
80.0,960.0,3,1789.0,3.0,2.0,98.0,0.0,0.0,0.0,1.0
80.0,380.0,6,800.0,6.0,2.0,110.0,0.0,0.0,0.0,1.0
27.0,520.0,2,660.0,1.0,1.0,18.0,0.0,0.0,0.0,1.0
80.0,504.0,3,600.0,3.0,1.0,54.0,0.0,0.0,0.0,1.0
80.0,137.0,2,1155.0,2.0,3.0,56.0,0.0,0.0,0.0,1.0
80.0,334.0,2,1235.0,2.0,2.0,65.0,0.0,0.0,0.0,1.0
80.0,604.0,4,2675.0,4.0,2.0,140.0,1.0,0.0,0.0,0.0
80.0,266.0,2,1025.0,2.0,2.0,50.0,0.0,0.0,0.0,1.0
80.0,1035.0,3,1395.0,2.0,2.0,72.0,0.0,0.0,0.0,1.0
80.0,1035.0,3,1530.0,2.0,2.0,74.4,0.0,0.0,0.0,1.0
80.0,635.0,3,1252.0,2.0,1.0,71.0,0.0,0.0,0.0,1.0
80.0,413.0,2,1081.0,2.0,1.0,30.27,0.0,0.0,0.0,1.0
80.0,673.0,3,1255.0,3.0,1.0,130.0,0.0,0.0,0.0,1.0
64.0,662.0,4,2062.0,3.0,1.0,150.0,0.0,0.0,0.0,1.0
80.0,1248.0,3,1220.0,3.0,2.0,56.0,0.0,0.0,0.0,1.0
27.0,1068.0,3,1408.0,2.0,0.0,55.0,0.0,0.0,0.0,1.0
80.0,851.0,3,1180.0,2.0,1.0,60.0,0.0,0.0,0.0,1.0
80.0,464.0,1,715.0,1.0,2.0,29.0,0.0,0.0,0.0,1.0
34.0,124.0,2,1230.0,2.0,3.0,94.5,0.0,0.0,1.0,0.0
31.0,417.0,2,1035.0,2.0,2.0,45.5,0.0,0.0,0.0,1.0
80.0,1035.0,4,3360.0,5.0,0.0,225.0,1.0,0.0,0.0,0.0
80.0,711.0,3,1300.0,3.0,2.0,77.99,0.0,0.0,0.0,1.0
80.0,871.0,3,1100.0,3.0,1.0,52.97,0.0,0.0,0.0,1.0
80.0,1186.0,2,1216.0,2.0,1.0,84.0,0.0,0.0,0.0,1.0
80.0,633.0,2,1450.0,2.0,3.0,62.63,1.0,0.0,0.0,0.0
37.0,511.0,1,705.0,1.0,1.0,57.0,0.0,0.0,0.0,1.0
27.0,302.0,3,1385.0,3.0,2.0,64.0,0.0,0.0,0.0,1.0
80.0,113.0,2,1200.0,2.0,1.0,36.1,1.0,0.0,0.0,0.0
28.0,972.0,3,1310.0,2.0,1.0,32.75,0.0,0.0,0.0,1.0
80.0,230.0,2,1043.0,2.0,1.0,39.5,0.0,0.0,0.0,1.0
80.0,667.0,2,1320.0,2.0,2.0,110.0,0.0,0.0,1.0,0.0
49.0,1248.0,3,1900.0,3.0,2.0,205.0,0.0,0.0,0.0,1.0
80.0,520.0,2,1140.0,2.0,2.0,39.9,0.0,0.0,0.0,1.0
80.0,1035.0,2,1100.0,2.0,1.0,45.0,1.0,0.0,0.0,0.0
80.0,719.0,3,1586.0,3.0,2.0,90.0,0.0,0.0,0.0,1.0
80.0,520.0,2,975.0,2.0,1.0,24.86,0.0,0.0,0.0,1.0
80.0,415.0,2,1365.0,3.0,2.0,60.0,0.0,0.0,0.0,1.0
80.0,302.0,2,1263.0,2.0,0.0,107.0,0.0,0.0,0.0,1.0
80.0,323.0,3,1565.0,2.0,2.0,59.76,0.0,0.0,0.0,1.0
80.0,511.0,3,1163.0,3.0,2.0,180.0,1.0,0.0,0.0,0.0
80.0,415.0,4,2882.0,5.0,1.0,204.0,0.0,0.0,0.0,1.0
80.0,464.0,3,2320.0,3.0,2.0,170.0,0.0,0.0,0.0,1.0
52.0,688.0,3,1750.0,3.0,3.0,99.0,0.0,0.0,0.0,1.0
80.0,270.0,2,1143.0,2.0,1.0,55.0,1.0,0.0,0.0,0.0
80.0,644.0,3,1936.0,3.0,1.0,118.0,0.0,0.0,0.0,1.0
80.0,561.0,2,660.0,1.0,1.0,15.0,0.0,0.0,0.0,1.0
27.0,302.0,2,700.0,1.0,1.0,19.0,0.0,0.0,0.0,1.0
51.0,1035.0,3,1402.0,2.0,2.0,85.0,0.0,0.0,0.0,1.0
80.0,1085.0,4,4640.0,4.0,2.0,600.0,0.0,0.0,0.0,1.0
80.0,214.0,2,1000.0,2.0,2.0,41.0,0.0,0.0,1.0,0.0
80.0,1144.0,2,1000.0,2.0,1.0,35.0,0.0,0.0,0.0,1.0
80.0,1257.0,2,818.0,2.0,1.0,26.0,0.0,0.0,0.0,1.0
80.0,986.0,4,1680.0,3.0,0.0,135.0,1.0,0.0,0.0,0.0
80.0,714.0,4,2422.0,3.0,2.0,150.0,0.0,0.0,0.0,1.0
63.0,662.0,2,1145.0,2.0,2.0,100.0,0.0,0.0,0.0,1.0
80.0,214.0,3,1190.0,2.0,2.0,30.35,1.0,0.0,0.0,0.0
80.0,192.0,2,1145.0,2.0,1.0,62.0,0.0,0.0,0.0,1.0
80.0,1155.0,3,1575.0,3.0,3.0,68.0,0.0,0.0,0.0,1.0
27.0,127.0,3,9000.0,4.0,1.0,390.0,0.0,0.0,0.0,1.0
80.0,968.0,2,1200.0,2.0,2.0,46.0,0.0,0.0,0.0,1.0
80.0,268.0,3,1500.0,2.0,2.0,63.0,1.0,0.0,0.0,0.0
40.0,531.0,4,2560.0,4.0,2.0,75.0,0.0,0.0,0.0,1.0
80.0,76.0,3,1583.0,3.0,3.0,76.1,1.0,0.0,0.0,0.0
80.0,1248.0,2,700.0,2.0,1.0,34.98,0.0,0.0,0.0,1.0
80.0,253.0,2,950.0,2.0,0.0,38.0,1.0,0.0,0.0,0.0
80.0,676.0,2,1041.0,2.0,1.0,36.44,0.0,0.0,0.0,1.0
33.0,482.0,2,1085.0,2.0,1.0,70.0,1.0,0.0,0.0,0.0
80.0,552.0,2,1070.0,2.0,2.0,37.0,0.0,0.0,0.0,1.0
80.0,624.0,2,1165.0,2.0,1.0,45.0,0.0,0.0,1.0,0.0
80.0,1035.0,2,1000.0,2.0,1.0,35.0,0.0,0.0,1.0,0.0
80.0,345.0,2,1169.0,2.0,1.0,64.0,0.0,0.0,1.0,0.0
80.0,743.0,4,1150.0,4.0,1.0,110.0,1.0,0.0,0.0,0.0
80.0,1174.0,3,1840.0,3.0,2.0,140.0,0.0,0.0,1.0,0.0
42.0,668.0,3,1550.0,3.0,1.0,75.0,0.0,0.0,0.0,1.0
80.0,968.0,2,997.0,2.0,3.0,53.0,0.0,0.0,0.0,1.0
80.0,1144.0,2,1457.0,2.0,3.0,60.0,0.0,0.0,0.0,1.0
33.0,547.0,2,1000.0,2.0,1.0,60.0,0.0,0.0,0.0,1.0
80.0,394.0,2,1000.0,2.0,0.0,60.0,0.0,0.0,0.0,1.0
80.0,1256.0,3,1500.0,3.0,2.0,88.0,0.0,0.0,1.0,0.0
32.0,304.0,5,958.0,3.0,1.0,210.0,0.0,0.0,1.0,0.0
80.0,415.0,2,1165.0,2.0,2.0,75.0,0.0,0.0,0.0,1.0
80.0,106.0,7,1200.0,7.0,3.0,169.0,0.0,0.0,0.0,1.0
80.0,797.0,3,1787.0,3.0,2.0,123.0,0.0,0.0,0.0,1.0
80.0,214.0,3,1288.0,2.0,1.0,70.0,1.0,0.0,0.0,0.0
80.0,662.0,3,1430.0,2.0,2.0,54.11,0.0,0.0,0.0,1.0
80.0,1264.0,3,3035.0,5.0,1.0,271.0,0.0,0.0,0.0,1.0
80.0,537.0,1,750.0,1.0,1.0,25.5,0.0,0.0,1.0,0.0
80.0,96.0,4,900.0,2.0,1.0,115.0,0.0,0.0,0.0,1.0
80.0,214.0,3,1200.0,3.0,1.0,67.77,0.0,0.0,0.0,1.0
52.0,415.0,3,1500.0,2.0,1.0,78.0,0.0,0.0,0.0,1.0
80.0,686.0,2,1230.0,2.0,2.0,66.25,0.0,0.0,0.0,1.0
80.0,910.0,1,780.0,1.0,1.0,55.0,0.0,0.0,0.0,1.0
80.0,857.0,2,1220.0,2.0,1.0,80.0,0.0,0.0,1.0,0.0
33.0,250.0,2,1110.0,2.0,2.0,43.0,0.0,0.0,0.0,1.0
80.0,234.0,3,2100.0,3.0,2.0,240.0,0.0,0.0,1.0,0.0
52.0,1175.0,9,1380.0,9.0,0.0,150.0,0.0,0.0,0.0,1.0
40.0,1146.0,3,1690.0,3.0,2.0,85.0,0.0,0.0,0.0,1.0
80.0,797.0,2,1130.0,2.0,2.0,78.0,0.0,0.0,0.0,1.0
80.0,688.0,2,1213.0,2.0,1.0,59.32,1.0,0.0,0.0,0.0
80.0,334.0,2,900.0,2.0,2.0,45.0,0.0,0.0,0.0,1.0
80.0,797.0,2,1199.0,2.0,1.0,85.0,0.0,0.0,0.0,1.0
26.0,986.0,4,5000.0,4.0,2.0,290.0,0.0,0.0,1.0,0.0
80.0,978.0,4,2072.5,2.0,1.0,111.0,0.0,0.0,0.0,1.0
80.0,845.0,7,700.0,8.0,0.0,100.0,0.0,1.0,0.0,0.0
80.0,472.0,1,661.0,1.0,1.0,36.0,0.0,0.0,0.0,1.0
80.0,944.0,2,1804.0,2.0,1.0,285.0,1.0,0.0,0.0,0.0
80.0,910.0,3,1710.0,3.0,2.0,100.0,0.0,0.0,0.0,1.0
59.0,1248.0,2,1030.0,2.0,2.0,50.0,0.0,0.0,0.0,1.0
80.0,142.0,3,1220.0,3.0,2.0,56.0,0.0,0.0,0.0,1.0
80.0,520.0,3,1530.0,3.0,2.0,73.5,0.0,0.0,0.0,1.0
19.0,797.0,2,1200.0,2.0,1.0,78.0,0.0,0.0,0.0,1.0
80.0,420.0,3,2000.0,3.0,2.0,85.0,1.0,0.0,0.0,0.0
34.0,334.0,1,300.0,1.0,1.0,20.0,0.0,0.0,0.0,1.0
80.0,491.0,3,1751.0,2.0,1.0,115.0,0.0,0.0,1.0,0.0
80.0,755.0,2,800.0,1.0,0.0,170.0,0.0,0.0,0.0,1.0
27.0,417.0,2,1255.0,2.0,2.0,79.0,1.0,0.0,0.0,0.0
66.0,528.0,3,1778.0,3.0,2.0,122.0,0.0,0.0,0.0,1.0
80.0,1012.0,2,1100.0,2.0,1.0,45.0,0.0,0.0,1.0,0.0
80.0,920.0,2,1480.0,2.0,2.0,65.0,1.0,0.0,0.0,0.0
80.0,415.0,2,1358.0,2.0,1.0,81.0,0.0,0.0,0.0,1.0
80.0,918.0,1,580.0,1.0,1.0,27.0,0.0,0.0,0.0,1.0
80.0,1114.0,2,1197.0,2.0,1.0,63.0,0.0,0.0,1.0,0.0
30.0,513.0,4,1200.0,2.0,1.0,170.0,0.0,0.0,0.0,1.0
80.0,1032.0,3,1705.0,3.0,1.0,110.0,1.0,0.0,0.0,0.0
80.0,1216.0,3,1310.0,2.0,1.0,37.83,0.0,0.0,1.0,0.0
80.0,383.0,2,1132.0,2.0,0.0,67.9,0.0,0.0,0.0,1.0
80.0,6.0,3,1200.0,3.0,0.0,140.0,1.0,0.0,0.0,0.0
80.0,810.0,2,814.0,2.0,1.0,55.0,0.0,0.0,0.0,1.0
27.0,417.0,3,1575.0,3.0,2.0,90.0,1.0,0.0,0.0,0.0
80.0,668.0,2,1302.0,2.0,1.0,66.0,0.0,0.0,0.0,1.0
80.0,1144.0,6,1800.0,8.0,1.0,175.0,0.0,0.0,0.0,1.0
80.0,1144.0,3,2006.8,4.0,2.0,196.0,0.0,0.0,0.0,1.0
80.0,834.0,2,1100.0,2.0,2.0,44.0,0.0,0.0,0.0,1.0
80.0,72.0,5,2400.0,5.0,2.0,400.0,0.0,0.0,0.0,1.0
36.0,417.0,2,830.0,2.0,2.0,37.0,0.0,0.0,0.0,1.0
80.0,179.0,1,435.0,1.0,1.0,19.5,0.0,0.0,0.0,1.0
75.0,528.0,3,1590.0,3.0,0.0,120.0,0.0,0.0,0.0,1.0
20.0,507.0,2,1140.0,2.0,1.0,33.06,0.0,0.0,0.0,1.0
43.0,1035.0,2,1090.0,2.0,2.0,59.8,0.0,0.0,0.0,1.0
80.0,355.0,3,1922.0,3.0,3.0,106.0,0.0,0.0,0.0,1.0
67.0,1218.0,2,965.0,2.0,1.0,67.0,0.0,0.0,0.0,1.0
80.0,1035.0,2,883.0,2.0,1.0,40.95,0.0,0.0,1.0,0.0
27.0,668.0,2,1062.0,2.0,1.0,42.47,0.0,0.0,0.0,1.0
80.0,415.0,2,1089.0,2.0,0.0,32.67,1.0,0.0,0.0,0.0
80.0,267.0,3,1358.0,2.0,1.0,43.1,0.0,0.0,0.0,1.0
80.0,1248.0,2,1108.0,2.0,1.0,87.0,1.0,0.0,0.0,0.0
28.0,415.0,2,1197.0,2.0,1.0,79.0,0.0,0.0,0.0,1.0
34.0,1217.0,2,1190.0,2.0,1.0,50.0,1.0,0.0,0.0,0.0
80.0,990.0,4,3754.0,6.0,2.0,430.0,0.0,0.0,0.0,1.0
80.0,472.0,3,1749.0,3.0,1.0,117.0,0.0,0.0,0.0,1.0
80.0,70.0,4,1750.0,3.0,2.0,215.0,0.0,0.0,0.0,1.0
80.0,504.0,3,1691.0,3.0,2.0,104.0,0.0,0.0,0.0,1.0
80.0,1238.0,3,1449.0,3.0,2.0,100.0,0.0,0.0,0.0,1.0
80.0,275.0,3,1625.0,2.0,1.0,87.72,0.0,0.0,0.0,1.0
63.0,891.0,2,1400.0,2.0,1.0,80.0,0.0,0.0,0.0,1.0
36.0,66.0,3,1310.0,2.0,1.0,37.83,0.0,0.0,0.0,1.0
80.0,351.0,2,1100.0,2.0,1.0,48.0,0.0,0.0,0.0,1.0
80.0,897.0,3,1230.0,2.0,2.0,53.51,1.0,0.0,0.0,0.0
27.0,1137.0,3,1750.0,3.0,2.0,130.0,1.0,0.0,0.0,0.0
80.0,230.0,3,1450.0,3.0,2.0,100.0,0.0,0.0,0.0,1.0
80.0,1029.0,3,1810.0,3.0,2.0,126.0,0.0,0.0,1.0,0.0
80.0,633.0,2,1246.0,2.0,1.0,62.3,0.0,0.0,0.0,1.0
80.0,536.0,3,1420.0,3.0,2.0,85.0,0.0,0.0,1.0,0.0
80.0,968.0,4,2658.0,5.0,3.0,187.0,0.0,0.0,0.0,1.0
80.0,636.0,3,1450.0,2.0,3.0,89.6,0.0,0.0,0.0,1.0
80.0,221.0,4,1200.0,4.0,1.0,230.0,1.0,0.0,0.0,0.0
80.0,20.0,2,1367.0,2.0,2.0,62.0,0.0,0.0,0.0,1.0
27.0,662.0,3,2254.0,3.0,2.0,170.0,0.0,0.0,0.0,1.0
80.0,1134.0,2,1160.0,2.0,2.0,42.0,0.0,0.0,1.0,0.0
80.0,1136.0,5,1200.0,4.0,0.0,185.0,1.0,0.0,0.0,0.0
80.0,1035.0,3,1711.0,3.0,3.0,75.0,0.0,0.0,0.0,1.0
80.0,380.0,9,750.0,6.0,3.0,112.0,0.0,0.0,0.0,1.0
20.0,186.0,2,1120.0,2.0,2.0,37.97,0.0,0.0,0.0,1.0
80.0,1144.0,2,950.0,2.0,1.0,47.0,0.0,0.0,0.0,1.0
80.0,968.0,2,1560.0,2.0,2.0,145.0,0.0,0.0,0.0,1.0
80.0,588.0,14,1250.0,15.0,0.0,125.0,0.0,0.0,0.0,1.0
80.0,234.0,2,1225.0,2.0,2.0,60.0,0.0,0.0,0.0,1.0
80.0,1175.0,3,1200.0,2.0,0.0,66.0,0.0,0.0,0.0,1.0
80.0,703.0,2,1340.0,2.0,3.0,77.0,0.0,0.0,0.0,1.0
34.0,1261.0,3,1846.0,3.0,3.0,145.0,0.0,0.0,1.0,0.0
80.0,220.0,2,1155.0,2.0,1.0,46.0,1.0,0.0,0.0,0.0
80.0,1250.0,2,1205.0,2.0,1.0,70.0,1.0,0.0,0.0,0.0
80.0,192.0,2,1140.0,2.0,1.0,36.0,0.0,0.0,1.0,0.0
80.0,682.0,2,1140.0,2.0,2.0,38.65,0.0,0.0,0.0,1.0
16.0,236.0,3,1300.0,2.0,1.0,63.0,0.0,0.0,0.0,1.0
64.0,662.0,2,1051.0,2.0,2.0,60.0,0.0,0.0,0.0,1.0
80.0,116.0,2,1134.0,2.0,1.0,45.36,1.0,0.0,0.0,0.0
80.0,1181.0,3,2500.0,4.0,1.0,260.0,0.0,0.0,1.0,0.0
52.0,98.0,8,12000.0,9.0,1.0,1900.0,0.0,0.0,0.0,1.0
80.0,106.0,2,1135.0,2.0,2.0,32.91,0.0,0.0,0.0,1.0
63.0,511.0,3,1745.0,3.0,2.0,77.0,0.0,0.0,0.0,1.0
80.0,944.0,5,500.0,5.0,2.0,92.0,0.0,0.0,1.0,0.0
80.0,504.0,3,1665.0,3.0,2.0,105.0,0.0,0.0,0.0,1.0
80.0,150.0,2,1220.0,2.0,2.0,48.79,1.0,0.0,0.0,0.0
80.0,662.0,3,1868.0,3.0,2.0,113.0,1.0,0.0,0.0,0.0
31.0,213.0,3,640.0,3.0,0.0,45.0,0.0,0.0,0.0,1.0
80.0,960.0,4,2300.0,4.0,1.0,200.0,0.0,0.0,0.0,1.0
80.0,782.0,2,1210.0,2.0,1.0,76.0,0.0,0.0,0.0,1.0
80.0,70.0,2,1351.0,2.0,1.0,77.0,0.0,0.0,0.0,1.0
80.0,797.0,3,1636.0,3.0,1.0,119.0,0.0,0.0,0.0,1.0
28.0,269.0,5,2400.0,6.0,1.0,450.0,1.0,0.0,0.0,0.0
80.0,1035.0,2,1464.0,2.0,2.0,56.0,0.0,0.0,0.0,1.0
80.0,513.0,1,418.0,1.0,1.0,12.0,0.0,0.0,0.0,1.0
80.0,1248.0,2,1339.0,2.0,2.0,62.0,0.0,0.0,1.0,0.0
75.0,528.0,3,2370.0,4.0,2.0,195.0,0.0,0.0,0.0,1.0
40.0,892.0,3,1530.0,2.0,2.0,74.5,0.0,0.0,0.0,1.0
80.0,150.0,2,1100.0,2.0,1.0,46.0,0.0,0.0,1.0,0.0
80.0,651.0,3,1350.0,3.0,2.0,58.0,1.0,0.0,0.0,0.0
37.0,520.0,2,1290.0,2.0,2.0,52.0,0.0,0.0,0.0,1.0
26.0,920.0,3,1220.0,2.0,1.0,35.23,1.0,0.0,0.0,0.0
80.0,1024.0,3,1846.0,3.0,2.0,155.0,1.0,0.0,0.0,0.0
80.0,1070.0,3,1847.0,3.0,2.0,135.0,0.0,0.0,0.0,1.0
80.0,511.0,4,3100.0,4.0,2.0,350.0,1.0,0.0,0.0,0.0
42.0,784.0,2,1430.0,2.0,2.0,110.0,0.0,0.0,0.0,1.0
80.0,507.0,2,935.0,2.0,1.0,45.0,0.0,0.0,0.0,1.0
80.0,55.0,3,1350.0,3.0,1.0,85.0,0.0,0.0,1.0,0.0
80.0,616.0,3,540.0,3.0,1.0,60.0,0.0,1.0,0.0,0.0
80.0,270.0,3,1590.0,3.0,2.0,96.5,0.0,0.0,1.0,0.0
80.0,986.0,3,1286.0,3.0,1.0,67.0,0.0,0.0,0.0,1.0
80.0,883.0,2,1141.0,2.0,2.0,40.0,0.0,0.0,0.0,1.0
33.0,504.0,2,1554.0,3.0,3.0,130.0,0.0,0.0,0.0,1.0
80.0,266.0,3,3520.0,3.0,3.0,430.0,0.0,0.0,0.0,1.0
80.0,1102.0,5,7500.0,7.0,3.0,1700.0,1.0,0.0,0.0,0.0
80.0,476.0,3,1749.0,3.0,2.0,112.0,1.0,0.0,0.0,0.0
80.0,1049.0,5,2250.0,5.0,1.0,360.0,0.0,0.0,0.0,1.0
80.0,487.0,2,1140.0,2.0,3.0,45.0,0.0,0.0,0.0,1.0
80.0,983.0,4,1632.0,3.0,1.0,128.0,0.0,0.0,0.0,1.0
24.0,1144.0,3,1000.0,2.0,1.0,41.0,0.0,0.0,0.0,1.0
80.0,714.0,2,1065.0,2.0,1.0,58.0,0.0,0.0,0.0,1.0
80.0,534.0,3,1520.0,2.0,2.0,96.0,0.0,0.0,0.0,1.0
80.0,234.0,3,1075.0,2.0,1.0,43.0,1.0,0.0,0.0,0.0
26.0,1257.0,7,5.0,7.0,3.0,115.0,0.0,0.0,0.0,1.0
80.0,711.0,3,1539.0,2.0,2.0,52.36,0.0,0.0,0.0,1.0
27.0,1256.0,2,1342.0,2.0,2.0,115.0,0.0,0.0,0.0,1.0
67.0,1218.0,2,1004.0,2.0,1.0,49.0,0.0,0.0,0.0,1.0
80.0,400.0,2,1295.0,2.0,2.0,95.0,0.0,0.0,0.0,1.0
31.0,250.0,2,1098.0,2.0,1.0,74.0,0.0,0.0,0.0,1.0
80.0,388.0,2,1070.0,2.0,1.0,45.5,0.0,0.0,0.0,1.0
34.0,983.0,2,1016.0,2.0,2.0,40.0,0.0,0.0,0.0,1.0
80.0,415.0,3,1450.0,3.0,1.0,68.0,0.0,0.0,0.0,1.0
33.0,652.0,1,654.0,1.0,1.0,37.0,0.0,0.0,0.0,1.0
80.0,27.0,4,5985.0,4.0,1.0,775.0,0.0,0.0,0.0,1.0
80.0,200.0,2,1080.0,2.0,2.0,38.0,0.0,0.0,1.0,0.0
80.0,267.0,2,1046.0,2.0,1.0,75.0,0.0,0.0,0.0,1.0
80.0,507.0,3,1950.0,3.0,3.0,165.0,0.0,0.0,0.0,1.0
33.0,511.0,3,1610.0,3.0,1.0,84.53,0.0,0.0,0.0,1.0
80.0,1114.0,3,2493.0,3.0,1.0,115.0,0.0,0.0,0.0,1.0
80.0,968.0,2,1151.0,2.0,2.0,50.5,0.0,0.0,0.0,1.0
52.0,192.0,2,1125.0,2.0,1.0,58.0,0.0,0.0,0.0,1.0
33.0,334.0,2,992.0,2.0,2.0,25.79,0.0,0.0,1.0,0.0
80.0,687.0,2,1000.0,3.0,2.0,60.0,0.0,0.0,0.0,1.0
80.0,1175.0,5,2400.0,3.0,2.0,510.0,0.0,0.0,0.0,1.0
16.0,633.0,3,1850.0,3.0,2.0,90.0,0.0,0.0,0.0,1.0
34.0,777.0,2,1174.0,2.0,1.0,75.0,0.0,0.0,0.0,1.0
80.0,635.0,3,2661.0,2.0,1.0,226.5,0.0,0.0,0.0,1.0
80.0,1070.0,2,1100.0,2.0,1.0,45.0,1.0,0.0,0.0,0.0
80.0,1036.0,2,1095.0,2.0,1.0,38.33,1.0,0.0,0.0,0.0
31.0,75.0,3,3580.0,3.0,1.0,411.0,0.0,0.0,0.0,1.0
80.0,70.0,3,900.0,4.0,3.0,155.0,0.0,0.0,1.0,0.0
27.0,504.0,3,1082.0,2.0,0.0,42.0,0.0,0.0,0.0,1.0
80.0,60.0,3,1350.0,2.0,3.0,47.24,0.0,0.0,0.0,1.0
51.0,1035.0,2,1314.0,2.0,2.0,78.0,0.0,0.0,0.0,1.0
80.0,838.0,2,1290.0,2.0,3.0,40.63,1.0,0.0,0.0,0.0
33.0,268.0,2,1010.0,2.0,2.0,55.0,0.0,0.0,0.0,1.0
80.0,1149.0,2,2200.0,2.0,0.0,110.0,0.0,0.0,0.0,1.0
80.0,72.0,3,1636.0,3.0,2.0,97.0,0.0,0.0,1.0,0.0
80.0,124.0,2,1050.0,2.0,2.0,39.0,1.0,0.0,0.0,0.0
28.0,662.0,2,1200.0,2.0,2.0,200.0,0.0,0.0,0.0,1.0
80.0,415.0,3,1520.0,2.0,2.0,125.0,1.0,0.0,0.0,0.0
80.0,604.0,5,2500.0,5.0,1.0,110.0,1.0,0.0,0.0,0.0
80.0,1000.0,2,1067.0,2.0,1.0,60.0,0.0,0.0,0.0,1.0
62.0,420.0,2,1060.0,2.0,2.0,35.0,0.0,0.0,0.0,1.0
80.0,561.0,2,955.0,2.0,1.0,35.28,0.0,0.0,0.0,1.0
80.0,1257.0,2,1418.0,2.0,2.0,104.0,0.0,0.0,0.0,1.0
80.0,487.0,9,1200.0,8.0,1.0,225.0,0.0,0.0,1.0,0.0
80.0,180.0,2,700.0,1.0,0.0,19.4,0.0,0.0,0.0,1.0
34.0,520.0,2,1366.0,2.0,1.0,83.0,1.0,0.0,0.0,0.0
80.0,729.0,2,1090.0,2.0,2.0,35.03,0.0,0.0,0.0,1.0
40.0,1218.0,3,1250.0,3.0,2.0,58.0,0.0,0.0,0.0,1.0
80.0,459.0,4,3600.0,4.0,3.0,450.0,1.0,0.0,0.0,0.0
80.0,5.0,2,950.0,2.0,1.0,33.0,0.0,0.0,0.0,1.0
28.0,711.0,2,1470.0,2.0,2.0,170.0,0.0,0.0,0.0,1.0
80.0,797.0,2,1250.0,2.0,2.0,40.0,0.0,0.0,0.0,1.0
80.0,345.0,4,800.0,4.0,1.0,180.0,0.0,0.0,1.0,0.0
80.0,972.0,3,1494.0,2.0,2.0,94.55,1.0,0.0,0.0,0.0
80.0,402.0,3,1445.0,2.0,1.0,105.0,0.0,0.0,0.0,1.0
80.0,885.0,3,1397.0,3.0,3.0,105.0,0.0,0.0,1.0,0.0
34.0,892.0,1,606.0,1.0,1.0,40.0,0.0,0.0,0.0,1.0
80.0,1218.0,2,861.0,2.0,1.0,34.5,0.0,0.0,0.0,1.0
80.0,1213.0,2,1170.0,2.0,2.0,40.0,1.0,0.0,0.0,0.0
80.0,276.0,4,2461.0,6.0,2.0,353.0,0.0,0.0,0.0,1.0
80.0,472.0,2,1205.0,2.0,1.0,75.0,0.0,0.0,0.0,1.0
29.0,36.0,8,1224.0,4.0,0.0,200.0,0.0,0.0,1.0,0.0
80.0,415.0,1,660.0,1.0,0.0,75.0,0.0,0.0,0.0,1.0
80.0,1248.0,2,1153.0,2.0,2.0,43.5,0.0,0.0,0.0,1.0
26.0,1023.0,5,2400.0,5.0,3.0,275.0,0.0,0.0,0.0,1.0
80.0,96.0,5,4500.0,7.0,3.0,294.0,0.0,0.0,0.0,1.0
80.0,1186.0,2,1200.0,2.0,2.0,62.0,0.0,0.0,0.0,1.0
80.0,96.0,3,1450.0,3.0,3.0,42.0,0.0,0.0,0.0,1.0
29.0,876.0,2,1139.0,2.0,2.0,60.0,0.0,0.0,1.0,0.0
63.0,662.0,3,1530.0,3.0,2.0,105.0,0.0,0.0,0.0,1.0
63.0,1144.0,6,825.0,6.0,1.0,400.0,0.0,0.0,0.0,1.0
80.0,108.0,3,1575.0,3.0,3.0,101.0,0.0,0.0,0.0,1.0
80.0,1078.0,1,650.0,1.0,1.0,25.0,0.0,0.0,1.0,0.0
28.0,520.0,2,1120.0,2.0,2.0,40.0,0.0,0.0,0.0,1.0
80.0,152.0,3,1700.0,3.0,1.0,80.0,0.0,0.0,0.0,1.0
80.0,819.0,2,1090.0,2.0,2.0,48.0,0.0,0.0,0.0,1.0
36.0,1175.0,3,1897.0,4.0,2.0,93.0,0.0,0.0,0.0,1.0
80.0,784.0,3,1200.0,3.0,2.0,72.0,0.0,0.0,0.0,1.0
80.0,415.0,2,700.0,2.0,1.0,40.0,0.0,0.0,0.0,1.0
80.0,797.0,2,1437.0,2.0,1.0,71.13,0.0,0.0,0.0,1.0
80.0,774.0,3,1856.0,3.0,1.0,120.0,0.0,0.0,1.0,0.0
63.0,1137.0,3,1500.0,2.0,0.0,65.0,0.0,0.0,0.0,1.0
46.0,1144.0,2,1036.0,2.0,1.0,59.45,0.0,0.0,0.0,1.0
80.0,70.0,6,3000.0,8.0,1.0,90.0,0.0,0.0,0.0,1.0
80.0,358.0,2,1125.0,2.0,2.0,40.0,0.0,0.0,0.0,1.0
80.0,995.0,3,1320.0,2.0,3.0,55.44,1.0,0.0,0.0,0.0
80.0,1009.0,3,2215.0,4.0,1.0,310.0,0.0,0.0,1.0,0.0
80.0,1213.0,2,660.0,1.0,1.0,16.0,0.0,0.0,0.0,1.0
80.0,1167.0,3,1730.0,3.0,3.0,110.0,0.0,0.0,1.0,0.0
76.0,656.0,4,750.0,4.0,0.0,85.0,0.0,0.0,0.0,1.0
26.0,813.0,3,1804.0,3.0,1.0,115.0,0.0,0.0,1.0,0.0
80.0,420.0,3,1795.0,3.0,2.0,140.0,1.0,0.0,0.0,0.0
80.0,173.0,2,1050.0,2.0,1.0,50.0,1.0,0.0,0.0,0.0
80.0,1248.0,3,2100.0,3.0,3.0,120.0,0.0,0.0,0.0,1.0
80.0,1035.0,3,1199.0,2.0,1.0,48.5,1.0,0.0,0.0,0.0
36.0,668.0,3,1350.0,2.0,2.0,280.0,0.0,0.0,0.0,1.0
51.0,511.0,2,1100.0,2.0,2.0,47.0,0.0,0.0,0.0,1.0
80.0,1123.0,2,1000.0,1.0,1.0,75.0,0.0,0.0,0.0,1.0
20.0,11.0,3,1254.0,2.0,2.0,70.0,1.0,0.0,0.0,0.0
80.0,1178.0,8,600.0,8.0,1.0,70.0,0.0,0.0,0.0,1.0
80.0,1175.0,2,940.0,2.0,2.0,49.0,0.0,0.0,0.0,1.0
80.0,451.0,2,1280.0,2.0,2.0,80.0,0.0,0.0,1.0,0.0
80.0,1021.0,4,2155.0,3.0,3.0,125.0,0.0,0.0,0.0,1.0
80.0,1050.0,5,3200.0,5.0,3.0,140.0,0.0,0.0,0.0,1.0
80.0,58.0,4,4260.0,4.0,3.0,272.0,0.0,0.0,1.0,0.0
80.0,797.0,3,1255.0,2.0,1.0,95.0,0.0,0.0,0.0,1.0
80.0,604.0,3,1388.0,3.0,3.0,69.99,0.0,0.0,0.0,1.0
80.0,1006.0,1,905.0,1.0,1.0,52.0,1.0,0.0,0.0,0.0
80.0,214.0,2,1176.0,2.0,2.0,44.0,1.0,0.0,0.0,0.0
80.0,464.0,3,1390.0,2.0,2.0,61.16,0.0,0.0,0.0,1.0
80.0,534.0,4,2400.0,4.0,2.0,400.0,1.0,0.0,0.0,0.0
42.0,214.0,2,1160.0,2.0,1.0,55.0,0.0,0.0,0.0,1.0
80.0,800.0,4,2800.0,4.0,3.0,140.0,0.0,0.0,1.0,0.0
80.0,1182.0,4,1200.0,4.0,2.0,205.0,0.0,0.0,1.0,0.0
80.0,345.0,3,1583.0,3.0,3.0,115.0,1.0,0.0,0.0,0.0
52.0,265.0,3,1252.0,3.0,1.0,63.0,0.0,0.0,0.0,1.0
44.0,511.0,2,1170.0,2.0,2.0,86.0,0.0,0.0,0.0,1.0
80.0,1035.0,3,1350.0,2.0,1.0,51.0,0.0,0.0,0.0,1.0
80.0,842.0,2,1075.0,2.0,2.0,30.0,0.0,1.0,0.0,0.0
80.0,995.0,2,972.0,2.0,2.0,40.0,0.0,0.0,0.0,1.0
80.0,1257.0,3,1486.0,3.0,1.0,83.22,1.0,0.0,0.0,0.0
80.0,1222.0,2,555.0,1.0,0.0,37.0,1.0,0.0,0.0,0.0
80.0,1175.0,4,4830.0,5.0,1.0,390.0,1.0,0.0,0.0,0.0
40.0,1257.0,2,850.0,2.0,1.0,75.0,0.0,0.0,0.0,1.0
80.0,1052.0,3,1282.0,3.0,2.0,178.0,1.0,0.0,0.0,0.0
80.0,1186.0,4,2790.0,4.0,3.0,198.0,0.0,0.0,0.0,1.0
80.0,228.0,4,2383.0,5.0,1.0,215.0,0.0,0.0,0.0,1.0
80.0,892.0,2,1103.0,2.0,1.0,55.0,0.0,0.0,0.0,1.0
80.0,730.0,3,1577.0,3.0,2.0,67.0,0.0,0.0,0.0,1.0
80.0,662.0,3,1465.0,3.0,2.0,80.01,1.0,0.0,0.0,0.0
80.0,360.0,3,1600.0,3.0,1.0,64.0,1.0,0.0,0.0,0.0
80.0,543.0,2,1090.0,2.0,2.0,45.0,0.0,0.0,1.0,0.0
80.0,533.0,3,1721.0,3.0,3.0,80.86,0.0,0.0,0.0,1.0
80.0,96.0,2,1100.0,2.0,1.0,55.0,0.0,0.0,0.0,1.0
80.0,27.0,3,1450.0,3.0,2.0,71.0,0.0,0.0,1.0,0.0
80.0,743.0,2,1071.0,2.0,1.0,62.0,0.0,0.0,0.0,1.0
26.0,511.0,3,2266.0,3.0,2.0,169.0,0.0,0.0,0.0,1.0
80.0,1111.0,3,2065.0,3.0,2.0,130.0,0.0,0.0,0.0,1.0
80.0,1154.0,3,1800.0,3.0,2.0,90.0,0.0,0.0,0.0,1.0
80.0,928.0,2,1150.0,2.0,2.0,125.0,1.0,0.0,0.0,0.0
80.0,459.0,8,1200.0,8.0,2.0,220.0,0.0,0.0,0.0,1.0
80.0,573.0,2,1123.0,2.0,1.0,56.0,1.0,0.0,0.0,0.0
80.0,644.0,3,1884.0,3.0,3.0,98.0,0.0,0.0,0.0,1.0
80.0,1248.0,7,930.0,4.0,2.0,85.0,0.0,0.0,0.0,1.0
80.0,968.0,2,1145.0,2.0,1.0,75.0,0.0,0.0,0.0,1.0
80.0,668.0,3,1328.0,2.0,2.0,60.0,1.0,0.0,0.0,0.0
80.0,1212.0,2,950.0,2.0,1.0,55.0,0.0,0.0,0.0,1.0
80.0,507.0,2,1250.0,2.0,1.0,59.0,0.0,0.0,0.0,1.0
80.0,950.0,2,1115.0,2.0,0.0,46.0,1.0,0.0,0.0,0.0
80.0,1055.0,3,1318.0,3.0,1.0,54.0,0.0,0.0,0.0,1.0
80.0,1175.0,3,3300.0,4.0,3.0,160.0,0.0,0.0,0.0,1.0
80.0,1175.0,2,1280.0,2.0,1.0,48.0,0.0,0.0,0.0,1.0
80.0,1263.0,2,1230.0,2.0,2.0,59.0,0.0,0.0,1.0,0.0
80.0,686.0,3,1420.0,2.0,2.0,60.0,0.0,0.0,0.0,1.0
80.0,1144.0,3,2111.0,4.0,3.0,120.0,0.0,0.0,0.0,1.0
80.0,1263.0,2,1100.0,2.0,1.0,54.0,0.0,0.0,1.0,0.0
80.0,192.0,3,1750.0,3.0,2.0,136.0,0.0,0.0,0.0,1.0
80.0,797.0,3,2550.0,4.0,2.0,290.0,0.0,0.0,1.0,0.0
80.0,369.0,2,700.0,1.0,2.0,35.0,1.0,0.0,0.0,0.0
38.0,834.0,2,1050.0,2.0,1.0,42.0,0.0,0.0,0.0,1.0
80.0,972.0,2,1235.0,2.0,3.0,90.0,0.0,0.0,1.0,0.0
80.0,924.0,2,1200.0,2.0,0.0,63.0,0.0,0.0,0.0,1.0
80.0,1201.0,2,900.0,2.0,0.0,30.0,1.0,0.0,0.0,0.0
80.0,729.0,2,1146.0,2.0,1.0,38.0,0.0,0.0,0.0,1.0
80.0,230.0,4,1200.0,4.0,1.0,110.0,1.0,0.0,0.0,0.0
80.0,1175.0,1,2400.0,1.0,1.0,200.0,0.0,0.0,0.0,1.0
80.0,706.0,6,1200.0,5.0,2.0,108.0,0.0,0.0,1.0,0.0
80.0,686.0,1,615.0,1.0,1.0,24.0,1.0,0.0,0.0,0.0
80.0,648.0,2,1070.0,2.0,1.0,49.65,0.0,0.0,0.0,1.0
80.0,1050.0,5,1538.0,5.0,2.0,300.0,0.0,0.0,0.0,1.0
80.0,1212.0,3,1355.0,2.0,3.0,58.25,0.0,0.0,1.0,0.0
80.0,944.0,4,3080.0,2.0,1.0,285.0,0.0,0.0,1.0,0.0
80.0,1204.0,3,1800.0,3.0,3.0,80.0,0.0,1.0,0.0,0.0
80.0,415.0,3,1400.0,2.0,3.0,50.06,1.0,0.0,0.0,0.0
80.0,771.0,2,1123.0,2.0,1.0,48.0,0.0,0.0,0.0,1.0
80.0,511.0,4,1200.0,2.0,1.0,130.0,1.0,0.0,0.0,0.0
80.0,937.0,2,787.0,2.0,1.0,31.0,0.0,0.0,1.0,0.0
80.0,54.0,3,1082.0,2.0,1.0,45.0,0.0,0.0,0.0,1.0
42.0,662.0,2,1096.0,2.0,1.0,41.0,0.0,0.0,0.0,1.0
36.0,520.0,7,1200.0,7.0,2.0,140.0,0.0,0.0,0.0,1.0
80.0,714.0,3,1140.0,3.0,1.0,130.0,0.0,0.0,0.0,1.0
80.0,1175.0,2,1130.0,2.0,1.0,52.0,0.0,0.0,0.0,1.0
80.0,673.0,1,550.0,1.0,1.0,12.0,0.0,0.0,0.0,1.0
80.0,845.0,2,1058.0,2.0,2.0,85.0,0.0,0.0,1.0,0.0
80.0,1248.0,3,1269.0,2.0,1.0,73.0,0.0,0.0,0.0,1.0
80.0,788.0,3,946.0,3.0,1.0,140.0,0.0,0.0,1.0,0.0
80.0,662.0,4,3400.0,6.0,1.0,420.0,0.0,0.0,0.0,1.0
80.0,1175.0,4,2689.0,6.0,2.0,245.0,0.0,0.0,0.0,1.0
80.0,733.0,3,1976.0,3.0,3.0,65.21,0.0,0.0,0.0,1.0
80.0,173.0,3,1820.0,3.0,3.0,77.0,1.0,0.0,0.0,0.0
80.0,41.0,3,1329.0,2.0,1.0,56.0,1.0,0.0,0.0,0.0
80.0,1257.0,3,1350.0,2.0,1.0,80.99,0.0,0.0,0.0,1.0
80.0,1248.0,4,1250.0,3.0,0.0,175.0,0.0,0.0,0.0,1.0
80.0,1248.0,2,1205.0,2.0,1.0,40.0,1.0,0.0,0.0,0.0
80.0,234.0,6,800.0,6.0,2.0,98.0,0.0,0.0,0.0,1.0
80.0,116.0,2,1339.0,2.0,2.0,71.5,0.0,0.0,1.0,0.0
80.0,1021.0,2,938.0,2.0,0.0,35.0,0.0,0.0,0.0,1.0
80.0,340.0,1,450.0,1.0,1.0,25.0,0.0,0.0,0.0,1.0
34.0,960.0,2,1100.0,2.0,2.0,70.0,0.0,0.0,0.0,1.0
80.0,588.0,4,600.0,3.0,1.0,95.0,0.0,0.0,1.0,0.0
80.0,482.0,2,1060.0,2.0,1.0,40.0,0.0,0.0,1.0,0.0
80.0,528.0,2,1125.0,2.0,2.0,40.0,0.0,0.0,0.0,1.0
80.0,686.0,1,810.0,1.0,0.0,21.0,1.0,0.0,0.0,0.0
80.0,270.0,2,1060.0,2.0,1.0,65.0,1.0,0.0,0.0,0.0
80.0,229.0,4,1749.0,4.0,0.0,90.0,1.0,0.0,0.0,0.0
27.0,565.0,3,1200.0,2.0,2.0,75.0,0.0,0.0,0.0,1.0
26.0,920.0,2,1100.0,2.0,1.0,85.0,0.0,0.0,0.0,1.0
80.0,1295.0,1,680.0,1.0,0.0,32.64,0.0,0.0,1.0,0.0
80.0,504.0,4,720.0,4.0,2.0,48.0,0.0,0.0,0.0,1.0
80.0,184.0,5,6613.0,7.0,1.0,950.0,0.0,0.0,1.0,0.0
69.0,705.0,3,1925.0,3.0,3.0,110.0,0.0,0.0,0.0,1.0
80.0,1238.0,1,502.0,1.0,1.0,25.0,0.0,0.0,0.0,1.0
80.0,972.0,3,3339.0,3.0,0.0,250.0,0.0,0.0,1.0,0.0
80.0,230.0,3,1475.0,2.0,2.0,74.0,0.0,0.0,0.0,1.0
80.0,1187.0,3,1550.0,3.0,2.0,258.0,0.0,0.0,1.0,0.0
80.0,662.0,2,966.0,2.0,1.0,49.0,0.0,0.0,0.0,1.0
80.0,559.0,6,1350.0,6.0,3.0,160.0,0.0,0.0,1.0,0.0
80.0,304.0,2,1300.0,2.0,2.0,75.0,0.0,0.0,0.0,1.0
80.0,1114.0,5,4400.0,4.0,1.0,350.0,1.0,0.0,0.0,0.0
80.0,49.0,3,1559.0,3.0,2.0,120.0,1.0,0.0,0.0,0.0
52.0,662.0,2,1246.0,2.0,1.0,63.0,0.0,0.0,0.0,1.0
40.0,582.0,3,2790.0,3.0,0.0,950.0,0.0,0.0,0.0,1.0
80.0,217.0,3,1410.0,2.0,3.0,53.58,0.0,0.0,0.0,1.0
80.0,842.0,4,1300.0,3.0,0.0,75.0,0.0,0.0,1.0,0.0
80.0,516.0,2,1339.0,2.0,2.0,58.0,0.0,0.0,0.0,1.0
80.0,885.0,4,900.0,4.0,1.0,75.0,0.0,0.0,1.0,0.0
80.0,598.0,2,1104.0,2.0,1.0,35.5,0.0,0.0,0.0,1.0
80.0,214.0,2,900.0,2.0,2.0,45.0,0.0,0.0,0.0,1.0
80.0,369.0,3,1550.0,2.0,2.0,79.0,0.0,0.0,0.0,1.0
80.0,662.0,1,670.0,1.0,1.0,35.0,1.0,0.0,0.0,0.0
80.0,1260.0,2,1483.0,2.0,1.0,98.0,1.0,0.0,0.0,0.0
26.0,513.0,3,1540.0,2.0,2.0,70.0,1.0,0.0,0.0,0.0
80.0,415.0,8,1200.0,7.0,3.0,100.0,0.0,0.0,0.0,1.0
27.0,55.0,2,1255.0,2.0,1.0,54.5,0.0,0.0,0.0,1.0
80.0,542.0,3,600.0,3.0,2.0,100.0,0.0,0.0,0.0,1.0
80.0,604.0,2,1036.0,2.0,2.0,110.0,0.0,0.0,0.0,1.0
80.0,1279.0,3,1460.0,2.0,2.0,75.0,0.0,0.0,0.0,1.0
80.0,106.0,2,1230.0,2.0,1.0,58.0,1.0,0.0,0.0,0.0
80.0,1055.0,2,1340.0,2.0,2.0,60.0,1.0,0.0,0.0,0.0
80.0,127.0,3,1600.0,3.0,3.0,61.37,0.0,0.0,1.0,0.0
80.0,845.0,3,2162.0,3.0,1.0,200.0,1.0,0.0,0.0,0.0
26.0,415.0,2,919.0,2.0,2.0,40.0,0.0,0.0,0.0,1.0
80.0,1149.0,2,1070.0,2.0,2.0,38.9,0.0,0.0,0.0,1.0
80.0,96.0,3,1733.0,2.0,3.0,85.0,0.0,0.0,0.0,1.0
80.0,275.0,3,1221.0,3.0,3.0,72.0,0.0,0.0,1.0,0.0
40.0,511.0,2,1041.0,2.0,1.0,36.44,0.0,0.0,0.0,1.0
80.0,784.0,4,2550.0,4.0,2.0,149.0,0.0,0.0,0.0,1.0
80.0,417.0,3,1400.0,3.0,1.0,70.0,0.0,0.0,0.0,1.0
31.0,186.0,1,600.0,2.0,0.0,55.0,0.0,0.0,0.0,1.0
80.0,127.0,1,710.0,2.0,2.0,40.0,0.0,0.0,0.0,1.0
80.0,844.0,3,1500.0,2.0,1.0,78.25,0.0,0.0,1.0,0.0
28.0,534.0,4,3122.0,6.0,2.0,237.0,0.0,0.0,0.0,1.0
80.0,968.0,3,2061.0,3.0,3.0,175.0,0.0,0.0,0.0,1.0
80.0,1149.0,5,2400.0,5.0,2.0,325.0,0.0,0.0,0.0,1.0
80.0,688.0,3,1255.0,2.0,1.0,95.0,0.0,0.0,1.0,0.0
80.0,221.0,7,2425.0,7.0,3.0,140.0,0.0,0.0,0.0,1.0
80.0,214.0,2,1031.0,2.0,1.0,55.0,1.0,0.0,0.0,0.0
80.0,810.0,2,1210.0,2.0,1.0,74.0,0.0,1.0,0.0,0.0
80.0,1080.0,2,950.0,2.0,1.0,40.0,0.0,0.0,0.0,1.0
80.0,996.0,4,1376.0,4.0,1.0,156.0,0.0,0.0,0.0,1.0
80.0,70.0,2,1161.0,2.0,1.0,55.15,0.0,0.0,0.0,1.0
80.0,70.0,2,1303.0,2.0,2.0,44.17,1.0,0.0,0.0,0.0
80.0,891.0,2,1418.0,2.0,2.0,105.0,0.0,0.0,0.0,1.0
80.0,1213.0,2,1200.0,2.0,1.0,65.0,0.0,0.0,0.0,1.0
80.0,520.0,3,1825.0,3.0,1.0,175.0,0.0,0.0,0.0,1.0
26.0,511.0,2,1015.0,2.0,0.0,48.0,0.0,0.0,0.0,1.0
80.0,1144.0,3,1150.0,2.0,0.0,60.0,0.0,0.0,0.0,1.0
30.0,633.0,2,1010.0,2.0,1.0,40.0,0.0,0.0,0.0,1.0
80.0,75.0,3,1508.0,3.0,1.0,75.0,0.0,0.0,0.0,1.0
80.0,1035.0,2,1275.0,2.0,1.0,87.0,0.0,0.0,0.0,1.0
80.0,172.0,3,1460.0,3.0,1.0,70.0,0.0,0.0,1.0,0.0
29.0,910.0,2,946.0,2.0,2.0,58.0,0.0,0.0,0.0,1.0
80.0,757.0,2,1110.0,2.0,2.0,58.0,0.0,0.0,0.0,1.0
34.0,364.0,3,1832.0,3.0,1.0,125.0,0.0,0.0,0.0,1.0
80.0,137.0,2,1088.0,2.0,2.0,61.45,1.0,0.0,0.0,0.0
42.0,776.0,3,1564.0,3.0,1.0,104.0,0.0,0.0,0.0,1.0
80.0,227.0,2,1030.0,2.0,1.0,35.02,0.0,0.0,1.0,0.0
43.0,662.0,2,660.0,2.0,0.0,27.0,0.0,0.0,0.0,1.0
80.0,491.0,3,1700.0,3.0,1.0,95.0,0.0,0.0,0.0,1.0
80.0,150.0,4,1100.0,5.0,2.0,121.0,1.0,0.0,0.0,0.0
33.0,250.0,2,1205.0,2.0,2.0,62.9,0.0,0.0,0.0,1.0
80.0,306.0,3,1950.0,3.0,2.0,90.0,0.0,0.0,0.0,1.0
80.0,112.0,2,1080.0,2.0,1.0,62.0,0.0,0.0,0.0,1.0
80.0,700.0,4,2800.0,4.0,1.0,140.0,0.0,0.0,0.0,1.0
80.0,71.0,2,999.0,2.0,1.0,43.66,0.0,0.0,1.0,0.0
27.0,537.0,4,900.0,4.0,3.0,175.0,0.0,0.0,0.0,1.0
80.0,1218.0,2,1300.0,2.0,1.0,89.76,0.0,0.0,0.0,1.0
80.0,797.0,2,1265.0,2.0,1.0,78.0,0.0,0.0,0.0,1.0
80.0,149.0,2,1200.0,2.0,2.0,42.0,0.0,0.0,0.0,1.0
80.0,688.0,4,1974.0,4.0,0.0,106.0,0.0,0.0,0.0,1.0
80.0,845.0,2,1180.0,2.0,2.0,40.0,0.0,0.0,0.0,1.0
31.0,269.0,3,1350.0,2.0,3.0,63.0,1.0,0.0,0.0,0.0
80.0,403.0,3,1560.0,2.0,2.0,65.0,1.0,0.0,0.0,0.0
80.0,178.0,2,2800.0,2.0,0.0,650.0,0.0,0.0,1.0,0.0
80.0,1175.0,2,1085.0,2.0,1.0,41.23,0.0,0.0,0.0,1.0
47.0,637.0,3,1300.0,2.0,2.0,75.0,0.0,0.0,0.0,1.0
49.0,662.0,3,1600.0,3.0,2.0,56.0,0.0,0.0,0.0,1.0
40.0,1257.0,2,1127.0,2.0,2.0,55.0,0.0,0.0,0.0,1.0
80.0,841.0,2,795.0,2.0,2.0,32.0,0.0,0.0,0.0,1.0
80.0,662.0,3,1850.0,3.0,2.0,88.0,1.0,0.0,0.0,0.0
80.0,531.0,2,1020.0,2.0,1.0,29.45,0.0,0.0,0.0,1.0
23.0,84.0,3,1475.0,2.0,1.0,200.0,0.0,0.0,0.0,1.0
28.0,587.0,3,1200.0,3.0,3.0,96.25,0.0,0.0,0.0,1.0
80.0,512.0,3,1345.0,2.0,1.0,47.0,0.0,0.0,0.0,1.0
34.0,8.0,2,849.0,2.0,1.0,25.4,0.0,0.0,0.0,1.0
20.0,234.0,3,1706.0,3.0,2.0,135.0,0.0,0.0,0.0,1.0
49.0,720.0,4,2100.0,4.0,1.0,180.0,0.0,0.0,0.0,1.0
28.0,891.0,3,1250.0,2.0,2.0,65.0,0.0,0.0,0.0,1.0
80.0,1186.0,3,1260.0,3.0,3.0,63.58,1.0,0.0,0.0,0.0
80.0,705.0,3,1265.0,2.0,1.0,65.0,0.0,0.0,0.0,1.0
34.0,662.0,3,1260.0,2.0,1.0,45.0,0.0,0.0,0.0,1.0
75.0,528.0,2,1045.0,2.0,1.0,58.0,0.0,0.0,0.0,1.0
30.0,520.0,4,3895.0,4.0,2.0,495.0,0.0,0.0,0.0,1.0
80.0,281.0,1,412.5,1.0,0.0,19.8,0.0,0.0,0.0,1.0
80.0,714.0,2,1100.0,2.0,3.0,62.0,0.0,0.0,0.0,1.0
80.0,60.0,2,1113.0,2.0,1.0,50.0,1.0,0.0,0.0,0.0
80.0,737.0,4,2774.0,4.0,3.0,208.0,0.0,0.0,1.0,0.0
80.0,774.0,2,1210.0,2.0,1.0,60.0,1.0,0.0,0.0,0.0
80.0,492.0,1,700.0,1.0,1.0,30.84,0.0,0.0,0.0,1.0
80.0,221.0,2,1155.0,2.0,1.0,55.5,0.0,0.0,0.0,1.0
80.0,1257.0,2,1132.0,2.0,1.0,89.0,0.0,0.0,0.0,1.0
80.0,181.0,2,1359.0,2.0,2.0,104.0,0.0,0.0,0.0,1.0
80.0,415.0,4,2631.0,3.0,1.0,200.0,0.0,0.0,0.0,1.0
80.0,924.0,2,1145.0,2.0,2.0,56.0,1.0,0.0,0.0,0.0
28.0,269.0,1,600.0,1.0,1.0,30.0,1.0,0.0,0.0,0.0
80.0,492.0,1,1200.0,1.0,1.0,125.0,1.0,0.0,0.0,0.0
80.0,651.0,2,830.0,2.0,1.0,60.0,1.0,0.0,0.0,0.0
80.0,676.0,2,1009.0,2.0,2.0,56.0,0.0,0.0,0.0,1.0
80.0,797.0,3,1800.0,3.0,2.0,195.0,1.0,0.0,0.0,0.0
28.0,888.0,2,1226.0,2.0,2.0,52.71,1.0,0.0,0.0,0.0
80.0,843.0,2,1500.0,2.0,2.0,88.0,1.0,0.0,0.0,0.0
80.0,1029.0,2,1363.0,2.0,1.0,79.0,1.0,0.0,0.0,0.0
80.0,972.0,3,1400.0,2.0,1.0,240.0,1.0,0.0,0.0,0.0
28.0,668.0,2,1165.0,2.0,1.0,33.64,0.0,0.0,0.0,1.0
80.0,686.0,4,2792.0,4.0,1.0,220.0,1.0,0.0,0.0,0.0
80.0,344.0,1,700.0,1.0,0.0,59.0,0.0,0.0,0.0,1.0
80.0,175.0,2,1060.0,2.0,2.0,42.0,1.0,0.0,0.0,0.0
80.0,542.0,2,1200.0,2.0,1.0,67.0,0.0,0.0,0.0,1.0
80.0,70.0,3,1518.0,3.0,2.0,76.0,0.0,0.0,0.0,1.0
80.0,302.0,3,1495.0,2.0,2.0,75.0,0.0,0.0,0.0,1.0
30.0,747.0,2,1575.0,2.0,2.0,90.0,1.0,0.0,0.0,0.0
80.0,842.0,2,1440.0,2.0,2.0,170.0,0.0,0.0,0.0,1.0
80.0,511.0,3,1545.0,3.0,1.0,69.0,0.0,0.0,0.0,1.0
80.0,127.0,3,1470.0,3.0,3.0,50.0,1.0,0.0,0.0,0.0
80.0,784.0,3,1500.0,3.0,3.0,95.0,0.0,0.0,0.0,1.0
28.0,1248.0,3,1450.0,2.0,2.0,81.0,0.0,0.0,0.0,1.0
80.0,388.0,2,1179.0,2.0,1.0,49.0,0.0,0.0,0.0,1.0
80.0,784.0,3,1650.0,3.0,2.0,110.0,0.0,0.0,0.0,1.0
80.0,210.0,3,1095.0,2.0,2.0,32.0,0.0,0.0,1.0,0.0
80.0,415.0,2,856.0,2.0,1.0,48.0,0.0,0.0,0.0,1.0
80.0,1144.0,2,1143.0,2.0,1.0,62.0,0.0,0.0,0.0,1.0
80.0,1241.0,2,1349.0,2.0,1.0,97.8,0.0,0.0,0.0,1.0
79.0,363.0,3,1280.0,2.0,2.0,45.0,0.0,0.0,1.0,0.0
27.0,983.0,1,480.0,1.0,1.0,60.0,0.0,0.0,0.0,1.0
80.0,66.0,2,1216.0,2.0,1.0,69.06,1.0,0.0,0.0,0.0
80.0,729.0,3,2493.0,3.0,1.0,115.0,0.0,0.0,0.0,1.0
80.0,587.0,2,1290.0,2.0,1.0,120.0,0.0,0.0,1.0,0.0
80.0,1200.0,5,1200.0,5.0,2.0,96.0,0.0,0.0,0.0,1.0
80.0,624.0,2,1156.0,2.0,2.0,42.0,0.0,0.0,0.0,1.0
28.0,1248.0,2,1230.0,2.0,2.0,44.0,0.0,0.0,0.0,1.0
80.0,624.0,2,1070.0,2.0,2.0,33.15,1.0,0.0,0.0,0.0
80.0,1248.0,2,3752.5,2.0,1.0,177.115,0.0,0.0,0.0,1.0
80.0,488.0,2,1235.0,2.0,1.0,49.3,1.0,0.0,0.0,0.0
80.0,1035.0,2,1117.0,2.0,1.0,110.0,0.0,0.0,0.0,1.0
80.0,267.0,3,1724.0,3.0,2.0,124.0,0.0,0.0,0.0,1.0
80.0,1061.0,4,1200.0,4.0,0.0,90.0,1.0,0.0,0.0,0.0
80.0,234.0,1,600.0,1.0,1.0,43.0,0.0,0.0,0.0,1.0
80.0,1258.0,3,1930.0,2.0,2.0,57.9,0.0,0.0,1.0,0.0
55.0,662.0,2,1216.0,2.0,1.0,75.0,0.0,0.0,1.0,0.0
63.0,214.0,3,1452.0,3.0,3.0,60.0,0.0,0.0,0.0,1.0
80.0,1257.0,2,1355.0,2.0,3.0,78.0,0.0,0.0,0.0,1.0
80.0,178.0,4,7500.0,4.0,1.0,425.0,0.0,0.0,0.0,1.0
80.0,533.0,3,2145.0,3.0,3.0,190.0,0.0,0.0,0.0,1.0
80.0,534.0,2,957.0,2.0,1.0,53.0,0.0,0.0,0.0,1.0
40.0,420.0,2,925.0,2.0,2.0,48.0,0.0,0.0,0.0,1.0
80.0,267.0,2,1550.0,2.0,3.0,59.0,0.0,0.0,0.0,1.0
80.0,662.0,4,4000.0,2.0,1.0,899.0,0.0,0.0,0.0,1.0
45.0,520.0,3,2100.0,3.0,2.0,140.0,0.0,0.0,0.0,1.0
80.0,731.0,2,1115.0,2.0,1.0,61.0,0.0,0.0,1.0,0.0
80.0,1175.0,3,1692.0,3.0,2.0,83.0,0.0,0.0,0.0,1.0
80.0,484.0,2,1100.0,2.0,2.0,52.0,0.0,0.0,0.0,1.0
80.0,1263.0,3,1385.0,2.0,2.0,69.0,0.0,0.0,0.0,1.0
80.0,942.0,1,760.0,1.0,1.0,24.9,1.0,0.0,0.0,0.0
80.0,120.0,2,1335.0,2.0,2.0,67.0,1.0,0.0,0.0,0.0
80.0,200.0,2,910.0,2.0,1.0,45.0,1.0,0.0,0.0,0.0
80.0,906.0,3,1610.0,2.0,2.0,55.0,0.0,0.0,1.0,0.0
80.0,972.0,2,1341.0,2.0,1.0,75.76,0.0,0.0,0.0,1.0
80.0,234.0,3,1200.0,3.0,0.0,70.0,0.0,0.0,0.0,1.0
31.0,72.0,3,1285.0,2.0,2.0,44.98,0.0,0.0,0.0,1.0
80.0,879.0,3,2100.0,3.0,1.0,252.0,0.0,0.0,0.0,1.0
80.0,1248.0,3,1679.0,3.0,1.0,92.13,0.0,0.0,0.0,1.0
28.0,520.0,4,2675.0,4.0,2.0,290.0,0.0,0.0,0.0,1.0
80.0,675.0,2,1016.0,2.0,1.0,45.9,0.0,0.0,0.0,1.0
40.0,1187.0,4,1500.0,2.0,0.0,650.0,0.0,0.0,0.0,1.0
80.0,542.0,3,660.0,2.0,1.0,100.0,0.0,0.0,0.0,1.0
34.0,1248.0,3,2448.0,3.0,2.0,400.0,0.0,0.0,0.0,1.0
80.0,492.0,2,924.0,2.0,2.0,35.11,0.0,0.0,0.0,1.0
80.0,60.0,1,500.0,1.0,1.0,31.0,0.0,0.0,0.0,1.0
43.0,1257.0,3,1800.0,3.0,2.0,88.0,0.0,0.0,0.0,1.0
40.0,1257.0,2,1255.0,2.0,3.0,77.0,0.0,0.0,0.0,1.0
80.0,587.0,2,1040.0,2.0,2.0,50.0,0.0,0.0,0.0,1.0
40.0,1248.0,2,1062.0,2.0,2.0,47.0,0.0,0.0,0.0,1.0
36.0,1248.0,2,805.5,2.0,0.0,19.33,0.0,0.0,0.0,1.0
80.0,1263.0,2,950.0,2.0,1.0,60.0,0.0,0.0,0.0,1.0
31.0,250.0,2,1216.0,2.0,1.0,73.0,0.0,0.0,0.0,1.0
80.0,214.0,2,1300.0,2.0,2.0,98.0,0.0,0.0,0.0,1.0
80.0,390.0,2,1390.0,2.0,2.0,65.0,1.0,0.0,0.0,0.0
80.0,624.0,2,1033.0,2.0,1.0,52.58,0.0,0.0,0.0,1.0
40.0,1257.0,2,1390.0,2.0,2.0,65.31,0.0,0.0,0.0,1.0
80.0,441.0,2,1020.0,2.0,1.0,52.0,0.0,0.0,0.0,1.0
80.0,1034.0,1,709.0,1.0,0.0,34.735,0.0,0.0,0.0,1.0
80.0,278.0,2,1140.0,2.0,2.0,45.0,0.0,0.0,0.0,1.0
52.0,1186.0,1,670.0,1.0,1.0,36.85,0.0,0.0,0.0,1.0
80.0,417.0,4,2171.0,4.0,2.0,111.0,1.0,0.0,0.0,0.0
80.0,1248.0,2,1136.0,2.0,1.0,48.0,0.0,0.0,0.0,1.0
80.0,1248.0,3,1477.0,2.0,2.0,80.0,0.0,0.0,0.0,1.0
80.0,624.0,2,1001.0,2.0,2.0,30.0,1.0,0.0,0.0,0.0
80.0,711.0,2,1040.0,2.0,1.0,48.86,1.0,0.0,0.0,0.0
80.0,797.0,2,1060.0,2.0,1.0,48.5,1.0,0.0,0.0,0.0
80.0,1248.0,2,1240.0,2.0,1.0,44.3,0.0,0.0,0.0,1.0
80.0,960.0,4,3500.0,5.0,1.0,450.0,0.0,0.0,0.0,1.0
80.0,1144.0,2,1070.0,2.0,2.0,46.0,0.0,0.0,0.0,1.0
80.0,682.0,2,1253.0,2.0,1.0,65.8,0.0,0.0,0.0,1.0
80.0,1175.0,2,1190.0,2.0,2.0,60.0,0.0,0.0,0.0,1.0
80.0,1258.0,2,1312.0,2.0,2.0,55.0,0.0,0.0,0.0,1.0
80.0,230.0,2,750.0,2.0,0.0,40.0,0.0,0.0,0.0,1.0
80.0,504.0,3,1615.0,3.0,2.0,115.0,0.0,0.0,0.0,1.0
80.0,150.0,2,1095.0,2.0,1.0,60.0,0.0,0.0,0.0,1.0
26.0,234.0,3,1745.0,3.0,3.0,100.0,0.0,0.0,0.0,1.0
80.0,241.0,2,1050.0,2.0,2.0,52.5,0.0,0.0,0.0,1.0
80.0,1175.0,4,2080.0,4.0,2.0,440.0,0.0,0.0,0.0,1.0
80.0,96.0,2,1220.0,2.0,1.0,44.6,0.0,0.0,0.0,1.0
80.0,175.0,3,1793.0,3.0,2.0,98.0,0.0,0.0,1.0,0.0
80.0,1238.0,2,1100.0,1.0,2.0,45.0,0.0,0.0,0.0,1.0
26.0,1248.0,2,1385.0,2.0,3.0,65.0,1.0,0.0,0.0,0.0
80.0,797.0,2,1200.0,2.0,2.0,45.0,0.0,0.0,0.0,1.0
80.0,247.0,3,2017.0,2.0,2.0,125.0,0.0,0.0,0.0,1.0
80.0,279.0,1,400.0,1.0,1.0,10.0,0.0,0.0,0.0,1.0
32.0,268.0,3,1400.0,2.0,2.0,44.81,0.0,0.0,0.0,1.0
80.0,1033.0,2,960.0,2.0,1.0,33.0,0.0,0.0,1.0,0.0
80.0,694.0,2,1125.0,2.0,1.0,47.0,1.0,0.0,0.0,0.0
80.0,492.0,3,1551.0,2.0,2.0,60.0,0.0,0.0,0.0,1.0
80.0,1248.0,4,600.0,4.0,2.0,122.0,0.0,0.0,0.0,1.0
80.0,635.0,2,1246.0,2.0,1.0,67.4,0.0,0.0,0.0,1.0
80.0,1175.0,4,3200.0,4.0,3.0,224.0,0.0,0.0,0.0,1.0
26.0,1296.0,2,1060.0,2.0,1.0,48.0,0.0,0.0,1.0,0.0
80.0,800.0,2,1384.0,2.0,2.0,59.0,0.0,0.0,1.0,0.0
80.0,396.0,2,620.0,2.0,1.0,23.0,0.0,0.0,0.0,1.0
80.0,707.0,2,1005.0,2.0,1.0,39.77,0.0,0.0,0.0,1.0
33.0,234.0,3,1200.0,3.0,2.0,128.0,0.0,0.0,0.0,1.0
80.0,968.0,3,1400.0,3.0,2.0,35.0,0.0,0.0,0.0,1.0
80.0,186.0,3,2400.0,3.0,3.0,88.0,0.0,0.0,0.0,1.0
80.0,652.0,2,1096.0,2.0,1.0,39.0,0.0,0.0,0.0,1.0
80.0,843.0,2,1180.0,1.0,0.0,50.0,1.0,0.0,0.0,0.0
40.0,511.0,3,1300.0,2.0,1.0,47.0,0.0,0.0,0.0,1.0
52.0,582.0,2,1020.0,2.0,1.0,62.0,0.0,0.0,0.0,1.0
80.0,511.0,2,600.0,2.0,0.0,35.0,0.0,0.0,0.0,1.0
32.0,713.0,4,3563.0,6.0,1.0,310.0,0.0,0.0,0.0,1.0
80.0,1212.0,2,1165.0,2.0,2.0,47.0,0.0,0.0,1.0,0.0
80.0,895.0,3,1685.0,3.0,3.0,100.0,0.0,0.0,0.0,1.0
80.0,910.0,3,1580.0,3.0,3.0,53.56,0.0,0.0,0.0,1.0
44.0,511.0,2,1210.0,2.0,1.0,83.0,0.0,0.0,0.0,1.0
45.0,534.0,2,1030.0,1.0,2.0,25.75,0.0,0.0,0.0,1.0
80.0,573.0,2,1100.0,2.0,2.0,43.5,0.0,0.0,0.0,1.0
80.0,845.0,3,1255.0,3.0,2.0,77.68,0.0,0.0,0.0,1.0
36.0,1035.0,3,1482.0,3.0,2.0,86.0,0.0,0.0,0.0,1.0
80.0,561.0,2,1344.0,2.0,1.0,108.0,0.0,0.0,1.0,0.0
80.0,983.0,3,1275.0,2.0,2.0,39.8,0.0,0.0,0.0,1.0
80.0,1238.0,3,462.0,3.0,1.0,38.0,0.0,0.0,0.0,1.0
80.0,482.0,4,3300.0,5.0,3.0,318.0,0.0,0.0,0.0,1.0
80.0,664.0,2,1210.0,2.0,2.0,85.0,0.0,0.0,1.0,0.0
80.0,1186.0,3,1320.0,3.0,3.0,226.0,0.0,0.0,0.0,1.0
80.0,1260.0,3,1532.0,3.0,2.0,98.13,0.0,0.0,0.0,1.0
80.0,688.0,2,1245.0,2.0,2.0,110.0,1.0,0.0,0.0,0.0
80.0,1149.0,2,1212.0,2.0,1.0,50.0,0.0,0.0,0.0,1.0
80.0,1268.0,2,1230.0,2.0,1.0,65.0,0.0,0.0,1.0,0.0
80.0,668.0,5,1000.0,5.0,2.0,180.0,0.0,0.0,0.0,1.0
80.0,845.0,3,2257.0,3.0,2.0,159.0,0.0,0.0,0.0,1.0
34.0,417.0,2,1246.0,2.0,1.0,65.4,0.0,0.0,0.0,1.0
80.0,704.0,2,1080.0,2.0,2.0,41.0,0.0,0.0,1.0,0.0
80.0,550.0,6,1306.8000000000002,6.0,3.0,75.0,1.0,0.0,0.0,0.0
37.0,624.0,3,1360.0,2.0,3.0,85.0,0.0,0.0,0.0,1.0
34.0,420.0,2,1260.0,2.0,2.0,47.88,0.0,0.0,0.0,1.0
80.0,968.0,4,1200.0,3.0,0.0,110.0,0.0,0.0,0.0,1.0
80.0,94.0,2,1418.0,2.0,2.0,104.0,0.0,0.0,0.0,1.0
80.0,1035.0,3,1200.0,3.0,1.0,165.0,0.0,0.0,0.0,1.0
80.0,1248.0,2,950.0,2.0,1.0,39.0,0.0,0.0,0.0,1.0
34.0,769.0,2,1020.0,2.0,2.0,55.0,0.0,0.0,0.0,1.0
80.0,420.0,3,1400.0,2.0,2.0,40.44,0.0,0.0,0.0,1.0
80.0,36.0,4,1440.0,4.0,0.0,88.0,0.0,0.0,0.0,1.0
80.0,464.0,6,800.0,6.0,2.0,75.0,0.0,0.0,0.0,1.0
63.0,662.0,3,1462.5,2.0,1.0,62.81,0.0,0.0,0.0,1.0
80.0,1125.0,2,1175.0,2.0,1.0,69.0,0.0,0.0,1.0,0.0
80.0,995.0,2,1185.0,2.0,1.0,40.17,0.0,0.0,1.0,0.0
34.0,415.0,3,2250.0,3.0,1.0,113.0,0.0,0.0,0.0,1.0
32.0,542.0,2,1178.0,2.0,2.0,40.43,0.0,0.0,0.0,1.0
80.0,41.0,1,825.0,1.0,1.0,44.9,0.0,0.0,1.0,0.0
80.0,415.0,3,1250.0,3.0,2.0,43.0,0.0,0.0,0.0,1.0
80.0,511.0,2,1113.12,2.0,2.0,55.0,1.0,0.0,0.0,0.0
65.0,662.0,3,1718.0,3.0,3.0,223.0,0.0,0.0,0.0,1.0
80.0,1085.0,2,1010.0,2.0,1.0,35.0,0.0,0.0,0.0,1.0
80.0,845.0,2,900.0,2.0,1.0,41.0,0.0,0.0,0.0,1.0
80.0,1164.0,4,1500.0,4.0,3.0,240.0,0.0,0.0,0.0,1.0
80.0,986.0,1,540.0,1.0,1.0,16.5,1.0,0.0,0.0,0.0
80.0,968.0,2,1020.0,2.0,2.0,29.46,0.0,0.0,0.0,1.0
80.0,288.0,2,1194.0,2.0,1.0,71.64,0.0,0.0,0.0,1.0
80.0,867.0,8,1470.0,6.0,2.0,300.0,0.0,0.0,0.0,1.0
80.0,234.0,3,600.0,4.0,2.0,100.0,0.0,0.0,0.0,1.0
80.0,75.0,2,1108.0,2.0,1.0,67.15,1.0,0.0,0.0,0.0
80.0,892.0,4,3895.0,2.0,1.0,451.0,0.0,0.0,0.0,1.0
80.0,96.0,2,700.0,2.0,1.0,34.99,0.0,0.0,0.0,1.0
80.0,1216.0,3,1600.0,3.0,3.0,68.0,0.0,0.0,0.0,1.0
34.0,29.0,3,1850.0,3.0,2.0,90.0,0.0,0.0,0.0,1.0
80.0,302.0,2,1250.0,2.0,2.0,33.0,1.0,0.0,0.0,0.0
80.0,1184.0,1,600.0,1.0,1.0,43.0,0.0,0.0,0.0,1.0
80.0,353.0,2,1140.0,2.0,1.0,49.27,0.0,0.0,0.0,1.0
80.0,686.0,3,1200.0,2.0,2.0,75.0,0.0,0.0,1.0,0.0
80.0,1248.0,2,985.0,2.0,1.0,55.0,0.0,0.0,0.0,1.0
80.0,84.0,2,982.0,2.0,2.0,55.0,0.0,0.0,0.0,1.0
80.0,1238.0,1,600.0,1.0,0.0,20.0,1.0,0.0,0.0,0.0
80.0,354.0,3,2640.0,5.0,1.0,142.0,1.0,0.0,0.0,0.0
34.0,431.0,2,1314.0,2.0,2.0,68.8,0.0,0.0,0.0,1.0
80.0,1144.0,3,1700.0,2.0,2.0,68.5,1.0,0.0,0.0,0.0
80.0,516.0,2,1077.0,2.0,2.0,93.0,0.0,0.0,0.0,1.0
80.0,267.0,4,1891.0,2.0,1.0,66.165,0.0,0.0,0.0,1.0
33.0,1099.0,5,2000.0,4.0,1.0,99.0,0.0,0.0,0.0,1.0
69.0,662.0,3,1643.0,3.0,2.0,75.0,0.0,0.0,0.0,1.0
80.0,380.0,3,1200.0,3.0,1.0,67.0,0.0,0.0,0.0,1.0
80.0,968.0,2,1116.0,2.0,1.0,51.91,0.0,0.0,0.0,1.0
40.0,892.0,2,1020.0,2.0,1.0,41.82,0.0,0.0,0.0,1.0
80.0,885.0,7,621.0,7.0,1.0,64.0,0.0,0.0,0.0,1.0
80.0,1230.0,3,1740.0,3.0,2.0,55.0,0.0,0.0,1.0,0.0
80.0,234.0,2,1225.0,2.0,2.0,47.0,0.0,0.0,0.0,1.0
28.0,250.0,3,1241.0,2.0,1.0,61.0,0.0,1.0,0.0,0.0
80.0,512.0,2,1041.0,2.0,2.0,40.6,0.0,0.0,0.0,1.0
80.0,644.0,2,1050.0,2.0,2.0,46.0,1.0,0.0,0.0,0.0
45.0,534.0,3,4400.0,3.0,1.0,901.0,0.0,0.0,0.0,1.0
80.0,230.0,2,1309.0,2.0,3.0,64.39,0.0,0.0,0.0,1.0
80.0,1025.0,2,1128.0,2.0,2.0,45.0,1.0,0.0,0.0,0.0
80.0,172.0,3,1430.0,2.0,1.0,50.0,0.0,0.0,0.0,1.0
28.0,415.0,2,1065.0,2.0,1.0,47.86,1.0,0.0,0.0,0.0
80.0,604.0,2,1085.0,2.0,1.0,64.0,1.0,0.0,0.0,0.0
40.0,511.0,1,750.0,1.0,1.0,30.0,0.0,0.0,0.0,1.0
80.0,491.0,2,981.0,2.0,2.0,37.28,0.0,0.0,1.0,0.0
80.0,573.0,4,1548.3,4.0,1.0,129.0,1.0,0.0,0.0,0.0
80.0,561.0,4,2302.0,4.0,2.0,300.0,0.0,0.0,0.0,1.0
33.0,822.0,3,1410.0,2.0,2.0,60.0,1.0,0.0,0.0,0.0
80.0,1248.0,3,1525.84,3.0,1.0,117.0,0.0,0.0,0.0,1.0
28.0,511.0,2,1200.0,2.0,2.0,42.6,0.0,0.0,0.0,1.0
80.0,822.0,2,1030.0,2.0,2.0,80.0,0.0,0.0,1.0,0.0
80.0,910.0,3,1852.0,2.0,1.0,95.0,0.0,0.0,0.0,1.0
80.0,5.0,2,1160.0,2.0,1.0,33.5,0.0,0.0,1.0,0.0
80.0,426.0,2,918.0,2.0,1.0,49.0,1.0,0.0,0.0,0.0
80.0,876.0,3,1255.0,2.0,1.0,90.0,1.0,0.0,0.0,0.0
80.0,1149.0,6,1200.0,6.0,3.0,250.0,0.0,0.0,0.0,1.0
80.0,918.0,3,1150.0,2.0,2.0,49.9,0.0,0.0,0.0,1.0
80.0,867.0,3,2700.0,3.0,1.0,324.0,1.0,0.0,0.0,0.0
80.0,1021.0,2,1150.0,2.0,2.0,69.0,1.0,0.0,0.0,0.0
80.0,1149.0,2,1227.0,2.0,2.0,53.49,0.0,0.0,0.0,1.0
63.0,662.0,3,1255.0,3.0,2.0,77.68,0.0,0.0,0.0,1.0
80.0,214.0,6,840.0,8.0,0.0,120.0,0.0,0.0,0.0,1.0
80.0,455.0,2,1198.0,2.0,1.0,82.0,0.0,0.0,0.0,1.0
80.0,1106.0,3,1200.0,3.0,1.0,160.0,0.0,0.0,1.0,0.0
80.0,924.0,3,1700.0099999999998,3.0,1.0,180.0,0.0,0.0,0.0,1.0
80.0,720.0,4,2600.0,3.0,1.0,95.0,0.0,0.0,0.0,1.0
80.0,986.0,3,2072.0,4.0,2.0,139.0,0.0,0.0,1.0,0.0
80.0,1230.0,2,797.0,2.0,1.0,32.0,1.0,0.0,0.0,0.0
27.0,415.0,3,1350.0,2.0,3.0,68.0,0.0,0.0,0.0,1.0
80.0,917.0,4,2500.0,4.0,1.0,200.0,1.0,0.0,0.0,0.0
80.0,552.0,3,2215.0,4.0,2.0,160.0,0.0,0.0,0.0,1.0
80.0,192.0,1,525.0,1.0,1.0,30.0,0.0,0.0,0.0,1.0
80.0,673.0,4,2700.0,4.0,3.0,260.0,0.0,0.0,0.0,1.0
80.0,797.0,3,1500.0,2.0,1.0,90.0,0.0,0.0,1.0,0.0
80.0,415.0,2,900.0,2.0,0.0,55.0,0.0,0.0,0.0,1.0
80.0,464.0,3,1355.0,2.0,3.0,58.27,0.0,0.0,0.0,1.0
80.0,892.0,3,1465.0,2.0,2.0,49.81,0.0,0.0,0.0,1.0
34.0,417.0,2,1006.0,2.0,1.0,57.0,0.0,0.0,0.0,1.0
80.0,214.0,4,2000.0,4.0,1.0,75.0,0.0,0.0,0.0,1.0
80.0,771.0,2,1128.0,2.0,1.0,65.7,0.0,0.0,0.0,1.0
55.0,1035.0,2,850.0,2.0,0.0,35.0,1.0,0.0,0.0,0.0
80.0,70.0,3,1310.0,2.0,3.0,68.0,1.0,0.0,0.0,0.0
22.0,186.0,2,1390.0,2.0,2.0,86.0,1.0,0.0,0.0,0.0
80.0,415.0,3,1390.0,2.0,2.0,76.45,1.0,0.0,0.0,0.0
32.0,1248.0,4,2396.0,4.0,2.0,325.0,0.0,0.0,0.0,1.0
34.0,957.0,2,1170.0,2.0,1.0,33.0,0.0,0.0,1.0,0.0
80.0,153.0,3,1385.0,2.0,2.0,50.0,0.0,0.0,0.0,1.0
80.0,192.0,2,1160.0,2.0,1.0,42.0,0.0,0.0,0.0,1.0
80.0,96.0,2,1160.0,2.0,1.0,33.5,0.0,0.0,0.0,1.0
80.0,561.0,3,1200.0,2.0,2.0,69.0,1.0,0.0,0.0,0.0
80.0,662.0,2,1475.0,2.0,2.0,55.0,0.0,0.0,0.0,1.0
80.0,70.0,3,1939.0,3.0,0.0,98.0,1.0,0.0,0.0,0.0
80.0,729.0,2,850.0,2.0,2.0,42.0,0.0,0.0,0.0,1.0
32.0,72.0,1,675.0,1.0,1.0,45.0,0.0,0.0,0.0,1.0
80.0,561.0,2,1060.0,2.0,1.0,51.0,0.0,0.0,1.0,0.0
80.0,845.0,2,1235.0,2.0,2.0,47.0,0.0,0.0,0.0,1.0
80.0,968.0,2,600.0,4.0,1.0,110.0,0.0,0.0,0.0,1.0
48.0,295.0,2,1250.0,2.0,1.0,60.0,0.0,0.0,0.0,1.0
80.0,267.0,2,1460.0,2.0,3.0,70.0,0.0,0.0,1.0,0.0
80.0,534.0,3,1690.0,3.0,2.0,85.0,1.0,0.0,0.0,0.0
80.0,1175.0,1,850.0,1.0,2.0,57.0,0.0,0.0,0.0,1.0
80.0,393.0,3,1843.0,3.0,2.0,82.0,1.0,0.0,0.0,0.0
80.0,797.0,3,1680.0,3.0,2.0,117.0,1.0,0.0,0.0,0.0
80.0,214.0,2,1047.0,2.0,1.0,84.0,0.0,0.0,0.0,1.0
80.0,714.0,2,1100.0,2.0,2.0,35.0,0.0,0.0,1.0,0.0
16.0,415.0,8,3250.0,8.0,1.0,600.0,1.0,0.0,0.0,0.0
80.0,70.0,2,1120.0,2.0,3.0,53.0,0.0,0.0,0.0,1.0
80.0,1212.0,2,1095.0,2.0,2.0,38.33,0.0,0.0,1.0,0.0
80.0,345.0,2,970.0,2.0,2.0,35.0,1.0,0.0,0.0,0.0
80.0,1066.0,5,1200.0,7.0,2.0,125.0,1.0,0.0,0.0,0.0
80.0,1049.0,3,1100.0,2.0,3.0,85.0,0.0,0.0,0.0,1.0
80.0,972.0,3,1685.0,3.0,2.0,85.0,0.0,0.0,0.0,1.0
80.0,201.0,2,1148.0,2.0,1.0,59.0,0.0,0.0,0.0,1.0
80.0,517.0,2,1050.0,2.0,1.0,65.0,1.0,0.0,0.0,0.0
80.0,635.0,3,1465.0,2.0,1.0,76.0,1.0,0.0,0.0,0.0
39.0,533.0,4,3401.0,5.0,1.0,230.0,0.0,0.0,0.0,1.0
80.0,464.0,1,630.0,1.0,1.0,60.0,0.0,0.0,0.0,1.0
80.0,771.0,3,1850.0,3.0,1.0,150.0,0.0,0.0,0.0,1.0
80.0,1289.0,9,1200.0,9.0,1.0,175.0,0.0,0.0,1.0,0.0
80.0,230.0,4,1750.0,2.0,1.0,225.0,0.0,0.0,0.0,1.0
80.0,413.0,3,1350.0,3.0,1.0,60.0,0.0,0.0,0.0,1.0
80.0,735.0,3,1760.0,3.0,2.0,160.0,1.0,0.0,0.0,0.0
80.0,711.0,2,1440.0,2.0,2.0,185.0,0.0,0.0,0.0,1.0
80.0,973.0,2,1200.0,2.0,0.0,42.0,1.0,0.0,0.0,0.0
80.0,201.0,2,1100.0,2.0,1.0,78.0,0.0,0.0,0.0,1.0
80.0,1035.0,2,1140.0,2.0,2.0,46.0,0.0,0.0,0.0,1.0
80.0,24.0,3,1617.5,3.0,0.0,73.595,0.0,0.0,0.0,1.0
80.0,662.0,2,1410.0,2.0,2.0,45.0,0.0,0.0,0.0,1.0
80.0,1257.0,3,1434.0,2.0,1.0,67.39,0.0,0.0,0.0,1.0
80.0,417.0,2,1180.0,2.0,2.0,74.0,0.0,0.0,0.0,1.0
80.0,492.0,2,1160.0,2.0,2.0,42.0,0.0,0.0,0.0,1.0
27.0,573.0,2,1343.0,2.0,2.0,86.0,0.0,0.0,0.0,1.0
80.0,891.0,2,1184.0,2.0,1.0,69.0,1.0,0.0,0.0,0.0
40.0,698.0,3,2246.0,3.0,0.0,300.0,0.0,0.0,0.0,1.0
80.0,1000.0,3,4510.0,4.0,3.0,200.0,0.0,0.0,0.0,1.0
80.0,797.0,3,1305.0,2.0,1.0,59.0,0.0,0.0,0.0,1.0
80.0,1111.0,4,3785.0,5.0,1.0,280.0,0.0,0.0,0.0,1.0
33.0,633.0,3,1540.0,3.0,2.0,85.0,0.0,0.0,0.0,1.0
80.0,688.0,3,1550.0,3.0,3.0,65.11,1.0,0.0,0.0,0.0
80.0,624.0,3,1345.0,2.0,1.0,57.0,1.0,0.0,0.0,0.0
80.0,415.0,3,975.0,2.0,2.0,45.0,0.0,0.0,0.0,1.0
40.0,1144.0,2,1140.0,2.0,2.0,46.0,0.0,0.0,0.0,1.0
80.0,714.0,2,1152.0,2.0,1.0,34.56,0.0,0.0,0.0,1.0
30.0,511.0,4,3200.0,4.0,2.0,700.0,0.0,0.0,0.0,1.0
80.0,1035.0,3,1033.0,2.0,2.0,31.5,1.0,0.0,0.0,0.0
34.0,1134.0,3,1800.0,3.0,0.0,230.0,0.0,0.0,0.0,1.0
80.0,117.0,2,1102.0,2.0,2.0,53.67,0.0,0.0,0.0,1.0
80.0,1144.0,3,1223.0,2.0,2.0,42.81,0.0,0.0,0.0,1.0
42.0,124.0,3,1762.0,3.0,3.0,112.0,0.0,0.0,1.0,0.0
44.0,1248.0,2,560.0,2.0,1.0,16.6,0.0,0.0,0.0,1.0
34.0,910.0,6,2000.0,6.0,0.0,85.0,0.0,0.0,0.0,1.0
80.0,931.0,3,1410.0,2.0,2.0,38.0,0.0,0.0,1.0,0.0
80.0,388.0,3,1853.0,3.0,1.0,64.86,0.0,0.0,0.0,1.0
80.0,179.0,2,1455.0,2.0,1.0,69.0,0.0,0.0,0.0,1.0
80.0,536.0,2,1138.0,2.0,1.0,110.0,0.0,0.0,0.0,1.0
80.0,671.0,3,2556.0,3.0,2.0,169.0,0.0,0.0,1.0,0.0
80.0,729.0,3,1200.0,2.0,0.0,66.5,0.0,0.0,0.0,1.0
33.0,417.0,2,1200.0,2.0,2.0,37.0,0.0,0.0,1.0,0.0
29.0,986.0,3,2195.8356,4.0,2.0,185.0,0.0,0.0,1.0,0.0
30.0,688.0,2,1200.0,1.0,1.0,36.0,0.0,0.0,0.0,1.0
80.0,686.0,3,1870.0,3.0,2.0,138.0,0.0,0.0,0.0,1.0
80.0,582.0,2,1199.0,2.0,1.0,86.0,0.0,0.0,0.0,1.0
80.0,1114.0,6,800.0,8.0,1.0,150.0,1.0,0.0,0.0,0.0
80.0,797.0,3,1360.0,2.0,2.0,54.4,0.0,0.0,0.0,1.0
31.0,239.0,3,1230.0,3.0,3.0,53.0,1.0,0.0,0.0,0.0
80.0,344.0,3,2000.0,3.0,2.0,120.0,0.0,0.0,0.0,1.0
26.0,542.0,4,1200.0,4.0,2.0,250.0,0.0,0.0,0.0,1.0
80.0,778.0,2,1047.0,2.0,1.0,83.0,0.0,0.0,0.0,1.0
26.0,573.0,4,6000.0,4.0,1.0,260.0,1.0,0.0,0.0,0.0
80.0,604.0,2,1200.0,2.0,1.0,76.0,0.0,0.0,0.0,1.0
80.0,960.0,2,1302.5,2.0,0.0,44.285,0.0,0.0,0.0,1.0
80.0,1035.0,2,725.0,2.0,1.0,30.0,0.0,0.0,0.0,1.0
80.0,700.0,3,1645.0,3.0,1.0,100.0,0.0,0.0,0.0,1.0
27.0,1248.0,2,870.0,2.0,1.0,65.0,0.0,0.0,0.0,1.0
43.0,1035.0,2,1026.0,2.0,1.0,49.95,0.0,0.0,0.0,1.0
80.0,65.0,3,2000.0,3.0,1.0,145.0,1.0,0.0,0.0,0.0
80.0,1051.0,2,1710.0,2.0,2.0,200.0,0.0,0.0,0.0,1.0
80.0,127.0,3,1766.0,3.0,1.0,130.0,0.0,0.0,0.0,1.0
28.0,550.0,1,500.0,1.0,1.0,15.0,1.0,0.0,0.0,0.0
26.0,1034.0,2,1100.0,1.0,1.0,15.0,0.0,0.0,0.0,1.0
80.0,635.0,3,1221.0,3.0,3.0,52.0,0.0,0.0,0.0,1.0
80.0,119.0,1,680.0,1.0,1.0,46.0,0.0,0.0,0.0,1.0
80.0,739.0,2,1278.0,2.0,2.0,90.0,0.0,0.0,1.0,0.0
80.0,573.0,2,1025.0,2.0,2.0,66.0,0.0,0.0,0.0,1.0
80.0,610.0,2,1175.0,2.0,1.0,39.0,1.0,0.0,0.0,0.0
80.0,1055.0,2,975.0,2.0,0.0,28.275,1.0,0.0,0.0,0.0
80.0,1079.0,1,600.0,1.0,1.0,75.0,0.0,0.0,1.0,0.0
80.0,607.0,2,850.0,2.0,1.0,42.0,0.0,0.0,1.0,0.0
80.0,834.0,2,710.0,2.0,0.0,25.0,0.0,0.0,1.0,0.0
80.0,417.0,2,1165.0,2.0,1.0,33.64,0.0,0.0,0.0,1.0
80.0,528.0,1,625.0,1.0,1.0,19.0,1.0,0.0,0.0,0.0
80.0,944.0,3,1340.0,3.0,1.0,66.0,0.0,0.0,0.0,1.0
80.0,98.0,2,937.0,2.0,1.0,35.0,0.0,0.0,0.0,1.0
80.0,1144.0,7,1500.0,6.0,0.0,210.0,0.0,0.0,0.0,1.0
80.0,250.0,1,750.0,1.0,1.0,52.5,0.0,0.0,0.0,1.0
80.0,1248.0,5,405.0,6.0,3.0,400.0,0.0,0.0,1.0,0.0
80.0,1021.0,3,1475.0,3.0,3.0,78.0,0.0,0.0,0.0,1.0
80.0,276.0,4,2230.0,4.0,1.0,130.0,0.0,0.0,0.0,1.0
80.0,276.0,4,2200.0,5.0,1.0,100.0,0.0,0.0,0.0,1.0
80.0,639.0,2,900.0,2.0,0.0,65.0,1.0,0.0,0.0,0.0
80.0,230.0,2,1116.0,2.0,2.0,37.0,0.0,0.0,0.0,1.0
45.0,1033.0,2,948.0,2.0,1.0,75.0,0.0,0.0,0.0,1.0
80.0,604.0,2,970.0,2.0,1.0,55.0,0.0,0.0,0.0,1.0
80.0,686.0,3,1519.0,3.0,2.0,67.23,1.0,0.0,0.0,0.0
33.0,1257.0,3,1200.0,2.0,1.0,65.0,0.0,0.0,0.0,1.0
80.0,1257.0,3,1760.0,3.0,2.0,127.0,0.0,0.0,1.0,0.0
26.0,415.0,4,4400.0,5.0,3.0,525.0,1.0,0.0,0.0,0.0
80.0,797.0,3,1914.0,3.0,3.0,179.0,0.0,0.0,0.0,1.0
28.0,415.0,3,1820.0,3.0,2.0,85.5,1.0,0.0,0.0,0.0
80.0,223.0,3,1820.0,3.0,2.0,93.0,1.0,0.0,0.0,0.0
80.0,1172.0,3,1565.0,3.0,2.0,78.0,0.0,0.0,0.0,1.0
55.0,749.0,2,1334.0,2.0,3.0,42.69,0.0,0.0,0.0,1.0
80.0,268.0,2,924.0,2.0,2.0,76.23,0.0,0.0,0.0,1.0
80.0,1055.0,2,914.0,2.0,2.0,49.0,1.0,0.0,0.0,0.0
80.0,150.0,1,500.0,1.0,1.0,17.0,0.0,0.0,0.0,1.0
80.0,937.0,3,2145.0,3.0,3.0,125.0,0.0,0.0,1.0,0.0
33.0,431.0,5,1200.0,5.0,1.0,162.0,0.0,0.0,0.0,1.0
80.0,451.0,3,1650.0,3.0,2.0,100.0,1.0,0.0,0.0,0.0
80.0,1248.0,4,3940.0,4.0,3.0,220.0,0.0,0.0,0.0,1.0
51.0,230.0,2,1020.0,2.0,1.0,29.45,0.0,0.0,0.0,1.0
80.0,150.0,2,1180.0,2.0,3.0,58.0,0.0,0.0,0.0,1.0
80.0,192.0,2,1255.0,2.0,3.0,120.0,0.0,0.0,0.0,1.0
28.0,235.0,3,2777.29,5.0,2.0,650.0,1.0,0.0,0.0,0.0
80.0,528.0,2,1014.0,2.0,1.0,35.0,0.0,0.0,0.0,1.0
80.0,604.0,4,920.0,2.0,0.0,90.0,0.0,0.0,1.0,0.0
28.0,250.0,2,695.0,1.0,1.0,25.0,0.0,1.0,0.0,0.0
80.0,504.0,3,2273.0,4.0,3.0,220.0,0.0,0.0,0.0,1.0
26.0,36.0,2,1140.0,2.0,2.0,48.95,0.0,0.0,1.0,0.0
80.0,781.0,6,3000.0,4.0,1.0,375.0,0.0,0.0,0.0,1.0
80.0,714.0,2,1180.0,2.0,2.0,41.0,1.0,0.0,0.0,0.0
33.0,400.0,4,2400.0,4.0,2.0,152.0,1.0,0.0,0.0,0.0
80.0,426.0,2,850.0,1.0,1.0,25.0,0.0,0.0,0.0,1.0
80.0,797.0,2,1200.0,2.0,1.0,60.0,0.0,0.0,0.0,1.0
77.0,582.0,4,3160.0,4.0,3.0,206.0,0.0,0.0,0.0,1.0
80.0,703.0,3,1769.0,3.0,3.0,96.87,1.0,0.0,0.0,0.0
80.0,1248.0,4,1199.7,3.0,2.0,160.0,0.0,0.0,0.0,1.0
47.0,637.0,4,1554.3,4.0,1.0,131.0,0.0,0.0,0.0,1.0
80.0,797.0,2,1243.0,2.0,2.0,46.0,0.0,0.0,0.0,1.0
80.0,504.0,4,4920.0,5.0,2.0,1150.0,0.0,0.0,0.0,1.0
80.0,415.0,2,905.0,2.0,1.0,40.0,0.0,0.0,0.0,1.0
80.0,1144.0,1,627.0,1.0,1.0,30.0,0.0,0.0,0.0,1.0
80.0,910.0,3,2180.0,3.0,2.0,285.0,0.0,0.0,0.0,1.0
80.0,420.0,3,2400.0,3.0,2.0,260.0,0.0,0.0,0.0,1.0
80.0,662.0,3,1435.0,3.0,1.0,73.0,0.0,0.0,0.0,1.0
80.0,1035.0,4,3405.1,6.0,3.0,400.0,0.0,0.0,0.0,1.0
26.0,415.0,3,1620.0,3.0,2.0,130.0,0.0,0.0,0.0,1.0
80.0,414.0,3,1862.0,3.0,2.0,125.0,0.0,0.0,1.0,0.0
80.0,1208.0,2,674.0,1.0,1.0,19.9,1.0,0.0,0.0,0.0
80.0,878.0,2,1220.0,2.0,1.0,59.0,0.0,0.0,1.0,0.0
80.0,78.0,2,1027.0,2.0,2.0,44.0,0.0,0.0,0.0,1.0
80.0,968.0,2,1025.0,2.0,1.0,49.0,0.0,0.0,0.0,1.0
80.0,705.0,3,1430.0,2.0,3.0,54.5,0.0,0.0,0.0,1.0
80.0,1248.0,2,1235.0,2.0,3.0,65.0,0.0,0.0,1.0,0.0
35.0,1035.0,3,1291.0,2.0,3.0,32.0,0.0,0.0,0.0,1.0
80.0,1035.0,3,1498.0,3.0,2.0,95.0,0.0,0.0,0.0,1.0
80.0,152.0,3,2180.0,3.0,2.0,240.0,0.0,0.0,1.0,0.0
80.0,26.0,2,1000.0,2.0,1.0,29.7,0.0,0.0,1.0,0.0
44.0,511.0,2,922.0,2.0,1.0,70.0,0.0,0.0,0.0,1.0
80.0,892.0,2,850.0,2.0,1.0,72.0,0.0,0.0,0.0,1.0
80.0,420.0,3,750.0,3.0,2.0,155.0,1.0,0.0,0.0,0.0
80.0,1187.0,2,1123.0,2.0,2.0,64.0,1.0,0.0,0.0,0.0
80.0,70.0,2,1235.0,2.0,1.0,75.0,0.0,0.0,0.0,1.0
80.0,96.0,2,1250.0,2.0,1.0,55.55,0.0,0.0,0.0,1.0
26.0,662.0,4,2403.0,5.0,1.0,360.0,0.0,0.0,0.0,1.0
80.0,476.0,2,984.0,2.0,1.0,45.91,1.0,0.0,0.0,0.0
80.0,520.0,2,1305.0,2.0,1.0,99.0,0.0,0.0,1.0,0.0
80.0,1066.0,2,1200.0,1.0,0.0,65.0,0.0,0.0,0.0,1.0
80.0,137.0,3,600.0,3.0,1.0,90.0,0.0,0.0,0.0,1.0
80.0,234.0,4,2790.0,5.0,3.0,204.0,0.0,0.0,0.0,1.0
80.0,1002.0,4,2010.0,3.0,2.0,125.0,0.0,0.0,0.0,1.0
80.0,58.0,2,995.0,2.0,0.0,42.0,0.0,0.0,0.0,1.0
80.0,415.0,2,1277.0,2.0,2.0,59.0,0.0,0.0,0.0,1.0
80.0,1260.0,2,1236.0,2.0,2.0,61.33,0.0,0.0,0.0,1.0
80.0,635.0,2,1265.0,2.0,3.0,67.0,0.0,0.0,1.0,0.0
80.0,1175.0,1,525.0,2.0,1.0,27.0,0.0,0.0,0.0,1.0
80.0,573.0,5,2570.0,4.0,1.0,141.0,0.0,0.0,0.0,1.0
80.0,781.0,4,2400.0,5.0,3.0,390.0,0.0,0.0,1.0,0.0
80.0,173.0,3,1442.0,3.0,2.0,56.24,0.0,0.0,0.0,1.0
36.0,363.0,2,1224.0,2.0,2.0,70.0,0.0,0.0,1.0,0.0
63.0,1144.0,2,1205.0,2.0,1.0,59.0,0.0,0.0,0.0,1.0
80.0,192.0,2,1233.0,2.0,3.0,100.0,0.0,0.0,0.0,1.0
80.0,796.0,2,1312.0,2.0,3.0,69.0,0.0,0.0,0.0,1.0
80.0,1144.0,3,1449.0,3.0,2.0,90.0,0.0,0.0,0.0,1.0
80.0,252.0,2,1090.0,2.0,1.0,54.0,1.0,0.0,0.0,0.0
80.0,719.0,5,2100.0,5.0,0.0,150.0,0.0,0.0,0.0,1.0
28.0,891.0,3,1390.0,2.0,3.0,62.55,0.0,0.0,0.0,1.0
80.0,504.0,2,1200.0,2.0,3.0,78.0,0.0,0.0,1.0,0.0
80.0,5.0,4,600.0,2.0,2.0,50.0,0.0,0.0,0.0,1.0
28.0,1248.0,2,1000.0,2.0,2.0,58.0,0.0,0.0,0.0,1.0
33.0,504.0,4,2400.0,5.0,2.0,190.0,0.0,0.0,0.0,1.0
80.0,944.0,3,1732.0,3.0,1.0,85.73,1.0,0.0,0.0,0.0
80.0,80.0,2,1290.0,2.0,2.0,80.0,0.0,0.0,0.0,1.0
80.0,96.0,3,1840.0,3.0,3.0,85.0,0.0,0.0,0.0,1.0
80.0,700.0,3,1917.0,4.0,2.0,100.0,0.0,0.0,1.0,0.0
80.0,511.0,2,1100.0,2.0,2.0,57.0,0.0,0.0,0.0,1.0
80.0,1257.0,3,1455.0,2.0,3.0,60.0,0.0,0.0,1.0,0.0
80.0,642.0,4,2774.0,4.0,3.0,208.0,0.0,0.0,1.0,0.0
80.0,142.0,5,1200.0,5.0,1.0,255.0,1.0,0.0,0.0,0.0
80.0,1248.0,3,1425.0,2.0,2.0,65.0,0.0,0.0,0.0,1.0
44.0,1034.0,3,1655.0,3.0,1.0,113.0,1.0,0.0,0.0,0.0
80.0,648.0,4,2805.0,5.0,3.0,160.0,0.0,0.0,0.0,1.0
80.0,1175.0,7,600.0,7.0,3.0,93.0,0.0,0.0,0.0,1.0
80.0,983.0,2,1040.0,2.0,1.0,46.79,0.0,0.0,0.0,1.0
80.0,1087.0,2,1126.0,2.0,1.0,55.0,0.0,0.0,0.0,1.0
80.0,383.0,6,1600.0,4.0,1.0,200.0,0.0,0.0,0.0,1.0
80.0,363.0,2,1250.0,2.0,1.0,55.55,0.0,0.0,0.0,1.0
80.0,234.0,4,1800.0,4.0,2.0,180.0,0.0,0.0,0.0,1.0
80.0,186.0,2,1200.0,2.0,0.0,53.0,0.0,0.0,0.0,1.0
80.0,1054.0,4,2050.0,3.0,1.0,100.0,0.0,0.0,0.0,1.0
28.0,797.0,1,530.0,1.0,1.0,29.44,0.0,0.0,0.0,1.0
80.0,867.0,4,2585.5,4.0,0.0,139.5,0.0,0.0,1.0,0.0
80.0,266.0,2,883.0,2.0,1.0,37.0,1.0,0.0,0.0,0.0
80.0,80.0,3,1490.0,2.0,2.0,59.6,0.0,0.0,1.0,0.0
28.0,534.0,2,1295.0,2.0,2.0,95.0,0.0,0.0,0.0,1.0
80.0,995.0,3,1275.0,3.0,1.0,59.0,0.0,0.0,0.0,1.0
80.0,972.0,2,800.0,2.0,2.0,30.0,0.0,0.0,0.0,1.0
80.0,834.0,1,1200.0,1.0,0.0,95.0,0.0,0.0,0.0,1.0
28.0,415.0,2,1063.0,2.0,1.0,58.0,1.0,0.0,0.0,0.0
28.0,557.0,1,656.0,1.0,1.0,43.0,0.0,0.0,0.0,1.0
80.0,415.0,2,1125.0,2.0,2.0,36.0,0.0,0.0,0.0,1.0
13.0,968.0,2,881.0,2.0,1.0,48.06,0.0,0.0,0.0,1.0
26.0,66.0,9,1350.0,8.0,2.0,200.0,0.0,0.0,1.0,0.0
27.0,417.0,2,700.0,1.0,1.0,32.0,1.0,0.0,0.0,0.0
80.0,1035.0,3,1936.0,3.0,0.0,110.0,0.0,0.0,0.0,1.0
80.0,415.0,3,1680.0,3.0,1.0,101.0,0.0,0.0,0.0,1.0
37.0,1137.0,2,1253.0,2.0,2.0,57.0,0.0,0.0,0.0,1.0
26.0,415.0,3,1640.0,3.0,3.0,230.0,1.0,0.0,0.0,0.0
80.0,343.0,3,1082.0,3.0,2.0,50.0,0.0,0.0,0.0,1.0
80.0,1263.0,2,1065.0,2.0,1.0,30.75,0.0,0.0,0.0,1.0
28.0,1248.0,3,2100.0,4.0,2.0,145.0,0.0,0.0,0.0,1.0
26.0,1248.0,2,1070.0,2.0,1.0,58.0,0.0,0.0,0.0,1.0
80.0,520.0,3,1280.0,3.0,2.0,57.6,0.0,0.0,0.0,1.0
80.0,1085.0,5,1200.0,5.0,2.0,300.0,0.0,0.0,0.0,1.0
80.0,116.0,2,1125.0,2.0,1.0,29.25,0.0,0.0,0.0,1.0
80.0,275.0,3,1755.0,3.0,2.0,122.0,1.0,0.0,0.0,0.0
80.0,662.0,2,1210.0,2.0,1.0,54.0,0.0,0.0,0.0,1.0
80.0,688.0,2,951.0,2.0,2.0,30.43,1.0,0.0,0.0,0.0
80.0,300.0,3,1500.0,2.0,1.0,75.0,1.0,0.0,0.0,0.0
80.0,982.0,3,1652.5,3.0,2.0,90.0,0.0,0.0,0.0,1.0
80.0,528.0,3,1381.0,2.0,2.0,76.18,0.0,0.0,0.0,1.0
28.0,1248.0,2,1085.0,2.0,1.0,57.0,0.0,0.0,0.0,1.0
80.0,334.0,1,905.0,1.0,1.0,50.0,0.0,0.0,0.0,1.0
80.0,582.0,3,1685.0,3.0,2.0,95.0,0.0,0.0,0.0,1.0
80.0,504.0,2,1200.0,2.0,2.0,75.0,0.0,0.0,0.0,1.0
80.0,1258.0,2,1151.0,2.0,1.0,42.9,1.0,0.0,0.0,0.0
27.0,1248.0,4,3532.0,3.0,3.0,170.0,0.0,0.0,1.0,0.0
80.0,711.0,3,1665.0,3.0,2.0,86.91,0.0,0.0,0.0,1.0
80.0,624.0,2,800.0,2.0,1.0,40.0,1.0,0.0,0.0,0.0
80.0,771.0,2,1050.0,2.0,1.0,162.0,0.0,0.0,0.0,1.0
80.0,515.0,2,1030.0,2.0,2.0,46.5,0.0,0.0,0.0,1.0
33.0,561.0,2,1257.0,2.0,1.0,71.03,0.0,0.0,0.0,1.0
80.0,1231.0,3,1600.0,3.0,2.0,82.0,0.0,0.0,0.0,1.0
80.0,1248.0,3,1465.0,3.0,3.0,75.0,0.0,0.0,0.0,1.0
80.0,512.0,3,1650.0,3.0,2.0,111.0,0.0,0.0,0.0,1.0
80.0,903.0,2,1243.0,2.0,2.0,46.0,0.0,0.0,0.0,1.0
80.0,1035.0,2,680.0,1.0,1.0,80.0,1.0,0.0,0.0,0.0
80.0,1134.0,4,1230.0,4.0,2.0,80.0,0.0,0.0,1.0,0.0
80.0,284.0,2,1300.0,2.0,2.0,82.0,0.0,0.0,1.0,0.0
80.0,1175.0,2,1000.0,2.0,1.0,44.5,0.0,0.0,0.0,1.0
80.0,1171.0,2,1146.0,2.0,1.0,53.8,0.0,0.0,1.0,0.0
80.0,467.0,6,1200.0,6.0,3.0,120.0,0.0,0.0,1.0,0.0
80.0,624.0,3,2601.0,4.0,1.0,312.0,0.0,0.0,0.0,1.0
80.0,1035.0,3,2159.0,3.0,2.0,110.0,1.0,0.0,0.0,0.0
80.0,1212.0,2,1255.0,2.0,2.0,40.0,0.0,0.0,0.0,1.0
40.0,1248.0,2,1130.0,2.0,2.0,60.0,0.0,0.0,0.0,1.0
80.0,13.0,2,1200.0,2.0,1.0,60.0,0.0,0.0,1.0,0.0
80.0,504.0,2,1040.0,2.0,1.0,37.0,0.0,0.0,0.0,1.0
80.0,568.0,8,1500.0,8.0,2.0,150.0,0.0,0.0,1.0,0.0
80.0,587.0,4,906.0,3.0,2.0,55.0,0.0,0.0,0.0,1.0
39.0,415.0,2,1180.0,2.0,1.0,41.3,0.0,0.0,0.0,1.0
80.0,1257.0,7,1200.0,7.0,2.0,169.0,0.0,0.0,0.0,1.0
80.0,504.0,6,850.0,7.0,2.0,100.0,1.0,0.0,0.0,0.0
80.0,966.0,2,1200.0,2.0,3.0,47.0,0.0,0.0,1.0,0.0
80.0,647.0,3,1374.0,3.0,2.0,51.0,0.0,0.0,0.0,1.0
80.0,1055.0,9,4700.0,10.0,3.0,130.0,0.0,0.0,1.0,0.0
80.0,662.0,1,630.5,1.0,0.0,32.15,0.0,0.0,0.0,1.0
80.0,714.0,3,2400.0,2.0,0.0,480.0,0.0,0.0,0.0,1.0
33.0,1248.0,2,1027.0,2.0,2.0,44.0,1.0,0.0,0.0,0.0
80.0,968.0,5,1200.0,4.0,1.0,130.0,0.0,0.0,0.0,1.0
80.0,420.0,3,2384.0,4.0,2.0,165.0,1.0,0.0,0.0,0.0
80.0,464.0,3,1033.0,2.0,2.0,28.41,0.0,0.0,0.0,1.0
80.0,507.0,2,1200.0,2.0,1.0,54.0,0.0,0.0,0.0,1.0
80.0,302.0,3,2017.0,3.0,2.0,105.0,1.0,0.0,0.0,0.0
80.0,1035.0,3,1500.0,3.0,2.0,138.0,0.0,0.0,0.0,1.0
80.0,986.0,2,700.0,2.0,0.0,43.0,0.0,0.0,1.0,0.0
26.0,1144.0,6,1150.0,6.0,2.0,75.0,0.0,0.0,0.0,1.0
80.0,47.0,3,1495.0,2.0,2.0,52.33,1.0,0.0,0.0,0.0
80.0,124.0,2,1302.0,2.0,1.0,68.5,0.0,0.0,0.0,1.0
6.0,714.0,1,905.0,1.0,1.0,52.0,0.0,0.0,0.0,1.0
80.0,1257.0,2,1303.0,2.0,1.0,55.79,0.0,0.0,0.0,1.0
80.0,653.0,3,1350.0,3.0,0.0,71.0,0.0,0.0,1.0,0.0
80.0,1021.0,3,1380.0,2.0,2.0,95.0,0.0,0.0,0.0,1.0
80.0,635.0,3,1620.0,3.0,1.0,110.0,0.0,0.0,0.0,1.0
80.0,275.0,4,4800.0,4.0,3.0,250.0,0.0,0.0,0.0,1.0
80.0,363.0,2,1000.0,2.0,1.0,38.5,0.0,0.0,1.0,0.0
80.0,662.0,3,800.0,4.0,0.0,88.0,0.0,0.0,0.0,1.0
80.0,520.0,2,1250.0,1.0,1.0,54.0,0.0,0.0,0.0,1.0
80.0,324.0,3,1750.0,3.0,3.0,170.0,0.0,0.0,0.0,1.0
80.0,769.0,3,997.0,3.0,2.0,55.0,0.0,0.0,1.0,0.0
80.0,688.0,3,1760.0,3.0,1.0,111.0,0.0,0.0,1.0,0.0
80.0,810.0,2,1322.0,2.0,2.0,75.0,1.0,0.0,0.0,0.0
80.0,917.0,3,1365.0,3.0,0.0,99.0,1.0,0.0,0.0,0.0
68.0,662.0,3,1500.0,3.0,2.0,125.0,0.0,0.0,0.0,1.0
16.0,972.0,3,1256.0,2.0,2.0,50.0,0.0,0.0,0.0,1.0
80.0,224.0,2,941.0,2.0,2.0,48.0,0.0,0.0,1.0,0.0
80.0,1134.0,4,5000.0,4.0,3.0,465.0,0.0,0.0,1.0,0.0
80.0,511.0,3,1665.0,3.0,2.0,86.58,0.0,0.0,0.0,1.0
80.0,688.0,2,1414.0,2.0,1.0,84.18,0.0,0.0,0.0,1.0
80.0,920.0,3,1270.0,2.0,3.0,55.25,0.0,0.0,0.0,1.0
80.0,1079.0,3,800.0,2.0,2.0,80.0,0.0,0.0,1.0,0.0
80.0,1252.0,4,4100.0,3.0,0.0,300.0,1.0,0.0,0.0,0.0
80.0,581.0,6,1800.0,3.0,1.0,105.0,0.0,0.0,0.0,1.0
80.0,1175.0,2,850.0,2.0,0.0,35.0,0.0,0.0,0.0,1.0
34.0,511.0,1,712.0,1.0,1.0,38.44,0.0,0.0,0.0,1.0
80.0,507.0,4,2648.0,5.0,0.0,251.5,0.0,0.0,0.0,1.0
80.0,1053.0,3,900.0,4.0,2.0,180.0,1.0,0.0,0.0,0.0
80.0,434.0,2,900.0,2.0,0.0,55.0,1.0,0.0,0.0,0.0
40.0,53.0,2,1200.0,2.0,1.0,49.0,0.0,0.0,0.0,1.0
80.0,714.0,1,654.0,1.0,1.0,22.0,0.0,0.0,0.0,1.0
36.0,1248.0,2,708.0,1.0,1.0,55.0,0.0,0.0,1.0,0.0
80.0,415.0,4,600.0,5.0,3.0,75.0,0.0,0.0,0.0,1.0
80.0,1066.0,3,1680.0,3.0,3.0,135.0,0.0,0.0,0.0,1.0
80.0,1021.0,2,990.0,2.0,2.0,58.0,1.0,0.0,0.0,0.0
80.0,427.0,2,1380.0,2.0,1.0,42.0,1.0,0.0,0.0,0.0
80.0,1089.0,2,1088.0,2.0,2.0,62.0,0.0,0.0,0.0,1.0
80.0,36.0,3,1414.0,3.0,2.0,77.5,1.0,0.0,0.0,0.0
80.0,513.0,2,1240.0,2.0,1.0,100.0,0.0,0.0,0.0,1.0
80.0,1238.0,3,1810.0,3.0,3.0,118.0,0.0,0.0,0.0,1.0
80.0,785.0,3,2005.0,3.0,2.0,240.0,0.0,0.0,1.0,0.0
80.0,746.0,2,1185.0,2.0,2.0,58.0,0.0,0.0,1.0,0.0
80.0,844.0,3,1200.0,3.0,2.0,57.15,1.0,0.0,0.0,0.0
80.0,797.0,2,1070.0,2.0,1.0,52.0,0.0,0.0,0.0,1.0
80.0,573.0,2,1265.0,2.0,1.0,58.0,0.0,0.0,0.0,1.0
80.0,516.0,2,1100.0,2.0,1.0,55.0,0.0,0.0,0.0,1.0
80.0,1035.0,2,1035.0,2.0,2.0,44.0,0.0,0.0,0.0,1.0
80.0,852.0,1,614.5,1.0,0.0,30.715,0.0,0.0,1.0,0.0
80.0,192.0,2,1000.0,2.0,1.0,97.0,0.0,0.0,0.0,1.0
80.0,304.0,2,1179.0,2.0,2.0,49.35,0.0,0.0,0.0,1.0
80.0,514.0,3,1650.0,3.0,1.0,84.0,1.0,0.0,0.0,0.0
27.0,974.0,6,2800.0,4.0,3.0,100.0,1.0,0.0,0.0,0.0
80.0,846.0,8,3500.0,6.0,2.0,120.0,0.0,0.0,1.0,0.0
80.0,1033.0,3,1430.0,3.0,1.0,78.65,0.0,0.0,0.0,1.0
80.0,371.0,3,1130.0,2.0,2.0,58.0,1.0,0.0,0.0,0.0
80.0,573.0,3,1850.0,2.0,1.0,110.0,0.0,0.0,0.0,1.0
27.0,652.0,3,1340.0,3.0,2.0,54.24,0.0,0.0,0.0,1.0
53.0,1218.0,4,4334.0,2.0,1.0,338.0,0.0,0.0,0.0,1.0
80.0,472.0,2,600.0,2.0,0.0,30.0,0.0,0.0,0.0,1.0
34.0,1248.0,3,2582.0,5.0,2.0,250.0,0.0,0.0,0.0,1.0
43.0,662.0,2,1160.0,2.0,1.0,55.0,0.0,0.0,0.0,1.0
80.0,1144.0,1,1200.0,2.0,1.0,45.0,0.0,0.0,0.0,1.0
80.0,89.0,2,1116.0,2.0,1.0,37.6,0.0,0.0,1.0,0.0
80.0,498.0,3,600.0,2.0,1.0,85.0,0.0,0.0,1.0,0.0
80.0,1035.0,3,2663.0,4.0,1.0,338.0,0.0,0.0,0.0,1.0
80.0,420.0,2,1090.0,2.0,2.0,45.0,0.0,0.0,0.0,1.0
80.0,597.0,2,1100.0,2.0,1.0,45.0,0.0,0.0,0.0,1.0
28.0,214.0,3,1365.0,2.0,1.0,34.13,0.0,0.0,1.0,0.0
35.0,1144.0,3,1484.0,3.0,2.0,79.19,0.0,0.0,0.0,1.0
80.0,573.0,3,1630.0,3.0,2.0,68.0,0.0,0.0,0.0,1.0
80.0,41.0,3,1451.0,2.0,2.0,52.43,0.0,0.0,1.0,0.0
80.0,1035.0,2,1330.0,2.0,1.0,107.0,0.0,0.0,0.0,1.0
80.0,662.0,3,2127.0,3.0,2.0,135.0,0.0,0.0,0.0,1.0
80.0,1248.0,5,875.0,5.0,3.0,120.0,0.0,0.0,0.0,1.0
80.0,1252.0,4,1260.0,4.0,2.0,65.0,0.0,0.0,1.0,0.0
27.0,304.0,3,1173.0,2.0,2.0,45.75,0.0,0.0,0.0,1.0
34.0,910.0,3,1445.0,2.0,1.0,56.0,0.0,0.0,0.0,1.0
80.0,1257.0,4,2250.0,4.0,1.0,400.0,0.0,0.0,0.0,1.0
32.0,573.0,3,1500.0,4.0,2.0,239.0,0.0,0.0,0.0,1.0
80.0,892.0,3,2336.5,3.0,0.0,115.89,0.0,0.0,0.0,1.0
80.0,1149.0,2,1197.0,2.0,1.0,47.88,0.0,0.0,0.0,1.0
80.0,1144.0,4,1200.0,4.0,1.0,225.0,0.0,0.0,0.0,1.0
80.0,116.0,5,3930.0,7.0,1.0,329.0,0.0,0.0,0.0,1.0
80.0,380.0,3,1450.0,3.0,3.0,62.4,0.0,0.0,0.0,1.0
80.0,473.0,2,1187.0,2.0,1.0,37.85,0.0,0.0,0.0,1.0
80.0,719.0,6,4000.0,6.0,3.0,850.0,0.0,0.0,0.0,1.0
34.0,1134.0,2,1050.0,2.0,2.0,41.0,0.0,0.0,1.0,0.0
80.0,829.0,3,1370.0,2.0,2.0,54.8,0.0,0.0,0.0,1.0
80.0,492.0,2,1036.0,2.0,2.0,39.37,1.0,0.0,0.0,0.0
80.0,1033.0,3,1275.0,3.0,2.0,41.2,1.0,0.0,0.0,0.0
80.0,1212.0,4,2010.0,3.0,2.0,115.0,1.0,0.0,0.0,0.0
80.0,986.0,2,1418.0,2.0,2.0,106.0,1.0,0.0,0.0,0.0
80.0,1144.0,2,1265.0,2.0,2.0,46.6,0.0,0.0,0.0,1.0
80.0,450.0,3,1576.0,3.0,2.0,58.0,0.0,0.0,1.0,0.0
80.0,1248.0,2,1148.0,2.0,1.0,56.0,0.0,0.0,0.0,1.0
26.0,799.0,2,1000.0,2.0,1.0,36.0,0.0,0.0,0.0,1.0
80.0,1044.0,3,1293.0,2.0,2.0,85.0,0.0,0.0,1.0,0.0
80.0,1087.0,3,1200.0,2.0,0.0,66.0,1.0,0.0,0.0,0.0
80.0,834.0,2,1210.0,2.0,3.0,75.0,0.0,0.0,1.0,0.0
34.0,968.0,2,1126.0,2.0,1.0,69.0,0.0,0.0,0.0,1.0
80.0,1248.0,3,1840.0,4.0,1.0,175.0,0.0,0.0,0.0,1.0
40.0,363.0,3,1440.0,2.0,0.0,70.0,0.0,0.0,0.0,1.0
80.0,1021.0,3,1300.0,2.0,2.0,52.0,0.0,0.0,1.0,0.0
80.0,1248.0,2,1276.0,2.0,2.0,75.0,0.0,0.0,0.0,1.0
80.0,29.0,6,600.0,4.0,2.0,105.0,1.0,0.0,0.0,0.0
80.0,302.0,2,1216.0,2.0,1.0,83.0,1.0,0.0,0.0,0.0
80.0,968.0,1,840.0,1.0,0.0,75.0,0.0,0.0,0.0,1.0
80.0,1063.0,5,1240.0,5.0,3.0,300.0,0.0,0.0,0.0,1.0
80.0,266.0,2,1126.0,2.0,2.0,39.0,0.0,0.0,0.0,1.0
80.0,1034.0,1,45.0,1.0,0.0,23.0,0.0,0.0,0.0,1.0
80.0,180.0,2,1162.0,2.0,0.0,65.0,0.0,0.0,0.0,1.0
80.0,214.0,2,1301.0,2.0,2.0,65.0,0.0,0.0,0.0,1.0
80.0,964.0,1,658.0,1.0,1.0,34.0,1.0,0.0,0.0,0.0
80.0,895.0,3,1350.0,3.0,1.0,250.0,0.0,0.0,0.0,1.0
80.0,358.0,3,2500.0,3.0,2.0,280.0,1.0,0.0,0.0,0.0
80.0,784.0,1,839.907117,1.0,1.0,63.0,0.0,0.0,0.0,1.0
80.0,65.0,3,1208.51,3.0,2.0,42.0,0.0,0.0,0.0,1.0
80.0,537.0,2,1133.0,2.0,2.0,38.41,1.0,0.0,0.0,0.0
80.0,604.0,3,1760.0,2.0,1.0,116.0,0.0,0.0,1.0,0.0
80.0,1155.0,3,1075.0,2.0,1.0,52.0,1.0,0.0,0.0,0.0
80.0,1164.0,2,940.0,2.0,1.0,25.38,0.0,0.0,0.0,1.0
80.0,582.0,2,1145.0,2.0,2.0,57.0,0.0,0.0,0.0,1.0
80.0,662.0,2,1302.5,2.0,0.0,67.73,0.0,0.0,0.0,1.0
54.0,180.0,4,3900.0,5.0,1.0,550.0,0.0,0.0,0.0,1.0
80.0,326.0,4,3317.5,5.0,0.0,268.5,0.0,0.0,1.0,0.0
80.0,783.0,2,1300.0,2.0,2.0,50.0,0.0,0.0,0.0,1.0
80.0,651.0,3,2475.0,4.0,3.0,326.0,0.0,0.0,1.0,0.0
80.0,230.0,3,2040.0,3.0,1.0,200.0,0.0,0.0,0.0,1.0
80.0,4.0,1,1200.0,1.0,0.0,150.0,0.0,0.0,0.0,1.0
80.0,743.0,4,2420.0,4.0,1.0,190.0,0.0,0.0,0.0,1.0
80.0,99.0,2,1216.0,2.0,1.0,80.0,0.0,0.0,0.0,1.0
80.0,688.0,3,1459.0,2.0,1.0,110.0,0.0,0.0,0.0,1.0
80.0,1035.0,3,1622.0,2.0,0.0,80.0,1.0,0.0,0.0,0.0
80.0,534.0,3,1843.0,3.0,2.0,85.0,0.0,0.0,1.0,0.0
40.0,587.0,2,1274.0,2.0,1.0,81.0,0.0,0.0,0.0,1.0
80.0,380.0,2,600.0,1.0,1.0,52.0,0.0,0.0,0.0,1.0
80.0,388.0,3,1430.0,2.0,1.0,69.5,0.0,0.0,0.0,1.0
80.0,140.0,4,1800.0,2.0,0.0,280.0,0.0,0.0,0.0,1.0
29.0,421.0,3,1565.0,2.0,2.0,57.91,1.0,0.0,0.0,0.0
63.0,1144.0,3,1670.0,3.0,2.0,160.0,1.0,0.0,0.0,0.0
80.0,686.0,3,1695.0,3.0,2.0,150.0,0.0,0.0,1.0,0.0
52.0,415.0,2,1410.0,2.0,2.0,75.0,0.0,0.0,0.0,1.0
27.0,557.0,2,1060.0,2.0,3.0,42.0,0.0,0.0,0.0,1.0
33.0,415.0,2,1120.0,2.0,2.0,50.0,0.0,0.0,0.0,1.0
80.0,266.0,2,880.0,2.0,0.0,50.0,0.0,0.0,0.0,1.0
80.0,547.0,2,1083.0,2.0,1.0,32.49,0.0,0.0,1.0,0.0
80.0,851.0,3,1435.0,3.0,3.0,57.2,0.0,0.0,0.0,1.0
28.0,1100.0,3,1425.0,2.0,2.0,56.99,0.0,0.0,0.0,1.0
80.0,771.0,2,900.0,2.0,3.0,50.0,0.0,0.0,0.0,1.0
80.0,982.0,5,2400.0,5.0,2.0,93.0,0.0,0.0,0.0,1.0
80.0,45.0,1,693.0,1.0,1.0,34.3,0.0,0.0,1.0,0.0
80.0,1035.0,3,600.0,3.0,1.0,90.0,1.0,0.0,0.0,0.0
80.0,668.0,4,2435.0,4.0,3.0,119.0,0.0,0.0,0.0,1.0
80.0,29.0,3,1920.0,3.0,2.0,150.0,0.0,0.0,1.0,0.0
31.0,507.0,1,630.0,1.0,1.0,47.0,0.0,0.0,0.0,1.0
80.0,60.0,3,1075.0,2.0,1.0,50.0,1.0,0.0,0.0,0.0
80.0,192.0,5,1200.0,5.0,0.0,101.0,1.0,0.0,0.0,0.0
80.0,275.0,1,705.0,1.0,1.0,55.0,1.0,0.0,0.0,0.0
80.0,70.0,3,1200.0,2.0,2.0,75.6,0.0,0.0,0.0,1.0
80.0,924.0,2,1532.0,2.0,2.0,62.0,0.0,0.0,0.0,1.0
34.0,1269.0,2,1330.0,2.0,1.0,93.0,0.0,0.0,1.0,0.0
34.0,417.0,4,1200.0,3.0,1.0,210.0,0.0,0.0,0.0,1.0
80.0,19.0,3,1530.0,2.0,2.0,60.0,0.0,0.0,1.0,0.0
80.0,1175.0,2,1105.0,2.0,2.0,42.0,0.0,0.0,0.0,1.0
27.0,417.0,2,1566.0,2.0,0.0,180.0,0.0,0.0,0.0,1.0
80.0,870.0,3,1630.0,3.0,1.0,95.1,0.0,0.0,0.0,1.0
80.0,537.0,2,1256.0,2.0,1.0,62.8,1.0,0.0,0.0,0.0
80.0,834.0,6,1200.0,6.0,2.0,180.0,1.0,0.0,0.0,0.0
80.0,504.0,3,1595.0,2.0,3.0,75.0,0.0,0.0,0.0,1.0
80.0,175.0,2,1000.0,2.0,2.0,53.0,0.0,0.0,0.0,1.0
40.0,127.0,3,1475.0,2.0,2.0,58.99,0.0,0.0,0.0,1.0
80.0,1248.0,5,2400.0,5.0,3.0,285.0,0.0,0.0,0.0,1.0
80.0,1044.0,2,1000.0,2.0,1.0,28.88,0.0,0.0,1.0,0.0
80.0,972.0,4,2360.0,4.0,1.0,650.0,1.0,0.0,0.0,0.0
80.0,507.0,3,1737.0,2.0,3.0,95.0,0.0,0.0,0.0,1.0
40.0,1144.0,2,1000.0,2.0,1.0,28.88,0.0,0.0,0.0,1.0
80.0,573.0,4,2100.0,4.0,2.0,150.0,1.0,0.0,0.0,0.0
80.0,476.0,8,3600.0,6.0,1.0,145.0,0.0,0.0,0.0,1.0
80.0,840.0,2,883.0,2.0,1.0,50.0,0.0,0.0,0.0,1.0
34.0,1190.0,2,1243.0,2.0,2.0,46.0,0.0,0.0,0.0,1.0
80.0,172.0,3,1776.0,2.0,3.0,75.0,0.0,0.0,1.0,0.0
80.0,415.0,3,1347.0,2.0,1.0,37.72,0.0,0.0,0.0,1.0
80.0,972.0,3,1330.0,2.0,2.0,55.0,0.0,0.0,0.0,1.0
80.0,972.0,2,600.0,2.0,1.0,120.0,0.0,0.0,0.0,1.0
39.0,1257.0,4,3730.0,4.0,3.0,370.0,0.0,0.0,0.0,1.0
34.0,1257.0,3,1459.0,3.0,2.0,135.0,0.0,0.0,0.0,1.0
80.0,797.0,4,2259.0,5.0,2.0,135.0,0.0,0.0,0.0,1.0
80.0,573.0,7,2700.0,4.0,1.0,160.0,0.0,0.0,0.0,1.0
80.0,453.0,2,1008.0,2.0,2.0,32.25,1.0,0.0,0.0,0.0
80.0,425.0,2,1200.0,2.0,2.0,52.5,0.0,0.0,1.0,0.0
52.0,610.0,4,2328.0,4.0,1.0,528.0,0.0,0.0,0.0,1.0
80.0,968.0,7,600.0,7.0,3.0,110.0,0.0,0.0,0.0,1.0
80.0,357.0,2,660.0,1.0,1.0,15.5,0.0,0.0,0.0,1.0
80.0,673.0,3,1800.0,2.0,2.0,250.0,0.0,0.0,0.0,1.0
80.0,214.0,4,3100.0,4.0,3.0,550.0,0.0,0.0,0.0,1.0
80.0,1144.0,2,1405.0,2.0,0.0,50.58,0.0,0.0,0.0,1.0
80.0,306.0,1,602.0,1.0,1.0,26.0,0.0,0.0,1.0,0.0
26.0,1035.0,3,1710.0,3.0,2.0,100.0,0.0,0.0,0.0,1.0
80.0,986.0,3,1500.0,2.0,3.0,82.0,1.0,0.0,0.0,0.0
80.0,56.0,3,1539.0,3.0,2.0,60.0,1.0,0.0,0.0,0.0
80.0,944.0,6,806.0,3.0,1.0,128.0,1.0,0.0,0.0,0.0
30.0,531.0,3,1100.0,2.0,1.0,53.0,0.0,0.0,1.0,0.0
80.0,504.0,2,1151.0,2.0,1.0,49.0,0.0,0.0,0.0,1.0
80.0,968.0,2,920.0,2.0,1.0,46.0,0.0,0.0,1.0,0.0
80.0,1035.0,3,1350.0,3.0,3.0,78.3,0.0,0.0,0.0,1.0
80.0,388.0,2,1200.0,2.0,2.0,65.0,0.0,0.0,0.0,1.0
80.0,1164.0,2,1265.0,2.0,1.0,78.0,0.0,0.0,0.0,1.0
80.0,662.0,8,600.0,6.0,2.0,60.0,0.0,0.0,0.0,1.0
80.0,300.0,3,1700.0,3.0,2.0,93.5,0.0,0.0,1.0,0.0
80.0,70.0,3,1600.0,3.0,0.0,75.0,0.0,0.0,0.0,1.0
80.0,394.0,4,1550.0,4.0,1.0,120.0,0.0,0.0,0.0,1.0
80.0,662.0,3,1560.0,3.0,3.0,125.0,0.0,0.0,0.0,1.0
80.0,426.0,6,1000.0,5.0,3.0,98.0,0.0,0.0,0.0,1.0
80.0,520.0,2,1243.0,2.0,2.0,46.0,0.0,0.0,0.0,1.0
80.0,173.0,4,1200.0,4.0,1.0,160.0,0.0,0.0,1.0,0.0
28.0,417.0,3,1403.0,3.0,1.0,56.0,1.0,0.0,0.0,0.0
56.0,1088.0,2,1010.0,2.0,1.0,40.39,0.0,0.0,0.0,1.0
80.0,537.0,3,1416.0,3.0,1.0,94.0,0.0,0.0,0.0,1.0
80.0,289.0,2,1628.0,2.0,2.0,68.0,0.0,0.0,0.0,1.0
80.0,637.0,4,1660.4,4.0,2.0,211.0,0.0,0.0,0.0,1.0
80.0,267.0,3,1680.0,3.0,2.0,125.0,1.0,0.0,0.0,0.0
80.0,1257.0,3,1595.0,3.0,3.0,62.0,0.0,0.0,0.0,1.0
80.0,1230.0,3,1507.0,2.0,3.0,95.0,0.0,0.0,0.0,1.0
80.0,420.0,3,2560.0,3.0,1.0,288.0,0.0,0.0,0.0,1.0
80.0,200.0,3,1949.0,3.0,1.0,133.0,0.0,0.0,1.0,0.0
80.0,972.0,2,800.0,2.0,1.0,175.0,0.0,0.0,0.0,1.0
80.0,464.0,2,1000.0,2.0,1.0,28.88,0.0,0.0,0.0,1.0
80.0,174.0,2,905.0,2.0,1.0,50.0,0.0,0.0,0.0,1.0
80.0,589.0,3,2480.0,3.0,2.0,245.0,0.0,0.0,0.0,1.0
80.0,1175.0,3,1495.0,3.0,1.0,200.0,0.0,0.0,0.0,1.0
80.0,1230.0,3,1605.0,3.0,3.0,105.0,0.0,0.0,1.0,0.0
80.0,1100.0,2,1290.0,2.0,1.0,73.0,0.0,0.0,0.0,1.0
34.0,457.0,2,1100.0,2.0,1.0,60.0,0.0,0.0,0.0,1.0
80.0,80.0,6,2100.0,6.0,0.0,92.0,0.0,0.0,0.0,1.0
80.0,487.0,2,995.0,2.0,1.0,49.8,1.0,0.0,0.0,0.0
33.0,504.0,2,500.0,2.0,1.0,55.0,0.0,0.0,0.0,1.0
80.0,1035.0,4,3526.0,4.0,3.0,598.0,0.0,0.0,0.0,1.0
80.0,968.0,3,1425.0,2.0,2.0,47.0,0.0,0.0,0.0,1.0
80.0,1248.0,3,1455.0,2.0,2.0,55.0,0.0,0.0,0.0,1.0
80.0,667.0,1,550.0,1.0,1.0,23.0,1.0,0.0,0.0,0.0
80.0,214.0,3,1385.0,2.0,2.0,48.48,0.0,0.0,0.0,1.0
80.0,457.0,4,7000.0,4.0,1.0,210.0,0.0,0.0,0.0,1.0
80.0,836.0,5,4000.0,3.0,0.0,130.0,0.0,0.0,0.0,1.0
80.0,1248.0,2,1060.0,2.0,1.0,53.0,0.0,0.0,0.0,1.0
80.0,139.0,3,1080.0,2.0,2.0,75.0,0.0,0.0,0.0,1.0
80.0,1248.0,3,1783.0,3.0,2.0,125.0,0.0,0.0,0.0,1.0
80.0,968.0,3,1520.0,2.0,2.0,90.0,0.0,0.0,0.0,1.0
80.0,968.0,2,1060.0,2.0,1.0,55.0,1.0,0.0,0.0,0.0
80.0,4.0,2,1267.0,2.0,1.0,54.35,0.0,0.0,0.0,1.0
33.0,75.0,2,1155.0,2.0,2.0,55.0,0.0,0.0,0.0,1.0
80.0,960.0,3,2500.0,3.0,2.0,180.0,0.0,0.0,0.0,1.0
80.0,96.0,2,1240.0,2.0,1.0,65.0,0.0,0.0,0.0,1.0
39.0,686.0,3,1570.0,3.0,2.0,78.0,0.0,0.0,0.0,1.0
80.0,72.0,2,1019.0,2.0,1.0,45.9,0.0,0.0,1.0,0.0
80.0,301.0,2,1355.0,3.0,3.0,76.0,1.0,0.0,0.0,0.0
80.0,1075.0,3,1537.0,3.0,2.0,110.0,0.0,0.0,0.0,1.0
80.0,350.0,4,4075.0,5.0,3.0,226.0,0.0,0.0,0.0,1.0
80.0,511.0,3,1550.0,3.0,3.0,52.45,0.0,0.0,0.0,1.0
80.0,528.0,2,1100.0,2.0,1.0,50.0,0.0,0.0,0.0,1.0
80.0,1034.0,3,1750.0,3.0,2.0,150.0,1.0,0.0,0.0,0.0
28.0,415.0,2,1466.0,2.0,2.0,71.0,1.0,0.0,0.0,0.0
80.0,532.0,3,1550.0,3.0,2.0,72.5,0.0,0.0,0.0,1.0
80.0,516.0,3,2300.0,4.0,3.0,102.0,0.0,0.0,0.0,1.0
80.0,765.0,1,540.0,1.0,1.0,22.5,0.0,0.0,0.0,1.0
80.0,1175.0,3,950.0,3.0,2.0,130.0,0.0,0.0,1.0,0.0
28.0,415.0,7,2800.0,7.0,1.0,250.0,1.0,0.0,0.0,0.0
26.0,628.0,2,1020.0,2.0,3.0,48.0,0.0,0.0,0.0,1.0
80.0,845.0,3,2880.0,3.0,2.0,501.0,0.0,0.0,0.0,1.0
80.0,802.0,3,1987.0,4.0,2.0,165.0,0.0,0.0,0.0,1.0
45.0,520.0,2,1305.0,2.0,1.0,75.0,0.0,0.0,0.0,1.0
70.0,1144.0,4,2100.0,3.0,1.0,125.0,0.0,0.0,0.0,1.0
80.0,1257.0,2,1125.0,2.0,1.0,32.5,0.0,0.0,0.0,1.0
80.0,770.0,2,1225.0,2.0,2.0,49.5,1.0,0.0,0.0,0.0
80.0,1149.0,2,1255.0,2.0,1.0,55.5,0.0,0.0,0.0,1.0
80.0,415.0,2,1191.0,2.0,1.0,90.0,0.0,0.0,0.0,1.0
80.0,1064.0,6,3600.0,6.0,2.0,303.0,1.0,0.0,0.0,0.0
80.0,1055.0,2,1165.0,2.0,1.0,33.64,1.0,0.0,0.0,0.0
80.0,569.0,2,865.0,2.0,1.0,35.11,1.0,0.0,0.0,0.0
80.0,802.0,3,1850.0,2.0,2.0,88.0,0.0,0.0,1.0,0.0
80.0,884.0,2,497.0,1.0,1.0,17.0,0.0,0.0,0.0,1.0
80.0,377.0,2,1232.0,2.0,2.0,89.0,1.0,0.0,0.0,0.0
80.0,1248.0,3,1732.0,3.0,3.0,85.73,0.0,0.0,0.0,1.0
80.0,755.0,3,1614.0,2.0,1.0,100.0,0.0,0.0,0.0,1.0
29.0,214.0,2,600.0,1.0,1.0,22.0,0.0,0.0,0.0,1.0
80.0,108.0,3,2072.0,4.0,2.0,155.0,0.0,0.0,0.0,1.0
27.0,1167.0,2,919.0,2.0,2.0,34.0,0.0,0.0,0.0,1.0
80.0,910.0,4,2100.0,4.0,1.0,90.0,0.0,0.0,0.0,1.0
40.0,582.0,4,672.0,3.0,1.0,54.0,0.0,0.0,0.0,1.0
45.0,797.0,8,800.0,6.0,3.0,110.0,0.0,0.0,0.0,1.0
80.0,507.0,3,1200.0,3.0,1.0,150.0,0.0,0.0,0.0,1.0
80.0,652.0,4,2849.0,5.0,1.0,250.0,0.0,0.0,1.0,0.0
80.0,960.0,2,1000.0,2.0,2.0,42.0,0.0,0.0,0.0,1.0
80.0,878.0,2,1216.0,2.0,1.0,75.0,0.0,0.0,1.0,0.0
80.0,968.0,4,2245.0,4.0,2.0,154.0,0.0,0.0,0.0,1.0
34.0,1257.0,3,1476.0,3.0,1.0,125.0,0.0,0.0,0.0,1.0
80.0,1187.0,3,1852.0,3.0,2.0,130.0,0.0,0.0,0.0,1.0
80.0,27.0,2,1225.0,2.0,2.0,47.0,0.0,0.0,1.0,0.0
80.0,491.0,3,1597.0,3.0,1.0,67.12,0.0,0.0,1.0,0.0
80.0,234.0,3,2423.0,4.0,3.0,160.0,0.0,0.0,0.0,1.0
29.0,483.0,2,1152.0,2.0,1.0,90.0,1.0,0.0,0.0,0.0
31.0,417.0,3,1762.0,3.0,2.0,133.0,1.0,0.0,0.0,0.0
80.0,267.0,3,1400.0,3.0,2.0,92.0,0.0,0.0,0.0,1.0
80.0,75.0,3,1530.0,2.0,2.0,74.4,1.0,0.0,0.0,0.0
80.0,777.0,6,2400.0,6.0,3.0,400.0,0.0,0.0,0.0,1.0
80.0,1033.0,2,1185.0,2.0,2.0,40.17,0.0,0.0,0.0,1.0
80.0,228.0,3,1890.0,3.0,2.0,108.0,0.0,0.0,0.0,1.0
80.0,627.0,3,1247.0,2.0,2.0,58.0,0.0,0.0,0.0,1.0
80.0,438.0,8,700.0,4.0,1.0,104.0,0.0,0.0,1.0,0.0
80.0,1175.0,6,1000.0,6.0,3.0,275.0,0.0,0.0,1.0,0.0
80.0,420.0,2,1201.0,2.0,2.0,59.99,1.0,0.0,0.0,0.0
80.0,1248.0,2,830.0,2.0,2.0,40.0,1.0,0.0,0.0,0.0
80.0,1231.0,2,1165.0,2.0,1.0,30.29,0.0,0.0,0.0,1.0
80.0,351.0,2,1100.0,1.0,2.0,55.0,1.0,0.0,0.0,0.0
77.0,582.0,3,1890.0,2.0,1.0,93.0,0.0,0.0,0.0,1.0
80.0,656.0,3,1685.0,3.0,2.0,60.0,0.0,0.0,1.0,0.0
80.0,1260.0,4,3131.0,4.0,3.0,349.0,0.0,0.0,0.0,1.0
80.0,240.0,2,1165.0,2.0,1.0,43.0,0.0,0.0,0.0,1.0
80.0,968.0,2,827.0,2.0,1.0,45.0,0.0,0.0,0.0,1.0
30.0,1190.0,3,396.0,2.0,0.0,48.0,0.0,0.0,0.0,1.0
32.0,268.0,4,1200.0,4.0,3.0,179.0,0.0,0.0,0.0,1.0
80.0,1144.0,1,635.0,1.0,0.0,26.0,0.0,0.0,0.0,1.0
27.0,1137.0,4,4000.0,4.0,3.0,380.0,0.0,0.0,0.0,1.0
80.0,221.0,2,1050.0,2.0,1.0,50.0,0.0,0.0,1.0,0.0
80.0,35.0,5,600.0,4.0,3.0,76.0,0.0,0.0,1.0,0.0
80.0,158.0,3,1819.18,3.0,2.0,168.0,0.0,0.0,0.0,1.0
80.0,504.0,3,1500.0,3.0,3.0,125.0,1.0,0.0,0.0,0.0
80.0,533.0,3,1500.0,2.0,2.0,57.0,1.0,0.0,0.0,0.0
80.0,234.0,3,2850.0,4.0,3.0,470.0,0.0,0.0,0.0,1.0
80.0,1023.0,3,1751.0,3.0,3.0,72.0,0.0,0.0,0.0,1.0
80.0,786.0,4,4750.0,6.0,1.0,1102.0,0.0,0.0,0.0,1.0
80.0,986.0,2,1020.0,2.0,1.0,40.89,1.0,0.0,0.0,0.0
80.0,70.0,2,1148.0,2.0,1.0,43.5,0.0,0.0,0.0,1.0
80.0,1170.0,3,1856.0,3.0,2.0,135.0,0.0,0.0,1.0,0.0
27.0,703.0,6,1754.0,6.0,2.0,650.0,0.0,0.0,0.0,1.0
80.0,389.0,3,4273.0,3.0,1.0,1100.0,0.0,0.0,0.0,1.0
80.0,1175.0,2,1060.0,2.0,1.0,49.27,1.0,0.0,0.0,0.0
80.0,668.0,2,1300.0,2.0,2.0,60.0,0.0,0.0,0.0,1.0
80.0,1021.0,4,3000.0,4.0,0.0,100.0,0.0,0.0,0.0,1.0
80.0,175.0,2,1325.0,2.0,2.0,65.0,0.0,0.0,0.0,1.0
80.0,1152.0,2,1261.0,2.0,2.0,61.0,0.0,0.0,1.0,0.0
80.0,179.0,2,1100.0,2.0,2.0,46.0,1.0,0.0,0.0,0.0
80.0,547.0,2,700.0,2.0,1.0,33.0,0.0,0.0,0.0,1.0
80.0,214.0,3,1675.0,2.0,2.0,135.0,0.0,0.0,1.0,0.0
80.0,96.0,4,3400.0,4.0,2.0,190.0,0.0,0.0,0.0,1.0
80.0,1257.0,4,3260.0,5.0,3.0,388.0,0.0,0.0,0.0,1.0
80.0,604.0,2,1180.0,2.0,2.0,56.0,0.0,0.0,0.0,1.0
80.0,1035.0,2,1160.0,2.0,2.0,45.0,0.0,0.0,0.0,1.0
80.0,581.0,4,1863.0,3.0,2.0,105.0,0.0,0.0,0.0,1.0
80.0,167.0,3,1914.0,3.0,2.0,149.0,0.0,0.0,0.0,1.0
80.0,737.0,3,1458.0,3.0,2.0,79.0,0.0,0.0,1.0,0.0
80.0,214.0,5,1200.0,4.0,2.0,115.0,1.0,0.0,0.0,0.0
80.0,1035.0,2,1105.0,2.0,1.0,40.0,0.0,0.0,0.0,1.0
80.0,1111.0,3,3035.0,5.0,3.0,220.0,0.0,0.0,0.0,1.0
80.0,426.0,6,1200.0,6.0,3.0,160.0,1.0,0.0,0.0,0.0
80.0,70.0,3,1662.0,3.0,1.0,90.0,0.0,0.0,0.0,1.0
80.0,72.0,3,1556.0,3.0,2.0,86.0,0.0,0.0,0.0,1.0
19.0,304.0,2,918.0,2.0,2.0,50.0,0.0,0.0,0.0,1.0
73.0,214.0,3,1455.0,2.0,1.0,98.0,0.0,0.0,0.0,1.0
80.0,686.0,2,1205.0,2.0,1.0,70.0,0.0,0.0,1.0,0.0
80.0,548.0,2,1194.0,2.0,1.0,65.0,0.0,0.0,1.0,0.0
26.0,533.0,2,1200.0,2.0,0.0,75.0,0.0,0.0,0.0,1.0
80.0,116.0,3,1100.0,2.0,2.0,52.0,1.0,0.0,0.0,0.0
80.0,797.0,3,1405.0,3.0,2.0,48.87,0.0,0.0,0.0,1.0
80.0,845.0,2,929.0,2.0,1.0,56.0,0.0,0.0,0.0,1.0
26.0,578.0,4,3436.0,5.0,1.0,341.0,0.0,0.0,0.0,1.0
24.0,983.0,2,1035.0,2.0,1.0,39.33,0.0,0.0,0.0,1.0
80.0,881.0,4,2100.0,4.0,3.0,92.0,0.0,0.0,0.0,1.0
80.0,464.0,2,1065.0,2.0,1.0,40.47,0.0,0.0,0.0,1.0
26.0,363.0,3,1532.5,3.0,0.0,84.29,0.0,0.0,0.0,1.0
30.0,267.0,6,1500.0,6.0,3.0,150.0,0.0,0.0,0.0,1.0
80.0,1248.0,5,1200.0,5.0,2.0,99.0,0.0,0.0,0.0,1.0
80.0,797.0,2,1093.0,2.0,1.0,32.78,0.0,0.0,0.0,1.0
80.0,1257.0,2,1250.0,2.0,2.0,45.0,0.0,0.0,0.0,1.0
80.0,547.0,3,1680.0,3.0,3.0,105.0,0.0,0.0,0.0,1.0
80.0,1257.0,2,1146.0,2.0,1.0,50.0,0.0,0.0,0.0,1.0
80.0,834.0,2,1250.0,2.0,3.0,58.0,0.0,0.0,0.0,1.0
80.0,740.0,3,1451.0,3.0,1.0,60.44,0.0,0.0,1.0,0.0
80.0,718.0,3,1424.0,2.0,3.0,55.0,0.0,0.0,0.0,1.0
33.0,732.0,3,1435.0,2.0,3.0,62.0,0.0,0.0,1.0,0.0
80.0,262.0,1,658.0,1.0,0.0,26.91,1.0,0.0,0.0,0.0
80.0,302.0,3,1300.0,3.0,2.0,45.0,0.0,0.0,0.0,1.0
80.0,845.0,2,1242.0,2.0,2.0,65.0,0.0,0.0,0.0,1.0
26.0,633.0,3,1910.0,3.0,3.0,119.0,0.0,0.0,0.0,1.0
51.0,960.0,3,1610.0,4.0,2.0,85.0,0.0,0.0,0.0,1.0
80.0,417.0,2,1127.0,2.0,1.0,65.0,1.0,0.0,0.0,0.0
80.0,1101.0,3,1075.0,2.0,1.0,42.0,1.0,0.0,0.0,0.0
34.0,268.0,2,1155.0,2.0,1.0,51.0,0.0,0.0,0.0,1.0
80.0,1035.0,5,1280.0,3.0,1.0,250.0,1.0,0.0,0.0,0.0
80.0,415.0,3,1250.0,3.0,1.0,55.0,0.0,0.0,0.0,1.0
80.0,777.0,3,2200.0,4.0,2.0,160.0,0.0,0.0,0.0,1.0
80.0,662.0,3,2400.0,3.0,1.0,150.0,0.0,0.0,0.0,1.0
80.0,644.0,2,876.0,2.0,2.0,29.5,0.0,0.0,0.0,1.0
80.0,487.0,3,1850.0,2.0,2.0,89.0,0.0,0.0,0.0,1.0
80.0,678.0,2,1314.0,2.0,3.0,83.0,0.0,0.0,0.0,1.0
80.0,983.0,1,690.0,1.0,1.0,39.8,1.0,0.0,0.0,0.0
80.0,834.0,4,3550.0,2.0,1.0,167.5,0.0,0.0,0.0,1.0
80.0,311.0,2,1230.0,2.0,3.0,55.0,1.0,0.0,0.0,0.0
80.0,1248.0,2,920.0,2.0,1.0,37.2,0.0,0.0,0.0,1.0
40.0,1144.0,3,1850.0,3.0,3.0,140.0,0.0,0.0,0.0,1.0
80.0,1033.0,2,1073.0,2.0,2.0,60.0,0.0,0.0,1.0,0.0
80.0,1128.0,3,1540.0,3.0,3.0,76.0,0.0,0.0,1.0,0.0
80.0,1248.0,3,1550.0,3.0,3.0,63.5,0.0,0.0,0.0,1.0
33.0,37.0,2,1198.0,2.0,1.0,65.0,0.0,0.0,1.0,0.0
28.0,1248.0,3,1656.0,3.0,2.0,90.0,0.0,0.0,0.0,1.0
31.0,542.0,3,1900.0,3.0,3.0,155.0,0.0,0.0,0.0,1.0
80.0,417.0,3,1910.0,3.0,2.0,142.0,0.0,0.0,0.0,1.0
31.0,250.0,2,1003.0,2.0,1.0,43.0,0.0,0.0,0.0,1.0
28.0,1248.0,2,1098.0,2.0,0.0,48.0,0.0,0.0,1.0,0.0
80.0,572.0,3,1495.0,2.0,1.0,67.0,0.0,0.0,0.0,1.0
80.0,372.0,3,2172.0,3.0,2.0,76.02,0.0,0.0,0.0,1.0
80.0,430.0,4,2400.0,4.0,2.0,358.0,0.0,0.0,1.0,0.0
80.0,433.0,2,1200.0,1.0,2.0,95.0,0.0,0.0,1.0,0.0
80.0,520.0,3,1548.0,3.0,1.0,65.0,0.0,0.0,0.0,1.0
34.0,71.0,7,5400.0,5.0,1.0,972.0,0.0,0.0,0.0,1.0
27.0,1248.0,4,2856.0,5.0,0.0,154.5,0.0,0.0,1.0,0.0
80.0,1050.0,3,1689.0,3.0,1.0,103.0,0.0,0.0,0.0,1.0
26.0,415.0,2,1031.0,2.0,1.0,53.0,0.0,0.0,0.0,1.0
80.0,884.0,4,2119.0,4.0,2.0,111.0,1.0,0.0,0.0,0.0
28.0,504.0,2,1200.0,2.0,2.0,46.13,0.0,0.0,0.0,1.0
26.0,1035.0,2,1060.0,2.0,2.0,37.0,0.0,0.0,0.0,1.0
80.0,81.0,2,1100.0,2.0,1.0,61.0,0.0,0.0,1.0,0.0
80.0,472.0,4,1350.0,4.0,2.0,225.0,0.0,0.0,0.0,1.0
80.0,84.0,5,1050.0,4.0,1.0,80.0,0.0,0.0,1.0,0.0
80.0,773.0,3,1250.0,2.0,1.0,77.88,0.0,0.0,1.0,0.0
80.0,892.0,2,1100.0,2.0,2.0,110.0,0.0,0.0,0.0,1.0
80.0,606.0,2,1200.0,2.0,1.0,46.13,0.0,0.0,1.0,0.0
80.0,1035.0,3,1420.0,2.0,2.0,46.0,0.0,0.0,0.0,1.0
80.0,72.0,3,1500.0,2.0,1.0,78.0,0.0,0.0,0.0,1.0
80.0,1035.0,3,1942.0,3.0,1.0,155.0,1.0,0.0,0.0,0.0
80.0,668.0,3,1985.0,3.0,2.0,130.0,1.0,0.0,0.0,0.0
80.0,1144.0,1,950.0,1.0,0.0,39.9,0.0,0.0,0.0,1.0
80.0,573.0,3,1200.0,4.0,2.0,80.0,1.0,0.0,0.0,0.0
80.0,771.0,3,1752.0,3.0,2.0,105.0,0.0,0.0,0.0,1.0
20.0,415.0,4,1200.0,3.0,2.0,120.0,0.0,0.0,0.0,1.0
80.0,542.0,5,1200.0,5.0,1.0,200.0,1.0,0.0,0.0,0.0
26.0,1175.0,3,1480.0,2.0,2.0,84.0,0.0,0.0,0.0,1.0
80.0,1290.0,3,600.0,4.0,1.0,81.0,0.0,0.0,0.0,1.0
80.0,1230.0,3,1826.0,3.0,2.0,130.0,0.0,0.0,1.0,0.0
80.0,1188.0,2,1035.0,2.0,1.0,39.33,1.0,0.0,0.0,0.0
40.0,186.0,4,2600.0,4.0,1.0,98.0,0.0,0.0,0.0,1.0
40.0,417.0,3,1667.0,3.0,2.0,92.0,0.0,0.0,0.0,1.0
80.0,1248.0,2,934.0,2.0,2.0,55.0,0.0,0.0,0.0,1.0
80.0,1178.0,3,909.872467,3.0,1.0,69.34,0.0,0.0,0.0,1.0
80.0,1149.0,3,1620.0,2.0,1.0,76.0,0.0,0.0,0.0,1.0
80.0,635.0,2,1070.0,2.0,1.0,47.0,1.0,0.0,0.0,0.0
80.0,175.0,5,3600.0,5.0,3.0,180.0,1.0,0.0,0.0,0.0
26.0,582.0,3,1280.0,2.0,2.0,60.0,0.0,0.0,0.0,1.0
80.0,1134.0,2,1400.0,2.0,2.0,60.0,0.0,0.0,1.0,0.0
80.0,1263.0,7,1200.0,8.0,1.0,180.0,0.0,0.0,0.0,1.0
80.0,275.0,2,1330.0,2.0,1.0,64.0,1.0,0.0,0.0,0.0
80.0,582.0,2,1012.0,2.0,1.0,54.59,0.0,0.0,0.0,1.0
80.0,770.0,3,1611.0,2.0,2.0,48.33,0.0,0.0,0.0,1.0
80.0,1155.0,3,1405.0,3.0,2.0,58.0,0.0,0.0,0.0,1.0
80.0,290.0,3,1515.0,3.0,3.0,90.0,0.0,0.0,0.0,1.0
80.0,626.0,3,1830.0,4.0,2.0,150.0,0.0,0.0,0.0,1.0
28.0,1050.0,3,1710.0,3.0,0.0,60.0,0.0,0.0,0.0,1.0
80.0,1257.0,2,935.0,2.0,1.0,51.5,1.0,0.0,0.0,0.0
80.0,317.0,3,2197.0,3.0,2.0,136.0,0.0,0.0,0.0,1.0
37.0,302.0,4,600.0,4.0,0.0,65.0,0.0,0.0,0.0,1.0
80.0,1144.0,3,1678.0,3.0,1.0,92.13,0.0,0.0,0.0,1.0
34.0,420.0,3,1410.0,2.0,0.0,80.0,0.0,0.0,0.0,1.0
28.0,1248.0,2,1125.0,2.0,2.0,65.0,0.0,0.0,0.0,1.0
80.0,1248.0,3,1191.0,2.0,1.0,55.38,0.0,0.0,0.0,1.0
80.0,624.0,2,1200.0,2.0,2.0,79.0,0.0,0.0,1.0,0.0
80.0,729.0,3,1525.0,2.0,3.0,67.0,0.0,0.0,1.0,0.0
80.0,986.0,3,1464.0,3.0,3.0,56.0,0.0,0.0,1.0,0.0
80.0,1258.0,2,920.0,2.0,1.0,27.0,0.0,0.0,0.0,1.0
80.0,269.0,1,651.0,1.0,1.0,17.5,0.0,0.0,0.0,1.0
80.0,1175.0,2,600.0,1.0,2.0,25.0,1.0,0.0,0.0,0.0
80.0,106.0,1,645.0,1.0,1.0,16.45,1.0,0.0,0.0,0.0
34.0,624.0,2,1185.0,2.0,2.0,44.0,0.0,0.0,0.0,1.0
80.0,474.0,2,1190.0,2.0,1.0,68.0,0.0,0.0,0.0,1.0
80.0,537.0,4,2856.0,5.0,0.0,158.5,1.0,0.0,0.0,0.0
80.0,72.0,2,1355.0,2.0,3.0,73.0,0.0,0.0,0.0,1.0
80.0,1050.0,2,1200.0,1.0,0.0,65.0,0.0,0.0,1.0,0.0
80.0,275.0,4,7000.0,4.0,3.0,550.0,1.0,0.0,0.0,0.0
34.0,784.0,6,1200.0,4.0,1.0,110.0,0.0,0.0,1.0,0.0
80.0,1212.0,1,500.0,2.0,1.0,24.0,0.0,0.0,0.0,1.0
80.0,1111.0,3,1250.0,3.0,3.0,50.0,0.0,0.0,0.0,1.0
80.0,968.0,3,1480.0,2.0,1.0,58.0,0.0,0.0,0.0,1.0
80.0,1004.0,4,3300.0,4.0,2.0,329.0,0.0,0.0,1.0,0.0
80.0,639.0,3,1583.0,2.0,1.0,70.445,0.0,0.0,0.0,1.0
80.0,1257.0,2,1206.0,2.0,1.0,53.0,0.0,0.0,0.0,1.0
22.0,986.0,2,1357.0,2.0,1.0,130.0,0.0,0.0,0.0,1.0
31.0,250.0,2,925.0,2.0,1.0,46.5,0.0,0.0,0.0,1.0
28.0,1248.0,2,909.0,2.0,1.0,40.9,0.0,0.0,0.0,1.0
80.0,1212.0,3,3000.0,5.0,2.0,335.0,0.0,0.0,1.0,0.0
80.0,729.0,2,1100.0,2.0,1.0,55.0,0.0,0.0,0.0,1.0
80.0,1105.0,4,3000.0,5.0,2.0,815.0,1.0,0.0,0.0,0.0
80.0,532.0,2,1100.0,2.0,1.0,54.0,0.0,0.0,0.0,1.0
80.0,200.0,2,975.0,2.0,1.0,65.0,0.0,0.0,1.0,0.0
27.0,1202.0,2,1306.0,2.0,2.0,44.17,0.0,0.0,0.0,1.0
80.0,29.0,4,1200.0,4.0,1.0,95.0,1.0,0.0,0.0,0.0
80.0,520.0,1,610.0,1.0,1.0,39.0,0.0,0.0,0.0,1.0
80.0,995.0,3,1484.0,2.0,2.0,56.4,0.0,0.0,0.0,1.0
28.0,483.0,2,1125.0,2.0,1.0,47.0,0.0,0.0,0.0,1.0
80.0,1035.0,2,1447.0,2.0,1.0,75.97,0.0,0.0,0.0,1.0
80.0,489.0,4,2882.0,5.0,1.0,158.0,0.0,0.0,0.0,1.0
33.0,656.0,4,750.0,4.0,0.0,88.0,1.0,0.0,0.0,0.0
40.0,1248.0,3,2075.0,3.0,1.0,115.0,0.0,0.0,0.0,1.0
80.0,797.0,2,1250.0,2.0,1.0,58.0,0.0,0.0,0.0,1.0
80.0,324.0,2,1272.0,2.0,2.0,51.5,0.0,0.0,0.0,1.0
63.0,611.0,4,1050.0,3.0,2.0,125.0,1.0,0.0,0.0,0.0
80.0,731.0,2,625.0,2.0,1.0,24.0,1.0,0.0,0.0,0.0
80.0,533.0,1,840.0,2.0,2.0,50.0,0.0,0.0,0.0,1.0
80.0,420.0,4,2502.0,4.0,2.0,180.0,0.0,0.0,0.0,1.0
80.0,537.0,1,583.0,1.0,1.0,26.9,0.0,0.0,0.0,1.0
34.0,1232.0,2,900.0,2.0,1.0,27.0,0.0,0.0,0.0,1.0
80.0,635.0,2,1115.0,2.0,2.0,50.0,1.0,0.0,0.0,0.0
80.0,202.0,2,1464.0,2.0,2.0,56.0,0.0,0.0,0.0,1.0
42.0,70.0,3,2200.0,3.0,1.0,121.0,0.0,0.0,0.0,1.0
80.0,729.0,1,750.0,1.0,1.0,51.0,0.0,0.0,0.0,1.0
52.0,1248.0,3,1600.0,3.0,3.0,58.0,0.0,0.0,0.0,1.0
80.0,395.0,3,1365.0,2.0,2.0,49.0,0.0,0.0,0.0,1.0
80.0,826.0,3,1300.0,3.0,2.0,64.0,1.0,0.0,0.0,0.0
80.0,671.0,1,1200.0,1.0,0.0,69.0,0.0,0.0,0.0,1.0
80.0,514.0,2,1260.0,2.0,2.0,35.0,0.0,0.0,1.0,0.0
80.0,214.0,2,1190.0,2.0,2.0,33.92,1.0,0.0,0.0,0.0
80.0,714.0,3,2480.0,4.0,1.0,260.0,0.0,0.0,1.0,0.0
80.0,935.0,3,1250.0,3.0,2.0,38.0,0.0,0.0,1.0,0.0
80.0,504.0,3,1500.0,3.0,0.0,75.0,0.0,0.0,0.0,1.0
80.0,60.0,3,1510.0,3.0,3.0,47.57,0.0,0.0,0.0,1.0
27.0,417.0,2,1187.0,2.0,1.0,59.0,1.0,0.0,0.0,0.0
80.0,1114.0,2,1120.0,2.0,1.0,53.76,1.0,0.0,0.0,0.0
80.0,234.0,2,1115.0,2.0,0.0,34.555,0.0,0.0,0.0,1.0
80.0,415.0,3,1717.0,3.0,3.0,99.0,0.0,0.0,0.0,1.0
80.0,635.0,3,2099.0,3.0,1.0,95.0,0.0,1.0,0.0,0.0
80.0,119.0,2,1100.0,2.0,2.0,58.0,0.0,0.0,1.0,0.0
80.0,834.0,1,1200.0,1.0,0.0,48.0,0.0,0.0,0.0,1.0
80.0,743.0,3,1465.0,2.0,1.0,45.87,0.0,0.0,0.0,1.0
80.0,1248.0,1,1500.0,1.0,0.0,75.0,0.0,0.0,0.0,1.0
80.0,302.0,5,4050.0,4.0,1.0,600.0,0.0,0.0,0.0,1.0
80.0,512.0,3,1255.0,2.0,1.0,90.0,0.0,0.0,0.0,1.0
80.0,192.0,2,1220.0,2.0,3.0,88.0,1.0,0.0,0.0,0.0
80.0,284.0,2,1065.0,2.0,1.0,30.88,0.0,0.0,1.0,0.0
80.0,686.0,3,1765.0,3.0,3.0,80.0,0.0,0.0,0.0,1.0
80.0,1186.0,2,1281.0,2.0,2.0,87.0,1.0,0.0,0.0,0.0
80.0,844.0,2,1210.0,2.0,2.0,25.0,1.0,0.0,0.0,0.0
80.0,1144.0,2,1215.0,2.0,3.0,43.0,0.0,0.0,0.0,1.0
80.0,1178.0,4,1200.0,3.0,1.0,87.0,0.0,0.0,0.0,1.0
80.0,192.0,2,1237.0,2.0,2.0,73.0,0.0,0.0,0.0,1.0
31.0,417.0,2,1300.0,2.0,1.0,70.0,1.0,0.0,0.0,0.0
80.0,995.0,2,1105.0,2.0,2.0,39.99,0.0,0.0,0.0,1.0
80.0,414.0,3,1505.0,2.0,2.0,42.0,0.0,0.0,0.0,1.0
63.0,611.0,4,3900.0,5.0,1.0,310.0,1.0,0.0,0.0,0.0
40.0,571.0,2,1186.0,2.0,3.0,65.0,0.0,0.0,0.0,1.0
80.0,656.0,4,900.0,3.0,1.0,51.0,1.0,0.0,0.0,0.0
37.0,270.0,2,750.0,2.0,1.0,35.5,0.0,0.0,1.0,0.0
80.0,451.0,2,1083.0,2.0,2.0,28.0,0.0,0.0,1.0,0.0
79.0,1248.0,3,1430.0,2.0,1.0,78.65,0.0,0.0,1.0,0.0
40.0,1257.0,2,1056.0,2.0,2.0,68.0,0.0,0.0,0.0,1.0
64.0,1137.0,3,2108.0,3.0,3.0,85.0,0.0,0.0,0.0,1.0
80.0,892.0,3,1650.0,3.0,2.0,101.0,0.0,0.0,0.0,1.0
80.0,24.0,3,1220.0,3.0,1.0,36.6,1.0,0.0,0.0,0.0
80.0,573.0,2,1198.0,2.0,1.0,54.0,1.0,0.0,0.0,0.0
80.0,415.0,2,1190.0,2.0,1.0,70.0,0.0,0.0,0.0,1.0
80.0,1175.0,2,900.0,2.0,1.0,41.0,0.0,0.0,0.0,1.0
40.0,1248.0,4,2690.0,4.0,2.0,185.0,0.0,0.0,0.0,1.0
7.0,1037.0,2,1340.0,2.0,2.0,65.0,0.0,0.0,1.0,0.0
80.0,1257.0,4,2940.0,3.0,2.0,2250.0,1.0,0.0,0.0,0.0
80.0,1034.0,6,2400.0,6.0,1.0,400.0,0.0,0.0,0.0,1.0
26.0,533.0,2,2324.0,2.0,1.0,26.73,0.0,0.0,0.0,1.0
80.0,937.0,2,1260.0,2.0,2.0,59.2,1.0,0.0,0.0,0.0
80.0,262.0,3,2254.0,3.0,2.0,153.0,0.0,0.0,0.0,1.0
16.0,1257.0,3,2990.0,5.0,1.0,210.0,0.0,0.0,0.0,1.0
80.0,542.0,4,1800.0,5.0,1.0,250.0,0.0,0.0,0.0,1.0
40.0,395.0,2,820.0,2.0,1.0,45.0,0.0,0.0,0.0,1.0
80.0,677.0,2,1296.0,2.0,2.0,65.0,0.0,0.0,0.0,1.0
80.0,504.0,2,1190.0,2.0,1.0,53.55,0.0,0.0,0.0,1.0
28.0,1248.0,2,1173.0,2.0,1.0,77.0,0.0,0.0,1.0,0.0
80.0,716.0,3,1800.0,3.0,2.0,90.0,0.0,0.0,1.0,0.0
80.0,113.0,2,1102.0,2.0,0.0,52.0,1.0,0.0,0.0,0.0
80.0,107.0,2,913.0,2.0,1.0,36.0,0.0,0.0,0.0,1.0
80.0,124.0,3,1176.0,2.0,1.0,35.27,0.0,0.0,1.0,0.0
80.0,459.0,3,1620.0,3.0,1.0,65.0,1.0,0.0,0.0,0.0
80.0,729.0,3,2968.0,3.0,1.0,225.0,0.0,0.0,0.0,1.0
80.0,745.0,2,1519.0,2.0,3.0,65.0,0.0,0.0,1.0,0.0
80.0,694.0,2,1345.0,2.0,2.0,106.0,0.0,0.0,1.0,0.0
80.0,527.0,3,1594.0,3.0,2.0,99.0,1.0,0.0,0.0,0.0
80.0,972.0,2,1250.0,2.0,1.0,68.0,1.0,0.0,0.0,0.0
80.0,986.0,2,1056.0,2.0,1.0,60.0,0.0,0.0,0.0,1.0
80.0,755.0,3,1200.0,3.0,1.0,68.4,0.0,0.0,0.0,1.0
80.0,507.0,2,1290.0,1.0,0.0,77.5,0.0,0.0,0.0,1.0
80.0,166.0,2,1150.0,2.0,1.0,48.0,0.0,0.0,1.0,0.0
80.0,1213.0,2,1464.0,2.0,1.0,145.0,0.0,0.0,0.0,1.0
80.0,1238.0,4,1200.0,2.0,1.0,36.0,0.0,0.0,0.0,1.0
80.0,356.0,2,861.0,2.0,0.0,36.5,0.0,0.0,0.0,1.0
80.0,380.0,2,1047.0,2.0,1.0,82.62,1.0,0.0,0.0,0.0
80.0,1186.0,2,1200.0,2.0,0.0,75.0,0.0,0.0,0.0,1.0
80.0,384.0,10,1200.0,10.0,1.0,190.0,0.0,0.0,0.0,1.0
80.0,192.0,2,1065.0,2.0,1.0,45.0,1.0,0.0,0.0,0.0
34.0,29.0,3,2300.0,3.0,3.0,369.0,0.0,0.0,0.0,1.0
51.0,230.0,2,1000.0,2.0,1.0,62.0,0.0,0.0,0.0,1.0
33.0,1248.0,3,1682.0,3.0,1.0,113.0,0.0,0.0,0.0,1.0
80.0,561.0,3,1756.0,3.0,2.0,131.0,0.0,0.0,0.0,1.0
80.0,995.0,5,4000.0,4.0,2.0,1000.0,0.0,0.0,0.0,1.0
80.0,959.0,4,1050.0,4.0,2.0,90.0,1.0,0.0,0.0,0.0
27.0,635.0,2,1238.0,2.0,1.0,67.32,0.0,0.0,0.0,1.0
80.0,420.0,2,814.0,2.0,1.0,42.0,0.0,0.0,0.0,1.0
80.0,972.0,2,1145.0,2.0,1.0,46.5,0.0,0.0,0.0,1.0
27.0,1144.0,2,965.0,2.0,1.0,34.0,1.0,0.0,0.0,0.0
80.0,968.0,2,750.0,2.0,1.0,36.0,0.0,0.0,0.0,1.0
33.0,1257.0,3,1300.0,2.0,2.0,55.0,0.0,0.0,0.0,1.0
72.0,75.0,3,1590.0,3.0,3.0,131.0,0.0,0.0,0.0,1.0
80.0,1070.0,1,644.0,1.0,1.0,40.0,1.0,0.0,0.0,0.0
80.0,1248.0,2,982.0,2.0,1.0,37.0,0.0,0.0,0.0,1.0
80.0,290.0,2,1260.0,2.0,2.0,100.0,0.0,0.0,0.0,1.0
32.0,302.0,3,1555.0,3.0,2.0,75.17,0.0,0.0,0.0,1.0
80.0,1149.0,4,2500.0,4.0,1.0,450.0,0.0,0.0,0.0,1.0
60.0,203.0,2,1225.0,2.0,2.0,48.0,0.0,0.0,0.0,1.0
80.0,1102.0,2,1085.0,2.0,1.0,46.0,0.0,0.0,0.0,1.0
80.0,414.0,3,1640.0,3.0,2.0,220.0,0.0,0.0,0.0,1.0
80.0,223.0,3,1595.0,3.0,1.0,110.0,0.0,0.0,1.0,0.0
21.0,663.0,2,1196.0,2.0,2.0,40.44,1.0,0.0,0.0,0.0
80.0,223.0,3,1859.0,3.0,1.0,108.0,0.0,0.0,1.0,0.0
28.0,214.0,2,1079.0,2.0,1.0,60.0,0.0,0.0,0.0,1.0
80.0,214.0,2,550.0,1.0,1.0,27.0,0.0,0.0,0.0,1.0
80.0,793.0,2,1118.0,2.0,1.0,42.0,1.0,0.0,0.0,0.0
80.0,1175.0,2,1198.0,2.0,2.0,60.0,0.0,0.0,0.0,1.0
80.0,582.0,3,1162.5,2.0,1.0,30.215,0.0,0.0,0.0,1.0
80.0,532.0,3,1830.0,4.0,2.0,135.0,0.0,0.0,0.0,1.0
80.0,83.0,2,1160.0,2.0,1.0,59.0,0.0,0.0,0.0,1.0
80.0,1035.0,3,1485.0,2.0,1.0,156.0,0.0,0.0,0.0,1.0
80.0,324.0,3,2070.0,3.0,3.0,135.0,0.0,0.0,0.0,1.0
80.0,756.0,6,750.0,4.0,1.0,150.0,0.0,0.0,0.0,1.0
80.0,1192.0,2,957.0,2.0,0.0,52.5,0.0,0.0,0.0,1.0
80.0,1191.0,5,2400.0,4.0,1.0,310.0,1.0,0.0,0.0,0.0
80.0,504.0,2,1268.0,2.0,1.0,69.0,0.0,0.0,0.0,1.0
80.0,435.0,3,1450.0,2.0,2.0,87.0,0.0,0.0,0.0,1.0
34.0,903.0,3,1600.0,2.0,2.0,75.0,0.0,0.0,0.0,1.0
63.0,1137.0,3,1330.0,2.0,1.0,57.0,0.0,0.0,0.0,1.0
80.0,1263.0,3,1355.0,2.0,2.0,65.0,0.0,0.0,1.0,0.0
80.0,1015.0,2,1272.0,2.0,2.0,51.5,0.0,0.0,1.0,0.0
80.0,1183.0,2,1100.0,2.0,1.0,38.49,0.0,0.0,1.0,0.0
80.0,797.0,3,1220.0,3.0,2.0,58.0,0.0,0.0,0.0,1.0
80.0,1035.0,2,1075.0,2.0,1.0,46.76,0.0,0.0,0.0,1.0
80.0,417.0,2,800.0,2.0,1.0,55.0,0.0,0.0,0.0,1.0
45.0,797.0,2,995.0,2.0,1.0,34.82,0.0,0.0,0.0,1.0
28.0,186.0,2,900.0,1.0,1.0,44.0,0.0,0.0,0.0,1.0
40.0,797.0,2,1140.0,2.0,1.0,42.0,0.0,0.0,0.0,1.0
27.0,1248.0,3,1480.0,2.0,2.0,125.0,0.0,0.0,0.0,1.0
80.0,417.0,3,1710.0,2.0,2.0,90.63,0.0,0.0,0.0,1.0
45.0,1144.0,3,2106.0,3.0,3.0,148.0,0.0,0.0,0.0,1.0
80.0,904.0,9,2400.0,6.0,1.0,270.0,0.0,0.0,0.0,1.0
80.0,540.0,3,3800.0,2.0,1.0,130.0,0.0,0.0,0.0,1.0
80.0,504.0,3,800.0,3.0,2.0,120.0,0.0,0.0,0.0,1.0
80.0,334.0,2,1602.0,2.0,1.0,104.0,0.0,0.0,0.0,1.0
80.0,1212.0,3,1660.0,2.0,2.0,116.0,0.0,0.0,0.0,1.0
33.0,910.0,3,1549.0,3.0,2.0,80.0,0.0,0.0,0.0,1.0
80.0,1111.0,1,700.0,1.0,1.0,38.0,0.0,0.0,0.0,1.0
80.0,810.0,2,1012.0,2.0,1.0,64.0,0.0,0.0,0.0,1.0
37.0,302.0,3,1469.0,3.0,1.0,89.0,0.0,0.0,0.0,1.0
32.0,713.0,2,1216.0,2.0,1.0,69.0,0.0,0.0,0.0,1.0
80.0,668.0,2,1065.0,2.0,1.0,56.13,0.0,0.0,0.0,1.0
80.0,250.0,3,1411.0,3.0,1.0,93.15,0.0,0.0,0.0,1.0
80.0,175.0,2,1400.0,2.0,2.0,57.5,0.0,0.0,0.0,1.0
80.0,834.0,3,1250.0,3.0,2.0,29.0,0.0,0.0,0.0,1.0
80.0,891.0,2,1245.0,2.0,3.0,62.0,1.0,0.0,0.0,0.0
80.0,1175.0,2,1115.0,2.0,1.0,50.0,0.0,0.0,1.0,0.0
80.0,834.0,2,1000.0,2.0,1.0,35.0,0.0,0.0,1.0,0.0
80.0,115.0,3,1580.0,3.0,0.0,71.89,0.0,0.0,0.0,1.0
80.0,1263.0,3,1800.0,3.0,2.0,90.0,0.0,0.0,0.0,1.0
80.0,65.0,2,1500.0,2.0,2.0,130.0,0.0,0.0,0.0,1.0
80.0,513.0,1,645.0,1.0,1.0,16.45,0.0,0.0,0.0,1.0
80.0,540.0,3,1275.0,3.0,2.0,44.0,0.0,0.0,1.0,0.0
80.0,214.0,3,1494.0,3.0,2.0,82.0,0.0,0.0,0.0,1.0
80.0,1248.0,3,1949.0,3.0,2.0,129.0,1.0,0.0,0.0,0.0
80.0,464.0,2,1020.0,2.0,1.0,46.5,1.0,0.0,0.0,0.0
80.0,1041.0,2,883.0,2.0,1.0,45.0,0.0,0.0,0.0,1.0
80.0,743.0,4,3200.0,4.0,1.0,280.0,0.0,0.0,0.0,1.0
80.0,507.0,6,1680.0,6.0,1.0,125.0,0.0,0.0,0.0,1.0
80.0,1218.0,12,2232.0,6.0,2.0,300.0,0.0,0.0,0.0,1.0
34.0,528.0,3,2010.0,3.0,3.0,125.0,0.0,0.0,0.0,1.0
40.0,420.0,2,1240.0,2.0,2.0,80.0,0.0,0.0,0.0,1.0
80.0,60.0,2,1213.0,2.0,1.0,63.0,0.0,0.0,0.0,1.0
80.0,1070.0,3,1835.0,3.0,3.0,88.0,0.0,0.0,1.0,0.0
80.0,1157.0,9,1800.0,10.0,3.0,185.0,0.0,0.0,0.0,1.0
80.0,334.0,4,2932.0,5.0,1.0,195.0,0.0,0.0,0.0,1.0
80.0,57.0,4,3425.0,5.0,2.0,250.0,0.0,0.0,1.0,0.0
80.0,1256.0,2,945.0,2.0,0.0,45.0,0.0,0.0,0.0,1.0
27.0,968.0,3,1504.0,2.0,2.0,100.0,0.0,0.0,0.0,1.0
27.0,547.0,3,1569.0,3.0,2.0,150.0,0.0,0.0,1.0,0.0
80.0,1072.0,3,1755.0,3.0,2.0,130.0,0.0,0.0,0.0,1.0
33.0,234.0,3,1760.0,3.0,1.0,140.0,0.0,0.0,0.0,1.0
34.0,1060.0,2,1240.0,2.0,3.0,43.94,0.0,0.0,0.0,1.0
80.0,40.0,3,1450.0,3.0,2.0,72.54,0.0,0.0,1.0,0.0
80.0,914.0,2,1000.0,2.0,0.0,48.0,0.0,0.0,0.0,1.0
80.0,596.0,1,3820.0,1.0,1.0,306.0,1.0,0.0,0.0,0.0
80.0,358.0,5,2000.0,4.0,2.0,145.0,0.0,0.0,1.0,0.0
80.0,1035.0,2,1215.0,2.0,2.0,59.0,0.0,0.0,0.0,1.0
80.0,604.0,5,26136.0,6.0,2.0,550.0,1.0,0.0,0.0,0.0
80.0,1196.0,3,1330.0,3.0,3.0,73.5,0.0,0.0,1.0,0.0
80.0,667.0,2,1178.0,2.0,1.0,75.0,0.0,0.0,1.0,0.0
80.0,1248.0,4,1500.0,4.0,3.0,192.0,1.0,0.0,0.0,0.0
80.0,662.0,2,2040.0,2.0,2.0,59.0,1.0,0.0,0.0,0.0
80.0,1134.0,3,2000.0,3.0,2.0,85.0,0.0,0.0,1.0,0.0
80.0,310.0,3,1602.0,2.0,1.0,165.0,1.0,0.0,0.0,0.0
80.0,290.0,4,1200.0,4.0,1.0,130.0,0.0,0.0,0.0,1.0
80.0,648.0,2,1194.0,2.0,2.0,46.0,0.0,0.0,0.0,1.0
80.0,688.0,3,1800.0,3.0,1.0,220.0,0.0,0.0,0.0,1.0
80.0,275.0,3,2400.0,2.0,1.0,152.0,0.0,0.0,0.0,1.0
80.0,252.0,3,1700.0,3.0,3.0,108.0,0.0,0.0,0.0,1.0
80.0,533.0,3,1200.0,3.0,2.0,65.0,0.0,0.0,0.0,1.0
80.0,70.0,3,1500.0,3.0,0.0,72.0,0.0,0.0,0.0,1.0
80.0,520.0,3,1240.0,3.0,2.0,165.0,1.0,0.0,0.0,0.0
80.0,969.0,3,3000.0,3.0,2.0,400.0,0.0,0.0,0.0,1.0
31.0,417.0,3,1737.0,3.0,3.0,85.0,1.0,0.0,0.0,0.0
80.0,1035.0,2,900.0,2.0,0.0,55.0,0.0,0.0,0.0,1.0
80.0,70.0,3,1280.0,2.0,1.0,48.0,1.0,0.0,0.0,0.0
80.0,276.0,2,1560.0,2.0,2.0,85.0,0.0,0.0,0.0,1.0
80.0,266.0,2,883.0,2.0,1.0,44.0,0.0,0.0,0.0,1.0
34.0,1134.0,2,750.0,2.0,1.0,33.0,0.0,0.0,1.0,0.0
80.0,420.0,4,2400.0,3.0,3.0,140.0,0.0,0.0,0.0,1.0
80.0,633.0,2,900.0,2.0,1.0,45.0,0.0,0.0,0.0,1.0
63.0,415.0,2,1030.0,2.0,1.0,49.35,0.0,0.0,0.0,1.0
36.0,308.0,3,1850.0,3.0,2.0,155.0,0.0,0.0,0.0,1.0
80.0,952.0,3,1831.0,3.0,1.0,110.0,0.0,0.0,0.0,1.0
80.0,5.0,2,1095.0,2.0,1.0,38.33,0.0,0.0,0.0,1.0
80.0,750.0,3,1320.0,2.0,1.0,38.13,1.0,0.0,0.0,0.0
80.0,303.0,3,1272.5,2.0,0.0,40.72,0.0,0.0,1.0,0.0
80.0,639.0,2,1000.0,2.0,1.0,61.0,0.0,0.0,0.0,1.0
80.0,1016.0,3,1820.0,3.0,2.0,85.4,1.0,0.0,0.0,0.0
80.0,635.0,3,1075.0,2.0,1.0,41.0,0.0,0.0,0.0,1.0
80.0,221.0,3,1500.0,3.0,0.0,83.0,0.0,0.0,0.0,1.0
80.0,270.0,1,360.0,1.0,0.0,16.9,0.0,0.0,1.0,0.0
28.0,1247.0,1,925.0,1.0,0.0,40.7,1.0,0.0,0.0,0.0
80.0,539.0,2,1140.0,2.0,1.0,70.93,1.0,0.0,0.0,0.0
80.0,1175.0,2,1145.0,2.0,2.0,58.4,0.0,0.0,0.0,1.0
80.0,140.0,3,1862.0,3.0,3.0,120.0,0.0,0.0,0.0,1.0
80.0,711.0,2,947.0,2.0,2.0,43.0,0.0,0.0,0.0,1.0
80.0,507.0,4,7502.4383,4.0,2.0,211.0,0.0,0.0,0.0,1.0
80.0,420.0,3,700.0,3.0,2.0,195.0,1.0,0.0,0.0,0.0
80.0,1074.0,2,1120.0,2.0,2.0,40.0,0.0,0.0,1.0,0.0
80.0,702.0,3,2700.0,3.0,3.0,200.0,0.0,0.0,0.0,1.0
28.0,302.0,3,1805.0,2.0,2.0,75.0,0.0,0.0,0.0,1.0
80.0,519.0,2,1100.0,2.0,3.0,93.0,1.0,0.0,0.0,0.0
80.0,426.0,4,1355.0,3.0,0.0,135.0,0.0,0.0,0.0,1.0
80.0,1248.0,3,1677.0,3.0,2.0,98.0,0.0,0.0,1.0,0.0
22.0,1248.0,8,2500.0,8.0,3.0,95.0,0.0,0.0,0.0,1.0
80.0,1149.0,3,1560.0,3.0,3.0,74.0,0.0,0.0,0.0,1.0
80.0,531.0,3,2060.0,3.0,2.0,150.0,0.0,0.0,0.0,1.0
80.0,729.0,3,1716.0,2.0,0.0,115.0,0.0,0.0,0.0,1.0
80.0,223.0,3,1864.0,3.0,1.0,140.0,1.0,0.0,0.0,0.0
80.0,96.0,1,638.0,1.0,1.0,32.0,0.0,0.0,0.0,1.0
80.0,1035.0,9,1200.0,7.0,3.0,95.0,0.0,0.0,0.0,1.0
80.0,1142.0,8,1150.0,9.0,1.0,170.0,0.0,0.0,0.0,1.0
80.0,668.0,2,937.0,2.0,1.0,30.0,0.0,0.0,0.0,1.0
80.0,176.0,3,1490.0,2.0,1.0,115.0,0.0,0.0,1.0,0.0
80.0,1050.0,4,4856.0,5.0,3.0,410.0,0.0,0.0,0.0,1.0
80.0,417.0,4,4003.0,6.0,1.0,525.0,0.0,0.0,0.0,1.0
80.0,602.0,2,1100.0,2.0,1.0,37.0,0.0,0.0,0.0,1.0
80.0,885.0,2,1000.0,2.0,2.0,48.53,0.0,0.0,0.0,1.0
33.0,729.0,2,1060.0,2.0,1.0,37.0,0.0,0.0,0.0,1.0
80.0,158.0,2,1047.0,2.0,1.0,91.0,0.0,0.0,0.0,1.0
80.0,206.0,2,1200.0,2.0,2.0,80.0,0.0,0.0,1.0,0.0
80.0,1175.0,3,1420.0,2.0,2.0,75.0,0.0,0.0,0.0,1.0
80.0,1029.0,3,1539.0,3.0,1.0,85.0,0.0,0.0,0.0,1.0
80.0,1155.0,3,1550.0,3.0,1.0,59.0,0.0,0.0,0.0,1.0
80.0,504.0,3,1555.0,3.0,3.0,82.0,1.0,0.0,0.0,0.0
80.0,540.0,7,600.0,6.0,2.0,138.0,0.0,0.0,1.0,0.0
80.0,218.0,3,1553.0,3.0,3.0,68.0,0.0,0.0,0.0,1.0
24.0,214.0,2,920.0,2.0,2.0,26.0,0.0,0.0,0.0,1.0
79.0,604.0,3,1740.0,3.0,3.0,120.0,0.0,0.0,1.0,0.0
63.0,662.0,3,1855.0,3.0,2.0,145.0,0.0,0.0,0.0,1.0
31.0,1248.0,3,1724.0,3.0,1.0,146.0,0.0,0.0,1.0,0.0
80.0,1257.0,2,1020.0,2.0,2.0,60.0,0.0,0.0,0.0,1.0
80.0,1085.0,6,1000.0,4.0,2.0,150.0,0.0,0.0,0.0,1.0
80.0,214.0,3,1250.0,2.0,1.0,50.0,0.0,0.0,0.0,1.0
80.0,1241.0,3,1450.0,3.0,2.0,75.0,0.0,0.0,0.0,1.0
28.0,1248.0,2,1200.0,2.0,2.0,80.0,0.0,0.0,0.0,1.0
80.0,1035.0,2,1140.0,2.0,2.0,58.0,0.0,0.0,0.0,1.0
80.0,656.0,5,900.0,5.0,2.0,110.0,0.0,0.0,0.0,1.0
80.0,504.0,1,550.0,1.0,1.0,16.0,0.0,0.0,0.0,1.0
80.0,751.0,3,1450.0,3.0,1.0,44.0,0.0,0.0,0.0,1.0
80.0,755.0,2,1500.0,2.0,1.0,25.49,0.0,0.0,0.0,1.0
29.0,910.0,2,700.0,2.0,1.0,35.07,0.0,0.0,0.0,1.0
34.0,897.0,3,1200.0,3.0,1.0,56.0,0.0,0.0,1.0,0.0
80.0,1035.0,2,1050.0,2.0,1.0,45.0,0.0,0.0,0.0,1.0
80.0,700.0,3,1600.0,3.0,3.0,69.0,0.0,0.0,0.0,1.0
80.0,516.0,3,1625.0,2.0,3.0,75.0,1.0,0.0,0.0,0.0
80.0,1078.0,2,1492.0,2.0,2.0,65.0,0.0,0.0,1.0,0.0
80.0,1035.0,4,2856.0,5.0,0.0,157.5,0.0,0.0,0.0,1.0
80.0,1033.0,3,1489.0,2.0,3.0,82.0,1.0,0.0,0.0,0.0
80.0,150.0,3,1560.0,2.0,2.0,62.38,1.0,0.0,0.0,0.0
80.0,1155.0,2,1140.0,2.0,2.0,42.0,0.0,0.0,0.0,1.0
80.0,729.0,3,1431.0,3.0,2.0,65.0,0.0,0.0,1.0,0.0
80.0,1035.0,3,1682.0,3.0,1.0,114.0,0.0,0.0,0.0,1.0
80.0,1144.0,2,1198.0,2.0,1.0,86.26,0.0,0.0,0.0,1.0
80.0,774.0,3,3664.0,3.0,2.0,325.0,0.0,0.0,1.0,0.0
80.0,464.0,3,1550.0,2.0,2.0,69.75,0.0,0.0,1.0,0.0
80.0,784.0,2,1026.0,2.0,1.0,45.0,0.0,0.0,0.0,1.0
80.0,275.0,3,1260.0,2.0,2.0,52.0,1.0,0.0,0.0,0.0
80.0,267.0,2,690.0,2.0,0.0,42.0,1.0,0.0,0.0,0.0
80.0,1236.0,1,539.0,1.0,1.0,45.0,0.0,0.0,0.0,1.0
80.0,1248.0,4,1200.0,4.0,1.0,85.0,1.0,0.0,0.0,0.0
80.0,528.0,3,2400.0,3.0,3.0,120.0,0.0,0.0,0.0,1.0
80.0,273.0,2,1200.0,2.0,2.0,79.55,0.0,0.0,0.0,1.0
80.0,1248.0,4,2500.0,5.0,2.0,350.0,0.0,0.0,1.0,0.0
80.0,362.0,3,1186.0,2.0,2.0,40.0,1.0,0.0,0.0,0.0
80.0,960.0,2,1039.0,2.0,2.0,39.5,0.0,0.0,0.0,1.0
80.0,630.0,4,1500.0,5.0,3.0,233.0,0.0,0.0,1.0,0.0
80.0,25.0,5,1500.0,4.0,1.0,100.0,0.0,0.0,1.0,0.0
80.0,1257.0,3,2520.0,3.0,2.0,150.0,0.0,0.0,0.0,1.0
40.0,1248.0,2,1225.0,2.0,2.0,66.5,0.0,0.0,0.0,1.0
80.0,1035.0,2,1350.0,2.0,2.0,72.0,0.0,0.0,0.0,1.0
80.0,1155.0,2,1030.0,2.0,2.0,300.0,0.0,0.0,0.0,1.0
80.0,834.0,3,1550.0,2.0,2.0,49.6,0.0,0.0,0.0,1.0
16.0,838.0,3,1490.0,3.0,2.0,79.0,0.0,0.0,0.0,1.0
34.0,363.0,3,1520.0,3.0,2.0,111.0,0.0,0.0,0.0,1.0
80.0,1052.0,4,4100.0,4.0,1.0,550.0,0.0,0.0,0.0,1.0
40.0,302.0,3,1391.0,2.0,3.0,64.5,0.0,0.0,0.0,1.0
80.0,1257.0,2,1200.0,2.0,2.0,50.0,0.0,0.0,0.0,1.0
80.0,523.0,4,1200.0,4.0,2.0,86.0,0.0,0.0,0.0,1.0
80.0,1248.0,5,2500.0,6.0,3.0,500.0,1.0,0.0,0.0,0.0
28.0,420.0,2,1322.0,2.0,2.0,80.0,0.0,0.0,0.0,1.0
80.0,626.0,3,2173.0,3.0,2.0,128.0,0.0,0.0,0.0,1.0
80.0,385.0,2,1200.0,2.0,2.0,75.0,1.0,0.0,0.0,0.0
80.0,420.0,2,1200.0,2.0,2.0,47.0,0.0,0.0,0.0,1.0
80.0,604.0,2,1170.0,2.0,2.0,65.0,0.0,0.0,1.0,0.0
34.0,1060.0,2,1125.0,2.0,2.0,45.56,0.0,0.0,0.0,1.0
80.0,1144.0,1,698.5,1.0,0.0,28.57,0.0,0.0,0.0,1.0
80.0,972.0,2,1250.0,2.0,2.0,90.0,0.0,0.0,0.0,1.0
80.0,1035.0,2,1025.0,2.0,2.0,27.68,0.0,0.0,0.0,1.0
80.0,214.0,3,1075.0,2.0,2.0,36.0,0.0,0.0,0.0,1.0
80.0,836.0,3,1900.0,2.0,2.0,190.0,0.0,0.0,0.0,1.0
80.0,892.0,3,1435.0,3.0,2.0,45.0,0.0,0.0,0.0,1.0
80.0,651.0,2,1175.0,2.0,2.0,64.98,0.0,0.0,1.0,0.0
80.0,606.0,3,1464.0,3.0,2.0,56.0,0.0,0.0,0.0,1.0
80.0,60.0,2,900.0,2.0,1.0,33.0,0.0,0.0,0.0,1.0
80.0,684.0,1,585.0,1.0,1.0,21.0,0.0,0.0,0.0,1.0
38.0,1034.0,4,3170.0,5.0,2.0,230.0,0.0,0.0,0.0,1.0
80.0,885.0,3,1602.0,2.0,1.0,170.0,0.0,0.0,0.0,1.0
80.0,714.0,2,1220.0,2.0,2.0,42.0,0.0,0.0,1.0,0.0
80.0,1257.0,3,2500.0,3.0,3.0,350.0,0.0,0.0,0.0,1.0
80.0,533.0,3,2145.0,3.0,3.0,180.0,0.0,0.0,0.0,1.0
80.0,540.0,2,960.0,2.0,3.0,58.0,0.0,0.0,1.0,0.0
80.0,1035.0,1,907.0,1.0,1.0,38.0,0.0,0.0,0.0,1.0
80.0,414.0,2,1210.0,2.0,1.0,74.0,0.0,0.0,0.0,1.0
72.0,75.0,4,900.0,4.0,1.0,150.0,0.0,0.0,0.0,1.0
80.0,700.0,2,1230.0,2.0,2.0,70.0,1.0,0.0,0.0,0.0
80.0,676.0,3,1350.0,2.0,1.0,75.0,1.0,0.0,0.0,0.0
80.0,96.0,2,1150.0,2.0,2.0,58.0,0.0,0.0,0.0,1.0
80.0,756.0,3,1404.0,2.0,0.0,53.35,1.0,0.0,0.0,0.0
80.0,153.0,2,1050.0,2.0,3.0,48.0,0.0,0.0,0.0,1.0
80.0,290.0,8,1020.0,10.0,0.0,155.0,0.0,0.0,0.0,1.0
79.0,540.0,2,1285.0,2.0,2.0,56.0,0.0,0.0,1.0,0.0
80.0,850.0,2,1018.0,2.0,1.0,50.8,1.0,0.0,0.0,0.0
80.0,192.0,3,1200.0,3.0,2.0,57.0,0.0,0.0,0.0,1.0
26.0,686.0,2,1115.0,2.0,2.0,50.0,0.0,0.0,0.0,1.0
40.0,573.0,3,1600.0,3.0,3.0,95.0,0.0,0.0,0.0,1.0
80.0,1187.0,2,1480.0,2.0,1.0,80.0,0.0,0.0,0.0,1.0
16.0,1164.0,5,2500.0,7.0,0.0,125.0,0.0,0.0,0.0,1.0
80.0,449.0,1,480.0,1.0,1.0,25.0,1.0,0.0,0.0,0.0
80.0,396.0,3,1435.0,3.0,3.0,53.0,1.0,0.0,0.0,0.0
80.0,1045.0,1,450.0,1.0,2.0,60.0,1.0,0.0,0.0,0.0
45.0,511.0,1,600.0,2.0,0.0,23.0,0.0,0.0,0.0,1.0
80.0,1021.0,3,1590.0,2.0,3.0,85.0,0.0,0.0,0.0,1.0
26.0,1186.0,2,1730.0,2.0,1.0,28.545,0.0,0.0,0.0,1.0
80.0,605.0,2,936.0,2.0,0.0,40.2,0.0,0.0,1.0,0.0
32.0,715.0,2,1181.0,2.0,1.0,75.0,0.0,0.0,0.0,1.0
80.0,671.0,3,1741.0,3.0,2.0,80.0,0.0,0.0,0.0,1.0
80.0,711.0,3,1750.0,3.0,1.0,123.0,0.0,0.0,0.0,1.0
80.0,426.0,2,1050.0,2.0,2.0,42.7,1.0,0.0,0.0,0.0
26.0,417.0,2,1027.0,2.0,1.0,60.0,0.0,0.0,0.0,1.0
80.0,192.0,2,596.0,2.0,1.0,22.0,0.0,0.0,0.0,1.0
28.0,415.0,4,3463.0,6.0,0.0,310.0,1.0,0.0,0.0,0.0
28.0,1248.0,3,1600.0,3.0,2.0,70.0,0.0,0.0,0.0,1.0
80.0,492.0,4,2790.0,5.0,3.0,198.0,0.0,0.0,1.0,0.0
80.0,720.0,2,1000.0,2.0,1.0,60.0,0.0,0.0,0.0,1.0
80.0,711.0,2,1120.0,2.0,2.0,44.24,0.0,0.0,0.0,1.0
80.0,995.0,2,1200.0,2.0,0.0,85.0,0.0,0.0,0.0,1.0
80.0,533.0,2,1200.0,2.0,2.0,35.0,0.0,0.0,0.0,1.0
80.0,372.0,3,1570.0,3.0,2.0,110.0,1.0,0.0,0.0,0.0
80.0,1035.0,3,1500.0,3.0,1.0,135.0,0.0,0.0,0.0,1.0
80.0,719.0,2,1315.0,2.0,2.0,140.0,0.0,0.0,0.0,1.0
80.0,914.0,2,1140.0,2.0,1.0,33.84,0.0,0.0,0.0,1.0
80.0,656.0,2,1105.0,2.0,2.0,90.0,0.0,0.0,0.0,1.0
80.0,1050.0,2,1200.0,2.0,1.0,34.65,0.0,0.0,0.0,1.0
44.0,1248.0,1,905.0,1.0,1.0,62.0,0.0,0.0,0.0,1.0
36.0,520.0,4,2400.0,4.0,0.0,350.0,0.0,0.0,0.0,1.0
80.0,668.0,2,1185.0,2.0,1.0,50.0,0.0,0.0,0.0,1.0
34.0,302.0,2,1083.0,2.0,1.0,100.0,0.0,0.0,0.0,1.0
80.0,877.0,3,1458.0,3.0,2.0,60.0,0.0,0.0,0.0,1.0
80.0,582.0,3,1555.0,3.0,2.0,75.0,0.0,0.0,0.0,1.0
80.0,478.0,2,1200.0,2.0,2.0,45.0,0.0,0.0,1.0,0.0
80.0,624.0,2,1308.0,2.0,1.0,58.86,0.0,0.0,0.0,1.0
80.0,725.0,2,1024.0,2.0,2.0,44.0,1.0,0.0,0.0,0.0
80.0,1193.0,2,1194.0,2.0,2.0,47.0,0.0,0.0,0.0,1.0
80.0,701.0,3,1450.0,3.0,1.0,75.0,0.0,0.0,0.0,1.0
80.0,670.0,3,1639.0,3.0,3.0,120.0,0.0,0.0,1.0,0.0
80.0,314.0,3,1870.0,3.0,2.0,138.0,0.0,0.0,1.0,0.0
80.0,415.0,2,1232.0,2.0,1.0,87.0,0.0,0.0,0.0,1.0
80.0,531.0,3,1719.0,3.0,1.0,184.0,0.0,0.0,0.0,1.0
80.0,300.0,2,975.0,2.0,1.0,24.86,1.0,0.0,0.0,0.0
80.0,1035.0,3,2000.0,4.0,1.0,130.0,0.0,0.0,0.0,1.0
45.0,72.0,2,1230.0,2.0,1.0,79.0,0.0,0.0,0.0,1.0
29.0,1248.0,4,1350.0,4.0,2.0,140.0,0.0,0.0,0.0,1.0
80.0,1248.0,2,1076.0,2.0,2.0,67.0,0.0,0.0,0.0,1.0
80.0,431.0,7,2400.0,7.0,1.0,125.0,1.0,0.0,0.0,0.0
80.0,1178.0,3,995.0,2.0,2.0,34.82,0.0,0.0,0.0,1.0
80.0,537.0,3,2120.0,3.0,2.0,177.0,0.0,0.0,0.0,1.0
80.0,214.0,6,2400.0,7.0,1.0,460.0,0.0,0.0,0.0,1.0
80.0,1248.0,6,850.0,6.0,2.0,78.0,0.0,0.0,1.0,0.0
52.0,892.0,2,1096.0,2.0,2.0,40.55,0.0,0.0,0.0,1.0
80.0,892.0,2,1107.83,2.0,1.0,41.51,0.0,0.0,0.0,1.0
31.0,1135.0,1,505.0,1.0,0.0,85.0,0.0,0.0,0.0,1.0
80.0,1137.0,2,1320.0,2.0,2.0,115.0,0.0,0.0,0.0,1.0
80.0,784.0,3,1431.5,3.0,0.0,72.02,1.0,0.0,0.0,0.0
80.0,1114.0,2,1320.0,2.0,1.0,99.26,0.0,0.0,0.0,1.0
80.0,568.0,3,2901.0,4.0,2.0,190.0,1.0,0.0,0.0,0.0
80.0,72.0,3,1315.0,2.0,2.0,65.0,1.0,0.0,0.0,0.0
80.0,720.0,2,1000.0,2.0,1.0,44.0,0.0,0.0,0.0,1.0
40.0,265.0,3,1596.0,3.0,3.0,79.8,0.0,0.0,0.0,1.0
80.0,692.0,3,1750.0,3.0,1.0,130.0,1.0,0.0,0.0,0.0
80.0,528.0,4,2403.0,4.0,2.0,270.0,1.0,0.0,0.0,0.0
80.0,513.0,3,1350.0,3.0,2.0,47.25,0.0,0.0,0.0,1.0
80.0,1230.0,4,4062.5,2.0,1.0,341.0,0.0,0.0,1.0,0.0
80.0,1034.0,2,1175.0,2.0,2.0,79.0,0.0,0.0,1.0,0.0
40.0,420.0,2,921.0,2.0,1.0,29.47,0.0,0.0,0.0,1.0
80.0,435.0,4,4000.0,4.0,2.0,1100.0,0.0,0.0,0.0,1.0
80.0,968.0,3,1713.0,3.0,3.0,125.0,1.0,0.0,0.0,0.0
80.0,771.0,2,1200.0,2.0,0.0,43.0,0.0,0.0,0.0,1.0
80.0,604.0,3,1900.0,4.0,1.0,90.0,0.0,0.0,0.0,1.0
80.0,924.0,3,1664.0,3.0,2.0,68.0,0.0,0.0,0.0,1.0
80.0,960.0,3,1795.0,3.0,2.0,139.0,0.0,0.0,0.0,1.0
80.0,797.0,1,600.0,1.0,1.0,19.5,0.0,0.0,0.0,1.0
80.0,813.0,2,1240.0,2.0,3.0,65.0,0.0,0.0,0.0,1.0
80.0,1257.0,3,1965.0,4.0,2.0,132.0,1.0,0.0,0.0,0.0
61.0,1248.0,3,600.0,4.0,0.0,99.0,0.0,0.0,0.0,1.0
80.0,656.0,4,4111.0,4.0,1.0,370.0,0.0,0.0,0.0,1.0
80.0,1144.0,2,1200.0,2.0,2.0,59.76,0.0,0.0,0.0,1.0
80.0,492.0,2,1112.0,2.0,3.0,68.0,1.0,0.0,0.0,0.0
80.0,1080.0,3,3000.0,3.0,2.0,60.0,1.0,0.0,0.0,0.0
80.0,1175.0,2,1136.0,2.0,3.0,64.5,0.0,0.0,0.0,1.0
80.0,192.0,2,914.0,2.0,2.0,55.0,0.0,0.0,0.0,1.0
80.0,70.0,3,1270.0,2.0,1.0,50.79,0.0,0.0,0.0,1.0
80.0,473.0,2,1050.0,2.0,2.0,47.25,1.0,0.0,0.0,0.0
80.0,806.0,3,1385.0,2.0,2.0,68.5,1.0,0.0,0.0,0.0
80.0,1256.0,2,990.0,2.0,3.0,35.0,0.0,0.0,0.0,1.0
80.0,1045.0,2,845.0,2.0,2.0,43.0,0.0,0.0,1.0,0.0
80.0,250.0,2,1485.0,2.0,1.0,96.51,0.0,0.0,0.0,1.0
80.0,857.0,3,1460.0,2.0,3.0,43.79,0.0,0.0,1.0,0.0
16.0,484.0,2,1450.0,2.0,1.0,57.0,0.0,0.0,1.0,0.0
80.0,1134.0,3,1360.0,2.0,1.0,53.0,1.0,0.0,0.0,0.0
80.0,451.0,2,1375.0,2.0,3.0,58.0,0.0,0.0,1.0,0.0
28.0,550.0,2,1125.0,2.0,1.0,48.0,1.0,0.0,0.0,0.0
80.0,426.0,1,720.0,1.0,1.0,60.0,0.0,0.0,0.0,1.0
80.0,175.0,3,1460.0,2.0,2.0,100.0,0.0,0.0,0.0,1.0
80.0,993.0,2,1107.0,2.0,2.0,40.0,0.0,0.0,0.0,1.0
80.0,1248.0,2,1158.0,2.0,3.0,75.0,0.0,0.0,0.0,1.0
80.0,547.0,2,800.0,1.0,1.0,30.0,0.0,0.0,0.0,1.0
80.0,167.0,9,600.0,9.0,1.0,90.0,0.0,0.0,0.0,1.0
80.0,331.0,3,1760.0,3.0,2.0,128.0,0.0,0.0,0.0,1.0
80.0,665.0,4,3200.0,4.0,2.0,200.0,0.0,0.0,0.0,1.0
80.0,1049.0,2,600.0,3.0,2.0,145.0,0.0,0.0,1.0,0.0
73.0,39.0,3,1350.0,3.0,1.0,60.0,0.0,0.0,0.0,1.0
80.0,880.0,6,600.0,6.0,3.0,100.0,0.0,0.0,1.0,0.0
80.0,1248.0,2,1125.0,2.0,1.0,32.49,0.0,0.0,1.0,0.0
34.0,834.0,3,1706.0,3.0,3.0,154.0,0.0,0.0,0.0,1.0
80.0,968.0,3,1600.0,3.0,2.0,112.0,0.0,0.0,0.0,1.0
80.0,839.0,2,1200.0,2.0,0.0,90.0,0.0,0.0,1.0,0.0
33.0,910.0,3,1755.0,3.0,3.0,101.0,0.0,0.0,0.0,1.0
31.0,140.0,2,1200.0,2.0,1.0,50.0,0.0,0.0,0.0,1.0
80.0,968.0,2,1200.0,2.0,2.0,67.0,0.0,0.0,0.0,1.0
42.0,972.0,2,1266.67,2.0,0.0,69.0,0.0,0.0,0.0,1.0
80.0,489.0,3,1800.0,3.0,2.0,90.0,0.0,0.0,0.0,1.0
80.0,415.0,3,1200.0,4.0,1.0,275.0,0.0,0.0,0.0,1.0
80.0,1035.0,3,1300.0,3.0,2.0,64.0,1.0,0.0,0.0,0.0
80.0,491.0,3,800.0,3.0,3.0,60.0,0.0,0.0,1.0,0.0
80.0,883.0,4,4800.0,5.0,2.0,550.0,0.0,0.0,1.0,0.0
80.0,829.0,2,1029.5,2.0,0.0,50.855,0.0,0.0,0.0,1.0
80.0,356.0,2,1128.0,2.0,2.0,40.0,1.0,0.0,0.0,0.0
80.0,70.0,2,2000.0,2.0,1.0,160.0,0.0,0.0,0.0,1.0
80.0,730.0,2,1210.0,2.0,1.0,80.0,0.0,0.0,0.0,1.0
80.0,290.0,4,2710.0,6.0,2.0,142.0,0.0,0.0,0.0,1.0
80.0,944.0,2,1151.0,2.0,2.0,39.0,1.0,0.0,0.0,0.0
80.0,435.0,5,7500.0,8.0,3.0,1700.0,0.0,0.0,0.0,1.0
44.0,230.0,3,1464.0,3.0,2.0,56.0,0.0,0.0,0.0,1.0
80.0,230.0,2,1017.0,2.0,2.0,27.0,0.0,0.0,0.0,1.0
80.0,1248.0,2,920.0,2.0,1.0,40.0,0.0,0.0,0.0,1.0
80.0,581.0,4,1200.0,3.0,1.0,180.0,0.0,0.0,1.0,0.0
80.0,532.0,5,1000.0,5.0,2.0,140.0,0.0,0.0,0.0,1.0
33.0,1132.0,3,1750.0,3.0,3.0,86.5,0.0,0.0,1.0,0.0
80.0,668.0,2,1163.0,2.0,1.0,65.0,0.0,0.0,0.0,1.0
80.0,137.0,3,1650.0,3.0,3.0,110.0,0.0,0.0,0.0,1.0
80.0,662.0,3,1800.0,3.0,3.0,95.0,0.0,0.0,0.0,1.0
33.0,1035.0,2,1100.0,2.0,1.0,58.0,1.0,0.0,0.0,0.0
80.0,310.0,2,1200.0,2.0,2.0,60.0,1.0,0.0,0.0,0.0
80.0,386.0,3,1410.0,3.0,2.0,65.0,0.0,1.0,0.0,0.0
80.0,841.0,3,1933.0,3.0,2.0,98.0,0.0,0.0,1.0,0.0
80.0,547.0,2,1200.0,2.0,2.0,45.6,1.0,0.0,0.0,0.0
33.0,714.0,3,1608.0,2.0,3.0,63.0,0.0,0.0,0.0,1.0
80.0,1035.0,4,2679.0,5.0,2.0,280.0,0.0,0.0,0.0,1.0
80.0,1134.0,2,1156.0,2.0,2.0,46.9,1.0,0.0,0.0,0.0
80.0,675.0,2,1230.0,2.0,0.0,75.0,0.0,0.0,1.0,0.0
80.0,797.0,1,770.0,1.0,1.0,43.82,0.0,0.0,1.0,0.0
80.0,511.0,3,1777.26,3.0,2.0,105.0,1.0,0.0,0.0,0.0
28.0,415.0,2,1339.0,2.0,2.0,85.0,1.0,0.0,0.0,0.0
80.0,491.0,3,3044.0,3.0,2.0,183.0,0.0,0.0,0.0,1.0
33.0,573.0,2,1080.0,2.0,2.0,44.8,0.0,0.0,0.0,1.0
80.0,1257.0,8,3150.0,5.0,2.0,145.0,0.0,0.0,0.0,1.0
80.0,624.0,2,2400.0,2.0,2.0,135.0,0.0,0.0,0.0,1.0
80.0,662.0,3,1450.0,3.0,3.0,72.0,0.0,0.0,0.0,1.0
31.0,269.0,2,1075.0,2.0,2.0,53.0,1.0,0.0,0.0,0.0
80.0,415.0,3,1163.0,2.0,2.0,62.0,0.0,0.0,0.0,1.0
30.0,851.0,2,1200.0,2.0,0.0,65.0,0.0,0.0,0.0,1.0
80.0,487.0,8,1200.0,8.0,1.0,135.0,0.0,0.0,0.0,1.0
80.0,1296.0,4,3090.0,4.0,1.0,325.0,0.0,0.0,1.0,0.0
80.0,692.0,2,1299.0,2.0,1.0,100.0,1.0,0.0,0.0,0.0
29.0,1144.0,2,1130.0,2.0,1.0,32.63,0.0,0.0,0.0,1.0
36.0,201.0,2,1170.0,2.0,2.0,75.0,0.0,0.0,0.0,1.0
80.0,513.0,3,2195.0,2.0,1.0,152.0,0.0,0.0,0.0,1.0
80.0,511.0,4,2600.0,4.0,3.0,175.0,0.0,0.0,0.0,1.0
80.0,797.0,2,1140.0,2.0,1.0,43.32,0.0,0.0,0.0,1.0
80.0,1257.0,3,1900.0,3.0,3.0,125.0,0.0,0.0,0.0,1.0
37.0,1137.0,2,1090.0,2.0,1.0,31.48,0.0,0.0,0.0,1.0
80.0,1106.0,2,1110.0,2.0,1.0,39.95,0.0,0.0,0.0,1.0
80.0,1105.0,1,705.0,1.0,1.0,57.0,0.0,0.0,0.0,1.0
80.0,330.0,2,1089.0,2.0,1.0,60.0,1.0,0.0,0.0,0.0
80.0,124.0,2,880.0,2.0,1.0,48.0,0.0,0.0,1.0,0.0
80.0,236.0,2,1080.0,2.0,2.0,32.0,1.0,0.0,0.0,0.0
80.0,531.0,2,1093.0,2.0,1.0,68.1,1.0,0.0,0.0,0.0
80.0,537.0,3,1480.0,3.0,1.0,75.48,0.0,0.0,1.0,0.0
80.0,1248.0,3,1703.0,3.0,2.0,125.0,0.0,0.0,0.0,1.0
80.0,142.0,2,1200.0,2.0,1.0,60.0,0.0,0.0,0.0,1.0
80.0,1074.0,3,1690.0,3.0,2.0,116.0,0.0,0.0,1.0,0.0
80.0,865.0,2,1305.0,2.0,1.0,78.0,1.0,0.0,0.0,0.0
80.0,904.0,3,1257.0,2.0,2.0,40.22,0.0,0.0,0.0,1.0
80.0,1212.0,2,1150.0,2.0,2.0,45.0,1.0,0.0,0.0,0.0
80.0,1258.0,2,1194.0,2.0,0.0,55.0,1.0,0.0,0.0,0.0
80.0,1233.0,3,2000.0,3.0,1.0,90.0,0.0,0.0,1.0,0.0
80.0,262.0,3,1500.0,4.0,1.0,99.0,0.0,0.0,0.0,1.0
80.0,100.0,2,1025.0,2.0,0.0,42.5,0.0,0.0,1.0,0.0
80.0,1143.0,2,980.0,2.0,1.0,38.19,0.0,0.0,0.0,1.0
80.0,302.0,3,1200.0,2.0,1.0,100.0,0.0,0.0,0.0,1.0
52.0,415.0,3,2225.0,3.0,1.0,149.0,0.0,0.0,0.0,1.0
36.0,1175.0,2,1022.0,2.0,2.0,57.0,0.0,0.0,0.0,1.0
80.0,214.0,4,882.0,3.0,0.0,72.0,0.0,0.0,0.0,1.0
80.0,230.0,2,1153.0,2.0,2.0,45.0,0.0,0.0,0.0,1.0
80.0,656.0,2,1175.0,2.0,2.0,60.0,0.0,0.0,0.0,1.0
80.0,230.0,3,1560.0,3.0,3.0,68.0,0.0,0.0,0.0,1.0
80.0,1221.0,1,650.0,1.0,1.0,17.0,0.0,0.0,0.0,1.0
80.0,903.0,3,600.0,3.0,2.0,65.0,0.0,0.0,0.0,1.0
80.0,200.0,2,1350.0,3.0,2.0,55.0,0.0,0.0,0.0,1.0
80.0,41.0,2,1200.0,2.0,1.0,76.0,0.0,0.0,1.0,0.0
80.0,516.0,2,1200.0,1.0,1.0,54.0,0.0,0.0,0.0,1.0
80.0,240.0,2,800.0,2.0,1.0,25.0,0.0,0.0,0.0,1.0
27.0,1263.0,4,2093.0,4.0,1.0,104.0,0.0,0.0,0.0,1.0
80.0,705.0,3,1320.0,2.0,2.0,55.44,0.0,0.0,0.0,1.0
80.0,1035.0,2,1275.0,2.0,1.0,73.0,1.0,0.0,0.0,0.0
80.0,1089.0,2,1215.0,2.0,2.0,43.13,1.0,0.0,0.0,0.0
80.0,587.0,2,1130.0,2.0,1.0,45.2,0.0,0.0,0.0,1.0
80.0,711.0,3,1444.0,2.0,2.0,71.5,0.0,0.0,0.0,1.0
80.0,109.0,2,950.0,2.0,2.0,38.0,0.0,0.0,0.0,1.0
80.0,1248.0,2,1000.0,1.0,1.0,90.0,0.0,0.0,0.0,1.0
80.0,784.0,3,1240.0,2.0,2.0,59.52,0.0,0.0,0.0,1.0
80.0,1111.0,4,600.0,4.0,2.0,125.0,1.0,0.0,0.0,0.0
27.0,972.0,2,1231.0,2.0,2.0,50.0,0.0,0.0,0.0,1.0
80.0,1257.0,2,1300.0,2.0,1.0,120.0,0.0,0.0,0.0,1.0
80.0,1175.0,3,1713.0,3.0,2.0,110.0,0.0,0.0,0.0,1.0
80.0,415.0,2,1200.0,2.0,1.0,53.33,0.0,0.0,0.0,1.0
80.0,1035.0,3,3004.0,4.0,1.0,158.0,0.0,0.0,0.0,1.0
80.0,743.0,3,1310.0,2.0,0.0,46.0,1.0,0.0,0.0,0.0
80.0,58.0,2,790.0,2.0,1.0,49.5,0.0,0.0,1.0,0.0
80.0,516.0,3,1744.0,3.0,1.0,200.0,1.0,0.0,0.0,0.0
80.0,389.0,3,1605.0,3.0,2.0,100.0,1.0,0.0,0.0,0.0
80.0,1149.0,2,1250.0,2.0,2.0,82.0,0.0,0.0,0.0,1.0
80.0,1038.0,3,2476.0,3.0,3.0,337.0,1.0,0.0,0.0,0.0
80.0,302.0,3,1260.0,2.0,2.0,76.0,0.0,0.0,1.0,0.0
80.0,1035.0,3,1615.0,3.0,1.0,175.0,0.0,0.0,0.0,1.0
80.0,472.0,2,1180.0,2.0,1.0,56.0,0.0,0.0,0.0,1.0
80.0,892.0,3,1255.0,2.0,2.0,50.19,0.0,0.0,0.0,1.0
80.0,1164.0,2,1025.0,2.0,1.0,53.9,0.0,0.0,0.0,1.0
80.0,1055.0,3,1877.0,4.0,2.0,150.0,0.0,0.0,0.0,1.0
80.0,656.0,3,1649.0,3.0,2.0,150.0,0.0,0.0,0.0,1.0
30.0,520.0,9,2600.0,12.0,1.0,675.0,0.0,0.0,0.0,1.0
80.0,124.0,5,2500.0,5.0,2.0,125.0,0.0,0.0,0.0,1.0
80.0,201.0,3,1542.0,3.0,2.0,98.0,0.0,0.0,1.0,0.0
63.0,662.0,2,1418.0,2.0,2.0,105.0,0.0,0.0,0.0,1.0
27.0,534.0,2,1012.0,2.0,0.0,42.0,0.0,0.0,0.0,1.0
80.0,573.0,2,1200.0,2.0,1.0,65.0,1.0,0.0,0.0,0.0
80.0,334.0,2,1115.0,2.0,2.0,43.0,0.0,0.0,0.0,1.0
80.0,766.0,3,1680.0,4.0,3.0,95.0,1.0,0.0,0.0,0.0
43.0,662.0,2,1171.0,2.0,2.0,72.0,0.0,0.0,0.0,1.0
80.0,554.0,2,1027.0,2.0,1.0,68.62,0.0,0.0,0.0,1.0
80.0,521.0,3,1700.0,3.0,3.0,75.0,1.0,0.0,0.0,0.0
80.0,968.0,2,1090.0,2.0,2.0,38.15,0.0,0.0,0.0,1.0
80.0,137.0,2,1232.0,2.0,1.0,74.0,0.0,0.0,0.0,1.0
80.0,1144.0,2,766.0,2.0,2.0,28.0,0.0,0.0,0.0,1.0
80.0,415.0,5,1200.0,5.0,0.0,180.0,1.0,0.0,0.0,0.0
80.0,415.0,1,525.0,1.0,1.0,27.0,0.0,0.0,0.0,1.0
80.0,230.0,3,1535.0397790000002,3.0,1.0,109.0,0.0,0.0,0.0,1.0
33.0,415.0,3,1452.0,2.0,1.0,41.0,0.0,0.0,0.0,1.0
80.0,711.0,3,1254.0,2.0,1.0,65.0,0.0,0.0,0.0,1.0
80.0,403.0,5,3600.0,5.0,0.0,110.0,1.0,0.0,0.0,0.0
80.0,1080.0,3,1593.0,3.0,1.0,118.0,0.0,0.0,1.0,0.0
80.0,504.0,2,1333.0,2.0,2.0,77.27,0.0,0.0,0.0,1.0
28.0,1248.0,3,1100.0,3.0,1.0,110.0,0.0,0.0,0.0,1.0
80.0,1050.0,3,1375.0,2.0,1.0,54.99,0.0,0.0,1.0,0.0
80.0,1164.0,3,1650.0,3.0,3.0,82.0,0.0,0.0,0.0,1.0
68.0,1257.0,3,1430.0,2.0,2.0,51.48,0.0,0.0,0.0,1.0
75.0,528.0,2,940.0,2.0,1.0,54.0,0.0,0.0,0.0,1.0
37.0,302.0,1,435.0,1.0,1.0,21.0,0.0,0.0,0.0,1.0
80.0,116.0,2,1160.0,2.0,2.0,36.54,0.0,0.0,1.0,0.0
29.0,986.0,3,1500.0,2.0,1.0,77.5,1.0,0.0,0.0,0.0
28.0,550.0,3,1890.0,2.0,1.0,100.0,1.0,0.0,0.0,0.0
80.0,1035.0,2,1050.0,2.0,1.0,70.0,0.0,0.0,0.0,1.0
80.0,112.0,6,1200.0,6.0,3.0,220.0,0.0,0.0,1.0,0.0
27.0,972.0,2,1027.0,2.0,2.0,43.0,0.0,0.0,0.0,1.0
80.0,1149.0,3,1495.0,2.0,1.0,61.28,0.0,0.0,0.0,1.0
80.0,729.0,3,3000.0,4.0,2.0,235.0,0.0,0.0,1.0,0.0
80.0,741.0,3,1459.0,2.0,1.0,95.0,0.0,0.0,1.0,0.0
80.0,688.0,3,1711.0,3.0,3.0,85.61,0.0,0.0,0.0,1.0
41.0,302.0,2,1250.0,2.0,2.0,98.0,0.0,0.0,0.0,1.0
80.0,848.0,1,645.0,1.0,1.0,16.45,0.0,0.0,1.0,0.0
80.0,415.0,2,875.0,2.0,1.0,57.0,0.0,0.0,0.0,1.0
63.0,662.0,2,1334.0,2.0,1.0,67.0,0.0,0.0,0.0,1.0
80.0,587.0,2,1140.0,2.0,1.0,32.92,1.0,0.0,0.0,0.0
80.0,372.0,2,1115.0,2.0,2.0,50.0,0.0,0.0,0.0,1.0
31.0,520.0,3,1200.0,5.0,2.0,200.0,0.0,0.0,0.0,1.0
80.0,1229.0,3,1776.0,3.0,1.0,190.0,0.0,0.0,0.0,1.0
80.0,476.0,3,2072.0,4.0,2.0,160.0,0.0,0.0,0.0,1.0
80.0,832.0,3,1600.0,3.0,2.0,170.0,0.0,0.0,1.0,0.0
80.0,982.0,6,1200.0,4.0,2.0,115.0,0.0,0.0,0.0,1.0
80.0,995.0,2,920.0,2.0,3.0,39.0,0.0,0.0,0.0,1.0
80.0,701.0,2,778.0,2.0,0.0,25.29,0.0,0.0,0.0,1.0
80.0,1175.0,4,1310.0,3.0,3.0,95.0,0.0,0.0,0.0,1.0
80.0,70.0,3,1631.0,3.0,2.0,80.0,0.0,0.0,0.0,1.0
80.0,882.0,1,525.0,1.0,1.0,27.5,0.0,0.0,1.0,0.0
80.0,1175.0,3,1395.0,3.0,3.0,82.0,0.0,0.0,0.0,1.0
80.0,1002.0,3,2000.0,3.0,2.0,105.0,1.0,0.0,0.0,0.0
80.0,1024.0,2,1232.0,2.0,1.0,66.0,1.0,0.0,0.0,0.0
80.0,734.0,2,1075.0,2.0,1.0,55.0,0.0,0.0,1.0,0.0
80.0,720.0,2,1205.0,2.0,2.0,70.0,0.0,0.0,0.0,1.0
80.0,797.0,4,1200.0,4.0,2.0,165.0,0.0,0.0,0.0,1.0
80.0,743.0,4,2340.0,5.0,1.0,129.0,1.0,0.0,0.0,0.0
80.0,512.0,3,1179.0,2.0,1.0,55.0,1.0,0.0,0.0,0.0
80.0,342.0,2,1013.0,2.0,1.0,51.0,1.0,0.0,0.0,0.0
80.0,686.0,2,1160.0,2.0,2.0,40.6,1.0,0.0,0.0,0.0
44.0,511.0,2,1200.0,2.0,2.0,62.5,0.0,0.0,0.0,1.0
80.0,686.0,7,1200.0,5.0,0.0,80.0,0.0,0.0,1.0,0.0
38.0,834.0,3,1255.0,2.0,3.0,50.19,0.0,0.0,0.0,1.0
80.0,624.0,3,1100.0,2.0,1.0,145.0,1.0,0.0,0.0,0.0
52.0,511.0,2,1069.0,2.0,1.0,55.0,0.0,0.0,0.0,1.0
80.0,561.0,3,1200.0,3.0,2.0,99.0,1.0,0.0,0.0,0.0
34.0,504.0,1,1400.0,1.0,1.0,285.0,0.0,0.0,0.0,1.0
80.0,1018.0,2,1065.0,2.0,2.0,55.0,0.0,0.0,0.0,1.0
80.0,380.0,2,1395.0,2.0,0.0,75.0,0.0,0.0,0.0,1.0
80.0,1248.0,3,1725.0,2.0,1.0,165.0,0.0,0.0,1.0,0.0
80.0,153.0,2,1007.0,2.0,2.0,43.0,0.0,0.0,0.0,1.0
80.0,1201.0,3,1436.0,2.0,2.0,55.0,1.0,0.0,0.0,0.0
80.0,1213.0,6,4250.0,6.0,3.0,150.0,0.0,0.0,1.0,0.0
80.0,630.0,3,1645.0,3.0,2.0,117.0,0.0,0.0,0.0,1.0
80.0,511.0,2,1200.0,2.0,0.0,58.0,0.0,0.0,0.0,1.0
80.0,743.0,2,940.0,2.0,1.0,43.61,0.0,0.0,0.0,1.0
67.0,1218.0,6,4300.0,6.0,2.0,175.0,0.0,0.0,0.0,1.0
80.0,582.0,3,2850.0,5.0,3.0,343.0,0.0,0.0,0.0,1.0
80.0,699.0,3,1740.0,3.0,2.0,191.0,0.0,0.0,0.0,1.0
80.0,482.0,2,1194.0,2.0,2.0,47.0,0.0,0.0,0.0,1.0
80.0,968.0,3,3761.0,3.0,2.0,650.0,0.0,0.0,1.0,0.0
80.0,1248.0,3,1829.0,3.0,2.0,125.0,0.0,0.0,0.0,1.0
80.0,507.0,4,1800.0,4.0,3.0,178.0,0.0,0.0,0.0,1.0
34.0,800.0,2,1000.0,2.0,1.0,60.0,0.0,0.0,1.0,0.0
80.0,723.0,3,5720.0,3.0,0.0,350.0,1.0,0.0,0.0,0.0
80.0,1021.0,5,800.0,4.0,2.0,98.0,0.0,0.0,1.0,0.0
80.0,114.0,2,675.0,1.0,1.0,15.0,1.0,0.0,0.0,0.0
80.0,651.0,2,1390.0,2.0,2.0,95.0,0.0,0.0,1.0,0.0
80.0,97.0,3,1500.0,3.0,2.0,104.0,0.0,0.0,0.0,1.0
80.0,186.0,3,2047.0,3.0,2.0,136.0,0.0,0.0,0.0,1.0
34.0,1144.0,2,1202.0,2.0,1.0,79.0,0.0,0.0,0.0,1.0
80.0,641.0,2,1012.0,2.0,1.0,59.0,0.0,0.0,0.0,1.0
80.0,1134.0,3,2132.0,3.0,3.0,80.0,0.0,0.0,0.0,1.0
80.0,150.0,4,1350.0,4.0,3.0,340.0,1.0,0.0,0.0,0.0
80.0,920.0,1,605.0,1.0,1.0,40.0,1.0,0.0,0.0,0.0
45.0,520.0,2,1331.0,2.0,1.0,88.0,0.0,0.0,0.0,1.0
80.0,39.0,2,1200.0,2.0,0.0,69.0,0.0,0.0,0.0,1.0
80.0,1164.0,2,1150.0,2.0,0.0,250.0,0.0,0.0,0.0,1.0
80.0,1175.0,2,1200.0,2.0,1.0,136.0,0.0,0.0,0.0,1.0
80.0,1035.0,2,1800.0,2.0,0.0,300.0,0.0,0.0,0.0,1.0
80.0,469.0,3,600.0,2.0,1.0,50.0,0.0,0.0,1.0,0.0
80.0,417.0,3,1280.0,2.0,2.0,49.0,0.0,0.0,0.0,1.0
80.0,968.0,2,1007.0,2.0,1.0,62.0,0.0,0.0,0.0,1.0
56.0,668.0,3,1370.0,2.0,1.0,61.0,0.0,0.0,0.0,1.0
80.0,96.0,2,925.0,2.0,2.0,35.0,0.0,0.0,0.0,1.0
80.0,829.0,2,1500.0,2.0,0.0,75.0,0.0,0.0,1.0,0.0
44.0,1035.0,1,450.0,1.0,1.0,12.5,0.0,0.0,0.0,1.0
80.0,845.0,4,1200.0,4.0,1.0,140.0,0.0,0.0,0.0,1.0
80.0,841.0,2,1341.0,2.0,1.0,95.0,0.0,0.0,0.0,1.0
80.0,604.0,3,1350.0,2.0,2.0,47.25,0.0,0.0,0.0,1.0
80.0,146.0,2,992.0,2.0,1.0,60.0,1.0,0.0,0.0,0.0
80.0,1175.0,2,1163.0,2.0,2.0,68.0,0.0,0.0,0.0,1.0
59.0,955.0,2,1229.0,2.0,2.0,70.0,0.0,0.0,0.0,1.0
26.0,415.0,2,600.0,2.0,2.0,39.0,0.0,0.0,0.0,1.0
35.0,986.0,2,1219.0,2.0,1.0,61.26,0.0,0.0,0.0,1.0
80.0,686.0,3,1525.0,2.0,2.0,99.13,0.0,0.0,0.0,1.0
80.0,1035.0,2,1147.0,2.0,1.0,60.0,1.0,0.0,0.0,0.0
80.0,230.0,3,1412.0,2.0,3.0,88.0,0.0,0.0,0.0,1.0
80.0,1225.0,9,1200.0,9.0,3.0,215.0,0.0,0.0,0.0,1.0
80.0,585.0,2,1044.0,2.0,1.0,34.77,0.0,0.0,0.0,1.0
80.0,1263.0,2,1190.0,2.0,2.0,63.0,1.0,0.0,0.0,0.0
80.0,363.0,3,1240.0,2.0,2.0,65.0,0.0,0.0,0.0,1.0
80.0,457.0,3,1352.0,3.0,1.0,65.0,0.0,0.0,0.0,1.0
80.0,415.0,2,1100.0,2.0,2.0,55.0,0.0,0.0,0.0,1.0
14.0,520.0,3,1330.0,2.0,2.0,39.9,0.0,0.0,1.0,0.0
80.0,261.0,3,1700.0,3.0,2.0,111.0,1.0,0.0,0.0,0.0
80.0,112.0,2,1355.0,2.0,1.0,67.0,1.0,0.0,0.0,0.0
25.0,1172.0,2,1200.0,2.0,1.0,46.0,0.0,0.0,0.0,1.0
80.0,386.0,1,400.0,2.0,1.0,25.0,0.0,0.0,1.0,0.0
80.0,651.0,2,1342.0,2.0,1.0,70.0,0.0,0.0,0.0,1.0
80.0,800.0,3,1615.0,3.0,2.0,50.87,0.0,0.0,1.0,0.0
40.0,1034.0,2,1340.0,2.0,1.0,65.0,1.0,0.0,0.0,0.0
80.0,1232.0,2,1200.0,2.0,1.0,54.0,0.0,0.0,1.0,0.0
80.0,1102.0,1,400.0,1.0,0.0,55.0,1.0,0.0,0.0,0.0
80.0,766.0,2,1080.0,2.0,1.0,52.0,0.0,0.0,1.0,0.0
80.0,302.0,2,1600.0,2.0,1.0,31.0,1.0,0.0,0.0,0.0
37.0,302.0,2,1200.0,2.0,0.0,34.0,0.0,0.0,0.0,1.0
80.0,1175.0,3,2700.0,3.0,2.0,150.0,0.0,0.0,0.0,1.0
80.0,38.0,3,1780.0,3.0,0.0,110.0,0.0,0.0,1.0,0.0
80.0,1098.0,3,1605.0,3.0,2.0,65.0,0.0,0.0,1.0,0.0
80.0,620.0,4,7200.0,5.0,2.0,1584.0,1.0,0.0,0.0,0.0
80.0,371.0,3,646.0,2.0,1.0,65.0,0.0,0.0,0.0,1.0
80.0,737.0,2,1200.0,2.0,2.0,80.0,0.0,0.0,0.0,1.0
34.0,1035.0,2,900.0,2.0,0.0,49.0,0.0,0.0,0.0,1.0
80.0,152.0,3,1830.0,3.0,1.0,88.0,0.0,0.0,1.0,0.0
27.0,302.0,5,690.0,4.0,1.0,83.0,0.0,0.0,0.0,1.0
80.0,720.0,1,650.0,1.0,3.0,500.0,0.0,0.0,0.0,1.0
80.0,1175.0,5,1800.0,4.0,1.0,68.0,0.0,0.0,0.0,1.0
80.0,507.0,3,715.0,2.0,0.0,32.0,0.0,0.0,0.0,1.0
80.0,511.0,3,1230.0,2.0,2.0,31.37,0.0,0.0,1.0,0.0
80.0,677.0,2,1065.0,2.0,1.0,42.59,0.0,0.0,0.0,1.0
80.0,65.0,8,1350.0,8.0,2.0,185.0,0.0,0.0,1.0,0.0
80.0,735.0,3,1080.0,3.0,2.0,149.0,0.0,0.0,0.0,1.0
80.0,1045.0,3,900.0,2.0,0.0,65.0,0.0,0.0,0.0,1.0
33.0,420.0,2,946.0,2.0,2.0,45.0,0.0,0.0,0.0,1.0
27.0,1248.0,1,1500.0,1.0,0.0,60.0,0.0,0.0,0.0,1.0
80.0,38.0,3,1711.0,3.0,1.0,110.0,0.0,0.0,1.0,0.0
80.0,797.0,4,1200.0,3.0,2.0,160.0,1.0,0.0,0.0,0.0
80.0,398.0,2,950.0,2.0,1.0,25.65,0.0,0.0,0.0,1.0
80.0,972.0,3,1656.0,3.0,2.0,80.0,0.0,0.0,0.0,1.0
80.0,1175.0,2,1075.0,2.0,1.0,46.76,0.0,0.0,0.0,1.0
24.0,375.0,3,1752.12,3.0,2.0,133.0,0.0,0.0,0.0,1.0
35.0,1248.0,8,6000.0,8.0,0.0,220.0,0.0,0.0,1.0,0.0
80.0,126.0,3,1540.0,3.0,3.0,85.0,0.0,0.0,1.0,0.0
80.0,413.0,4,600.0,4.0,3.0,125.0,1.0,0.0,0.0,0.0
80.0,112.0,1,665.0,1.0,2.0,32.0,0.0,0.0,1.0,0.0
80.0,275.0,3,1665.0,3.0,1.0,110.0,0.0,0.0,1.0,0.0
80.0,1109.0,2,1145.0,2.0,1.0,54.0,0.0,0.0,1.0,0.0
80.0,464.0,2,1185.0,2.0,2.0,41.0,0.0,0.0,0.0,1.0
80.0,624.0,3,1200.0,3.0,1.0,190.0,0.0,0.0,0.0,1.0
80.0,590.0,3,1693.0,3.0,2.0,125.0,0.0,0.0,0.0,1.0
80.0,668.0,3,2456.0,3.0,3.0,220.0,0.0,0.0,0.0,1.0
80.0,173.0,3,2559.0,3.0,2.0,403.0,0.0,0.0,1.0,0.0
80.0,1218.0,2,1155.0,2.0,1.0,40.6,0.0,0.0,0.0,1.0
80.0,1257.0,3,1610.0,2.0,2.0,64.4,1.0,0.0,0.0,0.0
33.0,402.0,3,1200.0,3.0,2.0,56.58,0.0,0.0,1.0,0.0
80.0,1257.0,2,1530.0,2.0,1.0,185.0,1.0,0.0,0.0,0.0
80.0,1218.0,3,1709.0,3.0,1.0,80.0,0.0,0.0,0.0,1.0
80.0,214.0,4,600.0,4.0,0.0,60.0,0.0,0.0,0.0,1.0
80.0,771.0,8,2700.0,8.0,1.0,290.0,0.0,0.0,0.0,1.0
80.0,1144.0,1,840.0,1.0,1.0,150.0,0.0,0.0,0.0,1.0
80.0,532.0,3,1400.0,2.0,1.0,50.0,0.0,0.0,0.0,1.0
80.0,770.0,2,1200.0,2.0,1.0,42.0,0.0,0.0,1.0,0.0
3.0,27.0,3,1439.0,3.0,1.0,57.23,1.0,0.0,0.0,0.0
26.0,1248.0,2,1375.0,2.0,2.0,72.0,1.0,0.0,0.0,0.0
80.0,1175.0,5,2990.0,5.0,3.0,416.0,0.0,0.0,0.0,1.0
80.0,1075.0,3,1200.0,2.0,1.0,75.0,0.0,0.0,0.0,1.0
80.0,810.0,2,1315.0,2.0,3.0,75.0,0.0,0.0,1.0,0.0
52.0,1248.0,2,1500.0,2.0,0.0,40.0,0.0,0.0,0.0,1.0
80.0,1144.0,6,3600.0,6.0,1.0,200.0,0.0,0.0,0.0,1.0
80.0,583.0,2,1178.0,2.0,3.0,82.0,0.0,0.0,0.0,1.0
80.0,781.0,3,1430.0,3.0,2.0,59.0,0.0,0.0,0.0,1.0
80.0,528.0,3,1400.0,2.0,2.0,65.8,1.0,0.0,0.0,0.0
62.0,420.0,2,1093.0,2.0,2.0,72.0,0.0,0.0,0.0,1.0
80.0,389.0,2,1200.0,2.0,1.0,45.0,0.0,0.0,0.0,1.0
80.0,234.0,5,5000.0,6.0,1.0,360.0,0.0,0.0,0.0,1.0
80.0,1144.0,3,1200.0,2.0,0.0,130.0,0.0,0.0,0.0,1.0
29.0,1248.0,3,2210.0,3.0,2.0,156.0,0.0,0.0,0.0,1.0
45.0,520.0,2,1150.0,2.0,2.0,70.0,0.0,0.0,0.0,1.0
35.0,302.0,3,1435.0,2.0,1.0,60.0,0.0,0.0,1.0,0.0
80.0,1248.0,4,600.0,3.0,1.0,100.0,0.0,0.0,0.0,1.0
80.0,1199.0,2,1173.0,2.0,1.0,78.2,0.0,0.0,0.0,1.0
80.0,828.0,2,1140.0,2.0,1.0,39.0,1.0,0.0,0.0,0.0
80.0,267.0,3,1717.0,3.0,3.0,120.0,0.0,0.0,0.0,1.0
80.0,60.0,2,1325.0,2.0,1.0,65.0,0.0,0.0,0.0,1.0
80.0,1175.0,3,1370.0,3.0,2.0,67.0,0.0,0.0,0.0,1.0
15.0,516.0,2,1025.0,2.0,1.0,90.0,0.0,0.0,1.0,0.0
80.0,745.0,3,1409.0,2.0,3.0,62.0,0.0,0.0,1.0,0.0
80.0,509.0,2,1200.0,2.0,1.0,52.0,1.0,0.0,0.0,0.0
80.0,903.0,2,1200.0,2.0,1.0,53.5,0.0,0.0,0.0,1.0
80.0,1034.0,3,1740.0,4.0,3.0,130.0,0.0,0.0,0.0,1.0
80.0,1139.0,2,1232.0,2.0,1.0,88.0,0.0,0.0,0.0,1.0
80.0,214.0,2,1200.0,2.0,1.0,36.0,0.0,0.0,0.0,1.0
80.0,547.0,4,5924.0,4.0,3.0,625.0,0.0,0.0,1.0,0.0
80.0,635.0,2,1250.0,2.0,1.0,50.0,0.0,0.0,0.0,1.0
80.0,1041.0,2,1475.0,2.0,2.0,171.0,0.0,0.0,0.0,1.0
80.0,878.0,4,2100.0,4.0,2.0,85.0,0.0,0.0,0.0,1.0
80.0,520.0,1,552.0,1.0,1.0,23.5,0.0,0.0,0.0,1.0
80.0,1037.0,3,1065.0,2.0,2.0,42.59,1.0,0.0,0.0,0.0
80.0,1218.0,3,1000.0,3.0,1.0,130.0,1.0,0.0,0.0,0.0
80.0,1212.0,2,1225.0,2.0,0.0,65.0,0.0,0.0,1.0,0.0
80.0,540.0,1,650.0,1.0,0.0,16.0,0.0,0.0,0.0,1.0
80.0,511.0,2,1067.0,2.0,2.0,52.0,0.0,0.0,0.0,1.0
80.0,308.0,3,1364.0,2.0,2.0,56.0,0.0,0.0,0.0,1.0
80.0,363.0,3,1750.0,3.0,3.0,75.0,0.0,0.0,1.0,0.0
80.0,1144.0,2,1240.0,2.0,1.0,71.0,0.0,0.0,0.0,1.0
32.0,573.0,2,1200.0,2.0,0.0,75.0,0.0,0.0,0.0,1.0
80.0,968.0,3,1540.0,3.0,1.0,75.0,0.0,0.0,0.0,1.0
80.0,516.0,3,1504.0,2.0,2.0,102.0,0.0,0.0,0.0,1.0
80.0,1035.0,2,1116.0,2.0,1.0,49.8,0.0,0.0,0.0,1.0
80.0,534.0,3,2365.0,4.0,2.0,175.0,0.0,0.0,1.0,0.0
80.0,167.0,2,1308.0,2.0,2.0,37.0,0.0,0.0,1.0,0.0
80.0,520.0,2,864.0,2.0,0.0,45.0,0.0,0.0,0.0,1.0
80.0,1218.0,5,1200.0,5.0,1.0,139.0,0.0,0.0,1.0,0.0
80.0,1060.0,3,1069.0,2.0,1.0,38.0,0.0,0.0,0.0,1.0
80.0,1186.0,2,1333.0,2.0,1.0,100.0,0.0,0.0,0.0,1.0
80.0,797.0,4,1800.0,4.0,1.0,145.0,0.0,0.0,0.0,1.0
80.0,604.0,4,6136.0,4.0,1.0,550.0,0.0,0.0,0.0,1.0
30.0,363.0,3,1698.0,3.0,2.0,107.0,0.0,0.0,1.0,0.0
27.0,269.0,3,1275.0,2.0,2.0,43.6,1.0,0.0,0.0,0.0
80.0,1159.0,2,1060.0,2.0,1.0,48.0,0.0,0.0,0.0,1.0
26.0,829.0,2,1160.0,2.0,1.0,49.0,0.0,0.0,0.0,1.0
80.0,1164.0,3,1484.0,2.0,1.0,65.0,0.0,0.0,0.0,1.0
40.0,1144.0,3,675.0,3.0,1.0,70.0,0.0,0.0,0.0,1.0
80.0,1161.0,3,1200.0,5.0,1.0,325.0,0.0,0.0,1.0,0.0
80.0,33.0,2,1310.0,2.0,1.0,66.0,0.0,1.0,0.0,0.0
80.0,1238.0,6,1806.0,6.0,1.0,370.0,0.0,0.0,0.0,1.0
80.0,1218.0,4,3000.0,4.0,1.0,240.0,0.0,0.0,1.0,0.0
80.0,1293.0,3,2145.0,3.0,2.0,165.0,0.0,0.0,0.0,1.0
80.0,968.0,3,1693.0,3.0,1.0,125.0,0.0,0.0,1.0,0.0
80.0,70.0,3,1230.0,3.0,3.0,60.0,0.0,0.0,0.0,1.0
80.0,851.0,3,1200.0,3.0,1.0,145.0,0.0,0.0,0.0,1.0
80.0,1172.0,3,1310.0,2.0,1.0,37.83,0.0,0.0,1.0,0.0
80.0,1186.0,2,1150.0,2.0,1.0,60.0,0.0,0.0,0.0,1.0
80.0,727.0,3,1385.0,2.0,2.0,66.5,0.0,0.0,0.0,1.0
80.0,206.0,2,1066.0,2.0,2.0,52.5,0.0,0.0,1.0,0.0
33.0,415.0,3,2293.0,3.0,2.0,80.26,0.0,0.0,0.0,1.0
80.0,342.0,3,720.0,3.0,1.0,81.0,0.0,0.0,0.0,1.0
80.0,525.0,3,1625.0,3.0,3.0,92.0,0.0,0.0,0.0,1.0
80.0,1263.0,2,1246.0,2.0,1.0,67.4,0.0,0.0,0.0,1.0
15.0,125.0,4,2100.0,6.0,1.0,252.0,0.0,0.0,1.0,0.0
80.0,533.0,4,2400.0,4.0,3.0,250.0,0.0,0.0,0.0,1.0
80.0,667.0,6,3900.0,6.0,1.0,195.0,0.0,0.0,1.0,0.0
28.0,1248.0,2,1000.0,2.0,1.0,70.65,0.0,0.0,0.0,1.0
20.0,855.0,2,907.0,2.0,2.0,38.0,0.0,0.0,0.0,1.0
80.0,937.0,4,3500.0,4.0,0.0,138.0,0.0,0.0,0.0,1.0
80.0,520.0,3,1395.0,2.0,3.0,79.0,0.0,0.0,0.0,1.0
80.0,234.0,2,1180.0,2.0,2.0,50.0,1.0,0.0,0.0,0.0
80.0,904.0,5,1903.0,6.0,2.0,140.0,0.0,0.0,0.0,1.0
34.0,202.0,2,1175.0,2.0,1.0,47.0,0.0,0.0,0.0,1.0
80.0,98.0,2,1272.0,2.0,2.0,51.5,0.0,0.0,0.0,1.0
80.0,1248.0,3,1490.0,2.0,1.0,92.0,0.0,0.0,0.0,1.0
80.0,179.0,2,1144.0,2.0,2.0,67.0,0.0,0.0,0.0,1.0
80.0,845.0,4,2400.0,5.0,1.0,140.0,0.0,0.0,0.0,1.0
42.0,662.0,2,1143.0,2.0,1.0,53.0,0.0,0.0,0.0,1.0
80.0,145.0,3,2500.0,3.0,2.0,190.0,0.0,0.0,0.0,1.0
80.0,1258.0,2,1216.0,2.0,1.0,75.0,1.0,0.0,0.0,0.0
80.0,214.0,2,1044.0,2.0,1.0,60.0,0.0,0.0,0.0,1.0
80.0,1257.0,2,1352.0,3.0,1.0,93.0,0.0,0.0,0.0,1.0
80.0,635.0,3,1552.0,3.0,3.0,75.0,1.0,0.0,0.0,0.0
80.0,761.0,3,1785.0,3.0,2.0,120.0,0.0,0.0,0.0,1.0
80.0,380.0,2,810.0,2.0,2.0,34.5,0.0,0.0,0.0,1.0
80.0,711.0,3,1650.0,3.0,2.0,51.98,0.0,0.0,0.0,1.0
80.0,1035.0,3,1595.0,3.0,2.0,70.39,0.0,0.0,0.0,1.0
80.0,266.0,2,1060.0,2.0,1.0,35.0,0.0,0.0,0.0,1.0
80.0,53.0,3,1410.0,2.0,3.0,65.0,0.0,0.0,0.0,1.0
80.0,304.0,3,1523.0,2.0,2.0,56.0,0.0,0.0,0.0,1.0
80.0,1257.0,3,1591.0,3.0,1.0,122.0,0.0,0.0,1.0,0.0
80.0,613.0,3,1640.0,3.0,3.0,84.0,1.0,0.0,0.0,0.0
80.0,72.0,1,450.0,1.0,0.0,16.0,1.0,0.0,0.0,0.0
80.0,648.0,3,1305.0,2.0,2.0,60.0,0.0,0.0,0.0,1.0
80.0,960.0,3,1590.0,3.0,1.0,54.0,0.0,0.0,0.0,1.0
68.0,1257.0,2,1240.0,2.0,3.0,45.0,0.0,0.0,0.0,1.0
80.0,547.0,2,1200.0,2.0,2.0,54.0,1.0,0.0,0.0,0.0
80.0,684.0,2,1100.0,2.0,1.0,41.16,0.0,0.0,0.0,1.0
80.0,756.0,2,1180.0,2.0,1.0,128.0,0.0,0.0,1.0,0.0
80.0,1257.0,2,1115.0,2.0,1.0,50.0,0.0,0.0,0.0,1.0
80.0,671.0,2,845.0,2.0,1.0,33.0,0.0,0.0,0.0,1.0
26.0,797.0,3,1567.2,2.0,0.0,190.0,0.0,0.0,0.0,1.0
80.0,1035.0,3,1310.0,2.0,2.0,45.0,0.0,0.0,0.0,1.0
38.0,106.0,1,26136.0,1.0,0.0,150.0,0.0,0.0,0.0,1.0
80.0,386.0,2,959.0,2.0,1.0,42.5,0.0,0.0,0.0,1.0
80.0,97.0,4,1200.0,4.0,1.0,140.0,0.0,0.0,0.0,1.0
80.0,60.0,2,883.0,2.0,1.0,37.0,0.0,0.0,0.0,1.0
80.0,668.0,2,1050.0,2.0,2.0,55.5,0.0,0.0,0.0,1.0
80.0,394.0,2,1390.0,2.0,2.0,70.21,0.0,0.0,0.0,1.0
37.0,302.0,2,1188.0,2.0,3.0,46.0,0.0,0.0,0.0,1.0
80.0,302.0,3,1280.0,2.0,2.0,69.0,0.0,0.0,0.0,1.0
80.0,843.0,7,1280.0,5.0,3.0,150.0,1.0,0.0,0.0,0.0
80.0,841.0,3,1614.0,3.0,2.0,95.0,0.0,0.0,0.0,1.0
27.0,70.0,2,1000.0,2.0,0.0,58.0,0.0,0.0,0.0,1.0
80.0,981.0,2,1196.0,2.0,2.0,57.9,0.0,0.0,0.0,1.0
80.0,944.0,3,1220.0,3.0,2.0,57.0,1.0,0.0,0.0,0.0
80.0,1258.0,2,950.0,2.0,1.0,31.95,0.0,0.0,0.0,1.0
80.0,875.0,9,2400.0,8.0,1.0,325.0,0.0,0.0,0.0,1.0
80.0,1076.0,2,1141.0,2.0,1.0,55.0,0.0,0.0,0.0,1.0
80.0,28.0,2,1200.0,2.0,2.0,51.0,1.0,0.0,0.0,0.0
80.0,1257.0,3,1380.0,2.0,2.0,55.0,0.0,0.0,1.0,0.0
80.0,1035.0,2,855.0,2.0,1.0,32.0,0.0,0.0,0.0,1.0
80.0,797.0,1,645.0,1.0,1.0,16.45,0.0,0.0,0.0,1.0
80.0,1035.0,2,922.0,2.0,1.0,36.0,0.0,0.0,0.0,1.0
80.0,511.0,2,1200.0,2.0,2.0,43.2,1.0,0.0,0.0,0.0
80.0,1035.0,3,1240.0,2.0,2.0,65.0,0.0,0.0,0.0,1.0
80.0,1035.0,2,1070.0,2.0,2.0,42.0,0.0,0.0,0.0,1.0
28.0,555.0,2,1293.0,2.0,2.0,75.0,0.0,0.0,0.0,1.0
80.0,1035.0,3,1380.0,2.0,1.0,50.0,0.0,0.0,0.0,1.0
80.0,504.0,3,1599.0,3.0,2.0,80.0,0.0,0.0,0.0,1.0
63.0,213.0,2,967.0,2.0,2.0,41.1,0.0,0.0,0.0,1.0
33.0,1248.0,3,1885.0,3.0,3.0,90.0,0.0,0.0,0.0,1.0
80.0,662.0,2,860.0,2.0,2.0,65.5,0.0,0.0,0.0,1.0
32.0,983.0,1,1075.0,1.0,0.0,19.5,0.0,0.0,0.0,1.0
80.0,662.0,2,1050.0,2.0,1.0,63.5,0.0,0.0,0.0,1.0
75.0,528.0,3,1595.0,3.0,2.0,88.0,0.0,0.0,0.0,1.0
26.0,1035.0,2,1350.0,2.0,2.0,102.0,0.0,0.0,0.0,1.0
80.0,678.0,2,1204.0,2.0,2.0,45.0,1.0,0.0,0.0,0.0
80.0,533.0,4,2990.0,4.0,1.0,240.0,0.0,0.0,0.0,1.0
49.0,797.0,2,1035.0,2.0,2.0,49.0,0.0,0.0,0.0,1.0
80.0,1192.0,2,1000.0,2.0,1.0,29.95,0.0,0.0,0.0,1.0
80.0,686.0,3,1457.0,3.0,3.0,85.0,1.0,0.0,0.0,0.0
80.0,60.0,2,1194.0,2.0,2.0,47.0,0.0,0.0,0.0,1.0
12.0,417.0,2,1100.0,2.0,1.0,66.0,1.0,0.0,0.0,0.0
80.0,293.0,3,1655.0,3.0,3.0,120.0,0.0,0.0,0.0,1.0
31.0,72.0,3,1691.2,3.0,1.0,115.0,0.0,0.0,0.0,1.0
80.0,140.0,2,1215.0,2.0,1.0,46.1,0.0,0.0,1.0,0.0
28.0,511.0,2,1155.0,2.0,0.0,50.125,0.0,0.0,0.0,1.0
80.0,192.0,3,1639.0,3.0,2.0,129.0,0.0,0.0,0.0,1.0
80.0,1035.0,3,1685.0,3.0,1.0,135.0,0.0,0.0,0.0,1.0
26.0,1248.0,5,1008.0,4.0,2.0,180.0,0.0,0.0,0.0,1.0
80.0,516.0,2,1100.0,2.0,3.0,38.0,0.0,0.0,0.0,1.0
80.0,504.0,3,2122.0,3.0,2.0,125.0,0.0,0.0,0.0,1.0
19.0,116.0,2,1050.0,2.0,2.0,47.0,0.0,0.0,0.0,1.0
80.0,1175.0,2,1230.0,2.0,2.0,45.0,0.0,0.0,0.0,1.0
80.0,348.0,3,1240.0,3.0,2.0,60.0,0.0,0.0,0.0,1.0
40.0,302.0,3,1252.0,2.0,3.0,65.0,0.0,0.0,0.0,1.0
80.0,520.0,3,1374.0,2.0,2.0,88.0,1.0,0.0,0.0,0.0
80.0,633.0,1,500.0,1.0,1.0,30.0,0.0,0.0,0.0,1.0
80.0,1258.0,8,1200.0,8.0,2.0,225.0,0.0,0.0,0.0,1.0
34.0,1226.0,3,1355.0,3.0,2.0,83.87,0.0,0.0,0.0,1.0
80.0,944.0,2,1040.0,2.0,3.0,45.0,1.0,0.0,0.0,0.0
80.0,140.0,2,1350.0,2.0,2.0,68.0,0.0,0.0,1.0,0.0
26.0,1261.0,4,4003.0,6.0,3.0,300.0,0.0,0.0,1.0,0.0
33.0,987.0,3,2400.0,3.0,1.0,135.0,1.0,0.0,0.0,0.0
80.0,532.0,3,1560.0,3.0,1.0,90.0,0.0,0.0,0.0,1.0
80.0,504.0,2,1151.0,2.0,1.0,43.16,0.0,0.0,0.0,1.0
80.0,290.0,3,1360.0,2.0,2.0,47.59,0.0,0.0,0.0,1.0
80.0,42.0,2,1250.0,2.0,2.0,60.0,0.0,0.0,1.0,0.0
80.0,1175.0,3,1110.0,2.0,2.0,29.97,1.0,0.0,0.0,0.0
80.0,511.0,2,1015.0,2.0,2.0,50.0,0.0,0.0,0.0,1.0
34.0,811.0,3,1351.0,2.0,2.0,78.0,1.0,0.0,0.0,0.0
80.0,1263.0,2,960.0,2.0,2.0,50.0,0.0,0.0,0.0,1.0
34.0,1035.0,2,1110.0,2.0,2.0,52.0,0.0,0.0,1.0,0.0
80.0,1248.0,3,1680.0,3.0,2.0,72.0,1.0,0.0,0.0,0.0
80.0,1238.0,3,2400.0,3.0,1.0,180.0,0.0,0.0,0.0,1.0
80.0,147.0,4,11000.0,5.0,3.0,2000.0,0.0,0.0,0.0,1.0
80.0,459.0,3,1350.0,3.0,2.0,48.6,0.0,0.0,0.0,1.0
80.0,783.0,2,1254.0,2.0,2.0,47.0,0.0,0.0,1.0,0.0
80.0,565.0,3,1255.0,3.0,2.0,115.0,0.0,0.0,1.0,0.0
38.0,834.0,2,1051.0,2.0,3.0,61.0,0.0,0.0,0.0,1.0
80.0,1248.0,3,1200.0,3.0,1.0,205.0,0.0,0.0,1.0,0.0
80.0,822.0,2,1099.0,2.0,2.0,65.0,0.0,0.0,1.0,0.0
80.0,1248.0,3,2650.0,4.0,3.0,199.0,0.0,0.0,0.0,1.0
80.0,633.0,4,2000.0,2.0,1.0,160.0,0.0,0.0,0.0,1.0
80.0,304.0,2,1541.0,2.0,2.0,130.0,0.0,0.0,0.0,1.0
80.0,334.0,3,1200.0,3.0,2.0,70.0,0.0,0.0,0.0,1.0
80.0,168.0,2,1125.0,2.0,2.0,45.0,0.0,0.0,1.0,0.0
80.0,472.0,3,1650.0,3.0,2.0,85.0,0.0,0.0,0.0,1.0
80.0,557.0,1,834.0,1.0,1.0,62.0,0.0,0.0,0.0,1.0
80.0,1029.0,3,1320.0,3.0,2.0,60.0,0.0,0.0,0.0,1.0
80.0,639.0,3,1200.0,3.0,1.0,149.0,1.0,0.0,0.0,0.0
80.0,547.0,8,1000.0,7.0,0.0,160.0,0.0,0.0,0.0,1.0
80.0,1175.0,3,1500.0,3.0,2.0,74.0,0.0,0.0,0.0,1.0
80.0,400.0,4,4400.0,5.0,2.0,500.0,0.0,0.0,0.0,1.0
80.0,792.0,1,600.0,1.0,0.0,52.0,1.0,0.0,0.0,0.0
80.0,533.0,2,1180.0,2.0,2.0,70.0,1.0,0.0,0.0,0.0
80.0,668.0,2,1010.0,2.0,1.0,50.0,0.0,0.0,0.0,1.0
80.0,968.0,2,1070.0,2.0,1.0,38.0,0.0,0.0,0.0,1.0
80.0,230.0,3,1580.0,3.0,3.0,105.0,0.0,0.0,0.0,1.0
80.0,333.0,4,1200.0,5.0,1.0,325.0,0.0,0.0,0.0,1.0
80.0,583.0,3,2000.0,3.0,1.0,165.0,0.0,0.0,0.0,1.0
80.0,56.0,3,1920.0,3.0,2.0,130.0,0.0,0.0,1.0,0.0
80.0,1257.0,3,1200.0,2.0,1.0,76.0,1.0,0.0,0.0,0.0
32.0,27.0,2,1040.0,2.0,2.0,45.0,0.0,0.0,0.0,1.0
80.0,1257.0,3,1430.0,2.0,2.0,90.0,1.0,0.0,0.0,0.0
80.0,759.0,3,1215.0,2.0,2.0,52.85,0.0,0.0,0.0,1.0
80.0,688.0,1,650.0,1.0,1.0,70.0,0.0,0.0,0.0,1.0
34.0,983.0,3,1564.0,3.0,1.0,105.0,0.0,0.0,0.0,1.0
80.0,511.0,3,800.0,2.0,1.0,52.0,0.0,0.0,0.0,1.0
47.0,1035.0,2,750.0,2.0,0.0,58.0,0.0,0.0,0.0,1.0
80.0,293.0,2,1200.0,2.0,2.0,60.0,1.0,0.0,0.0,0.0
80.0,464.0,2,1128.0,2.0,1.0,48.79,0.0,0.0,1.0,0.0
80.0,431.0,2,1200.0,2.0,2.0,44.4,1.0,0.0,0.0,0.0
26.0,649.0,4,2000.0,4.0,1.0,135.0,0.0,0.0,0.0,1.0
80.0,1035.0,3,2750.0,3.0,1.0,260.0,1.0,0.0,0.0,0.0
34.0,668.0,4,2400.0,4.0,2.0,480.0,0.0,0.0,1.0,0.0
80.0,275.0,3,1650.0,3.0,3.0,105.0,0.0,0.0,1.0,0.0
80.0,719.0,2,1235.0,2.0,2.0,148.0,0.0,0.0,0.0,1.0
27.0,656.0,2,1200.0,2.0,2.0,55.0,0.0,0.0,0.0,1.0
80.0,417.0,6,900.0,5.0,1.0,100.0,1.0,0.0,0.0,0.0
80.0,1225.0,2,985.0,2.0,2.0,42.0,0.0,0.0,0.0,1.0
80.0,484.0,3,1475.0,2.0,2.0,63.0,0.0,0.0,1.0,0.0
80.0,706.0,3,3450.0,5.0,0.0,348.0,0.0,0.0,1.0,0.0
80.0,673.0,3,1157.0,2.0,1.0,53.99,0.0,0.0,0.0,1.0
29.0,892.0,2,900.0,2.0,3.0,35.0,0.0,0.0,0.0,1.0
80.0,1257.0,4,2500.0,3.0,2.0,120.0,0.0,0.0,0.0,1.0
80.0,910.0,2,1030.0,2.0,1.0,60.0,0.0,0.0,0.0,1.0
80.0,273.0,2,1000.0,2.0,1.0,46.0,0.0,0.0,0.0,1.0
58.0,27.0,4,3800.0,3.0,3.0,325.0,0.0,0.0,0.0,1.0
80.0,996.0,4,4260.0,4.0,2.0,333.0,1.0,0.0,0.0,0.0
80.0,1256.0,5,1950.0,6.0,3.0,175.0,0.0,0.0,0.0,1.0
80.0,949.0,3,1570.0,2.0,2.0,65.94,0.0,0.0,0.0,1.0
80.0,507.0,2,1283.0,2.0,2.0,68.0,1.0,0.0,0.0,0.0
80.0,1085.0,3,875.0,2.0,2.0,40.0,1.0,0.0,0.0,0.0
80.0,1248.0,2,1200.0,2.0,2.0,52.0,0.0,0.0,0.0,1.0
80.0,531.0,3,2700.0,3.0,0.0,500.0,0.0,0.0,0.0,1.0
80.0,230.0,3,2400.0,2.0,3.0,180.0,0.0,0.0,0.0,1.0
80.0,917.0,3,1250.0,2.0,2.0,68.75,0.0,0.0,0.0,1.0
80.0,829.0,4,3630.0,6.0,1.0,196.0,1.0,0.0,0.0,0.0
80.0,228.0,2,990.0,2.0,2.0,37.62,0.0,0.0,0.0,1.0
80.0,524.0,2,1199.0,2.0,1.0,85.0,0.0,0.0,1.0,0.0
80.0,491.0,2,1280.0,2.0,2.0,90.0,1.0,0.0,0.0,0.0
80.0,1238.0,4,2750.0,4.0,0.0,413.0,0.0,0.0,0.0,1.0
28.0,573.0,2,1190.0,2.0,1.0,55.0,0.0,0.0,0.0,1.0
80.0,1035.0,2,1100.0,2.0,2.0,60.0,0.0,0.0,0.0,1.0
35.0,467.0,3,2075.0,3.0,1.0,175.0,0.0,0.0,0.0,1.0
80.0,492.0,2,1133.0,2.0,1.0,55.0,0.0,0.0,0.0,1.0
28.0,1035.0,4,2400.0,3.0,3.0,140.0,0.0,0.0,0.0,1.0
80.0,437.0,2,1280.0,2.0,2.0,69.0,0.0,0.0,1.0,0.0
80.0,1212.0,3,1250.0,3.0,2.0,65.0,1.0,0.0,0.0,0.0
80.0,415.0,3,1565.0,2.0,2.0,49.3,0.0,0.0,0.0,1.0
80.0,770.0,3,1900.0,3.0,0.0,65.0,0.0,0.0,0.0,1.0
80.0,892.0,2,1080.0,2.0,2.0,45.0,0.0,0.0,0.0,1.0
80.0,533.0,1,600.0,1.0,0.0,47.0,1.0,0.0,0.0,0.0
80.0,492.0,3,1240.0,4.0,1.0,180.0,0.0,0.0,0.0,1.0
80.0,268.0,3,1335.0,2.0,1.0,87.0,0.0,0.0,0.0,1.0
26.0,1144.0,2,1246.0,2.0,1.0,67.3,0.0,0.0,0.0,1.0
66.0,363.0,3,3496.5,2.0,1.0,237.5,0.0,0.0,0.0,1.0
80.0,863.0,3,1385.0,3.0,1.0,55.0,0.0,0.0,0.0,1.0
80.0,173.0,3,1578.0,3.0,1.0,73.9,0.0,0.0,0.0,1.0
80.0,116.0,2,1140.0,2.0,2.0,46.0,1.0,0.0,0.0,0.0
80.0,29.0,3,1700.0,3.0,1.0,79.9,0.0,0.0,0.0,1.0
80.0,275.0,4,1050.0,4.0,0.0,90.0,0.0,0.0,0.0,1.0
80.0,1248.0,2,1120.0,2.0,1.0,70.0,0.0,0.0,0.0,1.0
80.0,503.0,1,435.0,1.0,1.0,22.0,0.0,0.0,0.0,1.0
80.0,632.0,2,1116.0,2.0,1.0,51.89,0.0,0.0,0.0,1.0
80.0,639.0,3,1480.0,3.0,2.0,95.0,0.0,0.0,0.0,1.0
80.0,45.0,2,1000.0,2.0,2.0,50.0,0.0,0.0,1.0,0.0
80.0,65.0,2,1145.0,2.0,2.0,46.0,0.0,0.0,0.0,1.0
63.0,528.0,2,800.0,1.0,1.0,32.0,0.0,0.0,0.0,1.0
80.0,797.0,2,1265.0,2.0,1.0,83.0,0.0,0.0,0.0,1.0
80.0,958.0,3,1700.0,3.0,0.0,88.2,0.0,0.0,0.0,1.0
80.0,1257.0,2,1475.0,2.0,1.0,70.0,0.0,0.0,0.0,1.0
80.0,1037.0,2,1265.0,2.0,2.0,55.0,0.0,0.0,0.0,1.0
80.0,119.0,2,1200.0,2.0,0.0,58.0,1.0,0.0,0.0,0.0
80.0,1149.0,3,2180.0,3.0,2.0,210.0,0.0,0.0,0.0,1.0
27.0,417.0,2,1080.0,2.0,3.0,50.0,1.0,0.0,0.0,0.0
80.0,275.0,3,2023.0,4.0,2.0,130.0,1.0,0.0,0.0,0.0
80.0,771.0,2,2400.0,2.0,3.0,125.0,0.0,0.0,0.0,1.0
80.0,70.0,3,1545.0,2.0,2.0,66.0,0.0,0.0,0.0,1.0
80.0,512.0,3,1804.0,3.0,2.0,166.0,0.0,0.0,1.0,0.0
80.0,797.0,2,1200.0,2.0,1.0,200.0,0.0,0.0,1.0,0.0
80.0,1175.0,3,1350.0,2.0,1.0,58.0,0.0,0.0,0.0,1.0
80.0,1052.0,2,1108.0,2.0,1.0,74.23,0.0,0.0,0.0,1.0
80.0,968.0,3,1730.0,3.0,2.0,115.0,0.0,0.0,0.0,1.0
80.0,635.0,3,1427.0,2.0,3.0,70.0,0.0,0.0,0.0,1.0
80.0,781.0,2,935.0,2.0,1.0,35.53,1.0,0.0,0.0,0.0
80.0,653.0,2,1073.0,2.0,2.0,31.77,0.0,0.0,0.0,1.0
28.0,1089.0,2,960.0,2.0,3.0,37.0,0.0,0.0,0.0,1.0
80.0,561.0,3,2215.0,4.0,2.0,150.0,1.0,0.0,0.0,0.0
80.0,1105.0,2,1125.0,2.0,1.0,32.49,0.0,0.0,0.0,1.0
80.0,1144.0,2,1230.0,2.0,3.0,55.0,0.0,0.0,0.0,1.0
80.0,999.0,2,1438.0,2.0,1.0,89.0,0.0,0.0,0.0,1.0
26.0,426.0,2,1080.0,2.0,2.0,75.0,1.0,0.0,0.0,0.0
80.0,247.0,3,1200.0,3.0,1.0,125.0,0.0,0.0,0.0,1.0
80.0,662.0,2,1200.0,1.0,1.0,103.0,0.0,0.0,0.0,1.0
32.0,624.0,3,1590.0,3.0,2.0,58.0,0.0,0.0,0.0,1.0
80.0,1248.0,3,1350.0,3.0,2.0,68.0,1.0,0.0,0.0,0.0
27.0,417.0,3,1400.0,2.0,2.0,48.0,0.0,0.0,0.0,1.0
80.0,304.0,3,1560.0,2.0,3.0,72.0,0.0,0.0,1.0,0.0
34.0,451.0,4,1810.0,3.0,2.0,57.0,0.0,0.0,1.0,0.0
35.0,1035.0,3,2274.24,4.0,1.0,160.0,0.0,0.0,0.0,1.0
80.0,587.0,3,1484.0,3.0,1.0,74.18,1.0,0.0,0.0,0.0
80.0,560.0,3,1650.0,3.0,3.0,220.0,0.0,0.0,1.0,0.0
80.0,986.0,3,1455.0,2.0,2.0,55.0,0.0,0.0,1.0,0.0
31.0,250.0,3,2280.0,4.0,2.0,184.0,0.0,0.0,0.0,1.0
80.0,800.0,5,4900.0,5.0,1.0,980.0,1.0,0.0,0.0,0.0
31.0,267.0,3,2079.0,3.0,3.0,220.0,0.0,0.0,0.0,1.0
80.0,924.0,2,1351.0,2.0,2.0,74.0,0.0,0.0,0.0,1.0
43.0,662.0,3,1223.0,2.0,2.0,42.81,0.0,0.0,0.0,1.0
80.0,681.0,3,1430.0,2.0,1.0,61.0,1.0,0.0,0.0,0.0
80.0,843.0,4,3589.0,5.0,0.0,400.0,0.0,0.0,0.0,1.0
80.0,528.0,3,1310.0,2.0,2.0,37.83,0.0,0.0,0.0,1.0
80.0,972.0,4,1800.0,4.0,1.0,300.0,0.0,0.0,1.0,0.0
80.0,482.0,4,1120.0,4.0,2.0,175.0,0.0,0.0,0.0,1.0
80.0,234.0,2,984.0,2.0,1.0,55.0,0.0,0.0,0.0,1.0
45.0,534.0,3,1770.0,3.0,3.0,100.0,0.0,0.0,0.0,1.0
80.0,960.0,2,900.0,3.0,1.0,105.0,0.0,0.0,0.0,1.0
80.0,1155.0,5,1350.0,5.0,1.0,120.0,1.0,0.0,0.0,0.0
80.0,511.0,2,1447.0,2.0,1.0,75.97,0.0,0.0,0.0,1.0
45.0,534.0,2,1140.0,2.0,1.0,60.0,0.0,0.0,0.0,1.0
80.0,423.0,2,1170.0,2.0,3.0,34.0,1.0,0.0,0.0,0.0
80.0,230.0,2,1160.0,2.0,2.0,46.39,0.0,0.0,0.0,1.0
80.0,1175.0,2,1296.0,2.0,1.0,89.0,0.0,0.0,0.0,1.0
80.0,1149.0,3,1570.0,3.0,2.0,80.0,0.0,0.0,0.0,1.0
80.0,397.0,3,1495.0,2.0,2.0,65.0,0.0,0.0,0.0,1.0
80.0,626.0,3,1530.0,2.0,2.0,67.0,0.0,0.0,0.0,1.0
80.0,103.0,5,900.0,4.0,0.0,140.0,0.0,0.0,0.0,1.0
80.0,1218.0,3,1800.0,3.0,1.0,70.0,0.0,0.0,0.0,1.0
80.0,1214.0,2,1088.0,2.0,2.0,48.0,1.0,0.0,0.0,0.0
80.0,1034.0,3,1533.0,3.0,1.0,98.18,0.0,0.0,0.0,1.0
49.0,1258.0,2,1100.0,2.0,1.0,68.0,0.0,0.0,0.0,1.0
51.0,230.0,3,1540.0,3.0,3.0,90.0,0.0,0.0,0.0,1.0
80.0,1218.0,2,1244.0,3.0,1.0,48.0,0.0,0.0,0.0,1.0
80.0,507.0,2,1040.0,2.0,1.0,68.59,0.0,0.0,0.0,1.0
34.0,268.0,6,1034.0,6.0,2.0,101.0,0.0,0.0,0.0,1.0
80.0,684.0,2,1260.0,2.0,1.0,39.69,0.0,0.0,1.0,0.0
80.0,561.0,2,1180.0,2.0,1.0,41.3,0.0,0.0,0.0,1.0
28.0,1248.0,2,1245.0,2.0,2.0,100.0,0.0,0.0,0.0,1.0
32.0,534.0,3,1350.0,3.0,0.0,75.0,0.0,0.0,0.0,1.0
80.0,1111.0,3,1464.0,3.0,2.0,56.0,0.0,0.0,1.0,0.0
80.0,517.0,1,470.0,2.0,1.0,10.0,0.0,0.0,1.0,0.0
80.0,295.0,2,920.0,2.0,2.0,60.0,0.0,0.0,0.0,1.0
80.0,1149.0,6,2300.0,7.0,0.0,160.0,0.0,0.0,0.0,1.0
80.0,217.0,2,1124.0,2.0,1.0,30.35,0.0,0.0,0.0,1.0
80.0,520.0,4,2095.0,3.0,1.0,109.0,0.0,0.0,0.0,1.0
80.0,1175.0,2,1100.0,2.0,1.0,71.42,0.0,0.0,0.0,1.0
80.0,511.0,2,1019.0,2.0,1.0,58.0,0.0,0.0,0.0,1.0
80.0,719.0,3,1756.0,3.0,2.0,128.0,1.0,0.0,0.0,0.0
80.0,431.0,3,1280.0,3.0,1.0,50.0,1.0,0.0,0.0,0.0
80.0,350.0,4,1200.0,3.0,2.0,125.0,0.0,0.0,0.0,1.0
80.0,201.0,3,1700.0,3.0,2.0,150.0,0.0,0.0,0.0,1.0
54.0,265.0,3,2134.0,4.0,2.0,118.0,0.0,0.0,0.0,1.0
80.0,784.0,2,1369.1,2.0,1.0,98.0,1.0,0.0,0.0,0.0
80.0,240.0,3,600.0,3.0,1.0,69.0,1.0,0.0,0.0,0.0
80.0,648.0,3,1313.0,4.0,1.0,150.0,0.0,0.0,0.0,1.0
80.0,845.0,3,2515.0,4.0,3.0,155.0,1.0,0.0,0.0,0.0
80.0,149.0,3,2215.0,4.0,2.0,154.0,0.0,0.0,0.0,1.0
80.0,229.0,3,1440.0,3.0,2.0,72.0,1.0,0.0,0.0,0.0
80.0,358.0,3,1186.0,2.0,2.0,55.33,0.0,0.0,0.0,1.0
26.0,265.0,3,1350.0,2.0,2.0,47.24,0.0,0.0,0.0,1.0
52.0,286.0,3,1800.0,3.0,2.0,140.0,0.0,0.0,0.0,1.0
80.0,656.0,3,1600.0,3.0,3.0,79.0,1.0,0.0,0.0,0.0
80.0,507.0,2,1000.0,2.0,1.0,35.0,0.0,0.0,0.0,1.0
32.0,1111.0,3,2275.0,3.0,3.0,285.0,0.0,0.0,0.0,1.0
80.0,382.0,3,1305.0,2.0,1.0,59.0,0.0,0.0,0.0,1.0
80.0,65.0,3,1740.0,3.0,1.0,150.0,0.0,0.0,0.0,1.0
80.0,129.0,2,900.0,2.0,1.0,90.0,0.0,0.0,0.0,1.0
80.0,520.0,2,1567.0,3.0,0.0,140.0,0.0,0.0,0.0,1.0
6.0,278.0,3,1082.0,2.0,1.0,45.5,0.0,0.0,0.0,1.0
80.0,229.0,2,1050.0,2.0,1.0,80.0,0.0,0.0,0.0,1.0
28.0,302.0,2,1200.0,2.0,1.0,56.0,0.0,0.0,0.0,1.0
80.0,711.0,3,3500.0,4.0,2.0,185.0,0.0,0.0,0.0,1.0
80.0,1230.0,2,1220.0,2.0,2.0,52.0,0.0,0.0,1.0,0.0
80.0,420.0,3,1970.0,3.0,2.0,164.0,0.0,0.0,0.0,1.0
80.0,850.0,3,2665.0,3.0,1.0,350.0,0.0,0.0,0.0,1.0
80.0,178.0,4,2130.0,4.0,0.0,120.0,0.0,0.0,0.0,1.0
80.0,175.0,3,1749.0,3.0,2.0,120.0,1.0,0.0,0.0,0.0
80.0,573.0,2,1260.0,2.0,1.0,108.0,0.0,0.0,0.0,1.0
27.0,770.0,3,11840.29,2.0,1.0,48.0,0.0,0.0,0.0,1.0
80.0,874.0,2,1170.0,2.0,2.0,120.0,0.0,0.0,0.0,1.0
80.0,5.0,3,1670.0,3.0,2.0,75.0,0.0,0.0,0.0,1.0
80.0,1255.0,3,2264.0,3.0,2.0,168.0,0.0,0.0,1.0,0.0
80.0,173.0,4,3500.0,5.0,1.0,450.0,0.0,0.0,0.0,1.0
80.0,415.0,2,1100.0,2.0,2.0,55.0,1.0,0.0,0.0,0.0
52.0,892.0,2,674.0,1.0,1.0,19.9,0.0,0.0,0.0,1.0
80.0,464.0,2,1320.0,2.0,1.0,160.0,0.0,0.0,0.0,1.0
26.0,504.0,4,600.0,4.0,2.0,85.0,0.0,0.0,0.0,1.0
63.0,662.0,2,1125.0,2.0,2.0,65.0,0.0,0.0,0.0,1.0
60.0,534.0,2,1125.0,2.0,2.0,44.5,0.0,0.0,0.0,1.0
80.0,1173.0,2,700.0,2.0,1.0,29.0,1.0,0.0,0.0,0.0
28.0,891.0,3,1300.0,2.0,1.0,75.0,0.0,0.0,0.0,1.0
80.0,400.0,3,1600.0,3.0,2.0,83.0,0.0,0.0,0.0,1.0
80.0,910.0,3,1052.0,2.0,1.0,60.0,0.0,0.0,0.0,1.0
42.0,302.0,4,1140.0,3.0,1.0,145.0,0.0,0.0,0.0,1.0
80.0,851.0,2,1130.0,2.0,2.0,36.0,1.0,0.0,0.0,0.0
80.0,346.0,4,1140.0,3.0,2.0,225.0,0.0,0.0,0.0,1.0
26.0,633.0,3,2200.0,3.0,3.0,220.0,0.0,0.0,0.0,1.0
80.0,633.0,3,1500.0,2.0,1.0,63.0,1.0,0.0,0.0,0.0
80.0,568.0,3,1350.0,3.0,1.0,47.25,0.0,0.0,1.0,0.0
80.0,1248.0,3,1230.0,2.0,2.0,52.0,0.0,0.0,0.0,1.0
80.0,842.0,3,1520.0,2.0,2.0,85.0,0.0,0.0,1.0,0.0
80.0,472.0,1,525.0,1.0,1.0,26.25,0.0,0.0,0.0,1.0
80.0,1248.0,2,1040.0,2.0,1.0,61.0,0.0,0.0,1.0,0.0
80.0,186.0,3,1300.0,2.0,1.0,67.0,1.0,0.0,0.0,0.0
80.0,394.0,4,2690.0,4.0,3.0,201.0,0.0,0.0,0.0,1.0
80.0,743.0,1,780.0,1.0,1.0,70.0,0.0,0.0,0.0,1.0
80.0,968.0,2,1140.0,2.0,1.0,51.2,0.0,0.0,0.0,1.0
80.0,302.0,3,1225.0,3.0,1.0,33.08,1.0,0.0,0.0,0.0
80.0,636.0,1,646.0,1.0,0.0,25.84,0.0,0.0,0.0,1.0
43.0,986.0,3,1600.0,3.0,1.0,150.0,0.0,0.0,0.0,1.0
80.0,585.0,3,1890.0,4.0,3.0,125.0,0.0,0.0,0.0,1.0
80.0,720.0,2,1050.0,2.0,1.0,34.0,0.0,0.0,0.0,1.0
26.0,1273.0,6,1200.0,4.0,2.0,100.0,0.0,0.0,1.0,0.0
80.0,624.0,3,1458.0,2.0,2.0,62.0,0.0,0.0,0.0,1.0
80.0,542.0,5,1200.0,6.0,0.0,86.0,0.0,0.0,0.0,1.0
26.0,1226.0,3,1970.0,3.0,2.0,160.0,0.0,0.0,0.0,1.0
80.0,838.0,3,1808.0,4.0,0.0,80.0,1.0,0.0,0.0,0.0
80.0,528.0,2,1007.0,2.0,1.0,67.0,0.0,0.0,1.0,0.0
29.0,910.0,2,1105.0,2.0,1.0,50.0,0.0,0.0,0.0,1.0
80.0,643.0,3,1700.0,3.0,3.0,150.0,1.0,0.0,0.0,0.0
80.0,131.0,2,1170.0,2.0,3.0,50.0,0.0,0.0,1.0,0.0
27.0,557.0,2,1080.0,2.0,3.0,45.0,0.0,0.0,0.0,1.0
80.0,1175.0,3,1150.0,2.0,1.0,62.0,0.0,0.0,0.0,1.0
80.0,834.0,2,1200.0,2.0,1.0,57.9,0.0,0.0,0.0,1.0
80.0,783.0,2,1200.0,2.0,1.0,54.0,1.0,0.0,0.0,0.0
80.0,824.0,3,1656.0,3.0,2.0,75.0,0.0,0.0,1.0,0.0
34.0,892.0,4,600.0,4.0,2.0,87.0,0.0,0.0,0.0,1.0
80.0,276.0,2,1040.0,2.0,2.0,50.0,0.0,0.0,0.0,1.0
31.0,1248.0,2,1085.0,2.0,2.0,33.7,0.0,0.0,0.0,1.0
80.0,1035.0,3,1215.0,2.0,2.0,49.75,0.0,0.0,0.0,1.0
26.0,1275.0,4,2150.0,4.0,2.0,115.0,1.0,0.0,0.0,0.0
80.0,290.0,4,1100.0,4.0,1.0,120.0,0.0,0.0,1.0,0.0
80.0,533.0,2,1210.0,2.0,1.0,77.0,0.0,0.0,1.0,0.0
80.0,924.0,2,1050.0,2.0,1.0,55.0,0.0,0.0,1.0,0.0
80.0,983.0,3,600.0,3.0,1.0,70.0,1.0,0.0,0.0,0.0
80.0,1248.0,3,1920.0,3.0,2.0,150.0,0.0,0.0,0.0,1.0
80.0,324.0,3,1250.0,2.0,1.0,50.0,0.0,0.0,0.0,1.0
80.0,157.0,2,947.55,2.0,1.0,80.0,0.0,0.0,1.0,0.0
80.0,784.0,2,1421.0,2.0,1.0,90.0,0.0,0.0,0.0,1.0
80.0,542.0,6,1050.0,4.0,2.0,155.0,0.0,0.0,1.0,0.0
80.0,1239.0,3,1425.0,2.0,2.0,74.31,0.0,0.0,0.0,1.0
80.0,725.0,2,1162.0,2.0,1.0,58.0,1.0,0.0,0.0,0.0
13.0,561.0,1,905.0,1.0,1.0,60.0,1.0,0.0,0.0,0.0
80.0,127.0,2,914.0,2.0,1.0,32.0,1.0,0.0,0.0,0.0
80.0,797.0,2,1258.0,2.0,0.0,58.0,0.0,0.0,0.0,1.0
80.0,1257.0,4,1100.0,4.0,2.0,220.0,0.0,0.0,0.0,1.0
26.0,201.0,4,3500.0,4.0,1.0,289.0,1.0,0.0,0.0,0.0
80.0,70.0,7,2400.0,6.0,1.0,450.0,0.0,0.0,0.0,1.0
80.0,582.0,4,4200.0,4.0,1.0,800.0,1.0,0.0,0.0,0.0
80.0,276.0,3,1537.0,2.0,3.0,70.0,0.0,0.0,0.0,1.0
80.0,70.0,3,1230.0,2.0,2.0,53.51,1.0,0.0,0.0,0.0
80.0,472.0,6,2400.0,5.0,2.0,300.0,0.0,0.0,0.0,1.0
80.0,70.0,3,2250.0,3.0,1.0,200.0,0.0,0.0,0.0,1.0
40.0,1201.0,4,2000.0,4.0,1.0,69.0,0.0,0.0,0.0,1.0
34.0,1256.0,8,3000.0,4.0,3.0,130.0,0.0,0.0,1.0,0.0
80.0,1257.0,4,2600.0,4.0,0.0,325.0,1.0,0.0,0.0,0.0
80.0,668.0,4,3200.0,3.0,2.0,250.0,1.0,0.0,0.0,0.0
80.0,520.0,2,950.0,2.0,0.0,32.0,0.0,0.0,1.0,0.0
80.0,1263.0,4,4000.0,4.0,1.0,200.0,0.0,0.0,0.0,1.0
52.0,662.0,3,1282.0,2.0,1.0,48.72,0.0,1.0,0.0,0.0
45.0,461.0,2,1304.0,2.0,0.0,111.0,0.0,0.0,0.0,1.0
80.0,520.0,3,2100.0,3.0,2.0,200.0,0.0,0.0,0.0,1.0
21.0,817.0,3,1220.0,2.0,2.0,49.0,1.0,0.0,0.0,0.0
80.0,210.0,3,1636.0,3.0,2.0,85.0,0.0,0.0,1.0,0.0
80.0,1035.0,3,1415.0,3.0,1.0,65.0,0.0,0.0,1.0,0.0
80.0,420.0,3,1728.0,3.0,2.0,125.0,0.0,0.0,0.0,1.0
80.0,1157.0,3,1680.0,3.0,3.0,125.0,1.0,0.0,0.0,0.0
80.0,201.0,2,1235.0,2.0,1.0,140.0,0.0,0.0,1.0,0.0
80.0,222.0,4,900.0,2.0,1.0,115.0,1.0,0.0,0.0,0.0
80.0,415.0,4,3990.0,4.0,1.0,260.0,0.0,0.0,0.0,1.0
80.0,892.0,2,1495.0,2.0,2.0,83.0,0.0,0.0,0.0,1.0
80.0,150.0,5,1500.0,5.0,1.0,175.0,0.0,0.0,0.0,1.0
80.0,1257.0,3,2501.0,3.0,3.0,138.0,1.0,0.0,0.0,0.0
80.0,334.0,1,381.0,1.0,0.0,28.0,1.0,0.0,0.0,0.0
80.0,512.0,4,3301.8,5.0,2.0,570.0,1.0,0.0,0.0,0.0
80.0,797.0,3,2002.0,3.0,2.0,120.0,1.0,0.0,0.0,0.0
80.0,266.0,3,3200.0,3.0,0.0,260.0,0.0,0.0,0.0,1.0
80.0,875.0,2,1200.0,2.0,2.0,70.0,1.0,0.0,0.0,0.0
42.0,662.0,4,1500.0,3.0,0.0,235.0,1.0,0.0,0.0,0.0
80.0,686.0,3,1942.0,3.0,1.0,90.0,1.0,0.0,0.0,0.0
80.0,2.0,3,1522.5,2.0,1.0,60.75,0.0,0.0,0.0,1.0
80.0,1035.0,1,660.0,1.0,0.0,95.0,0.0,0.0,0.0,1.0
30.0,534.0,4,1200.0,6.0,2.0,170.0,1.0,0.0,0.0,0.0
80.0,968.0,3,1450.0,3.0,2.0,90.0,0.0,0.0,0.0,1.0
80.0,1248.0,2,1039.0,2.0,1.0,50.0,0.0,0.0,0.0,1.0
80.0,624.0,2,1210.0,2.0,1.0,80.0,0.0,0.0,1.0,0.0
80.0,415.0,2,995.0,1.0,1.0,24.88,0.0,0.0,0.0,1.0
29.0,1186.0,3,1620.0,3.0,2.0,90.0,0.0,0.0,0.0,1.0
80.0,355.0,3,3204.0,4.0,3.0,395.0,0.0,0.0,0.0,1.0
80.0,395.0,3,3408.0,3.0,3.0,260.0,0.0,0.0,0.0,1.0
80.0,1156.0,2,1314.0,2.0,3.0,55.0,0.0,0.0,1.0,0.0
80.0,729.0,2,945.0,2.0,1.0,33.0,0.0,0.0,0.0,1.0
31.0,302.0,3,1374.0,3.0,2.0,72.0,0.0,0.0,0.0,1.0
80.0,420.0,3,1603.0,3.0,3.0,113.0,0.0,0.0,0.0,1.0
80.0,797.0,3,1230.0,2.0,2.0,52.0,0.0,0.0,0.0,1.0
54.0,180.0,1,670.0,1.0,1.0,50.0,0.0,0.0,0.0,1.0
80.0,417.0,4,1864.0,3.0,2.0,105.0,0.0,0.0,0.0,1.0
80.0,198.0,3,2500.0,3.0,2.0,100.0,0.0,0.0,1.0,0.0
80.0,511.0,3,1625.0,2.0,2.0,54.0,0.0,0.0,0.0,1.0
80.0,963.0,2,1186.0,2.0,3.0,55.0,1.0,0.0,0.0,0.0
80.0,504.0,8,1500.0,7.0,2.0,382.0,0.0,0.0,0.0,1.0
80.0,275.0,2,770.0,1.0,1.0,39.9,0.0,0.0,0.0,1.0
80.0,1034.0,2,1085.0,2.0,1.0,45.0,0.0,0.0,0.0,1.0
80.0,70.0,4,3754.0,6.0,2.0,480.0,0.0,0.0,0.0,1.0
32.0,72.0,3,1893.0,3.0,2.0,115.0,0.0,0.0,0.0,1.0
43.0,350.0,4,600.0,3.0,2.0,65.0,0.0,0.0,0.0,1.0
80.0,1111.0,3,1496.0,2.0,3.0,78.0,0.0,0.0,0.0,1.0
80.0,306.0,3,1305.0,3.0,1.0,33.28,0.0,0.0,0.0,1.0
80.0,233.0,3,1550.0,2.0,2.0,82.0,0.0,0.0,0.0,1.0
80.0,1218.0,3,1200.0,2.0,1.0,58.17,0.0,0.0,1.0,0.0
80.0,624.0,3,1494.0,2.0,2.0,94.55,0.0,0.0,1.0,0.0
80.0,743.0,2,1286.0,2.0,2.0,69.0,0.0,0.0,0.0,1.0
80.0,72.0,3,600.0,4.0,1.0,100.0,0.0,0.0,0.0,1.0
26.0,1035.0,3,1860.0,3.0,2.0,95.0,0.0,0.0,0.0,1.0
80.0,968.0,1,425.0,1.0,1.0,750.0,0.0,0.0,0.0,1.0
80.0,639.0,2,1243.0,2.0,2.0,45.0,0.0,0.0,0.0,1.0
80.0,892.0,2,1200.0,2.0,2.0,75.0,0.0,0.0,0.0,1.0
80.0,972.0,2,1044.0,2.0,2.0,32.0,0.0,0.0,0.0,1.0
25.0,150.0,2,1040.0,2.0,1.0,41.59,0.0,0.0,0.0,1.0
80.0,986.0,2,1125.0,2.0,2.0,36.94,0.0,0.0,0.0,1.0
80.0,1102.0,3,3489.0,3.0,1.0,662.0,1.0,0.0,0.0,0.0
80.0,1144.0,3,1278.0,2.0,2.0,59.0,0.0,0.0,0.0,1.0
79.0,668.0,6,2400.0,6.0,1.0,98.0,0.0,0.0,1.0,0.0
80.0,1035.0,2,1250.0,2.0,1.0,43.0,0.0,0.0,0.0,1.0
80.0,1248.0,5,2400.0,6.0,3.0,125.0,1.0,0.0,0.0,0.0
80.0,719.0,5,4166.0,5.0,1.0,560.0,0.0,0.0,0.0,1.0
43.0,1175.0,2,1210.0,2.0,2.0,75.0,0.0,0.0,0.0,1.0
26.0,417.0,4,1200.0,3.0,2.0,110.0,0.0,0.0,0.0,1.0
80.0,1248.0,3,1157.0,2.0,1.0,57.84,0.0,0.0,0.0,1.0
80.0,1175.0,2,1185.0,2.0,1.0,51.15,1.0,0.0,0.0,0.0
80.0,865.0,3,1450.0,3.0,3.0,100.0,0.0,0.0,0.0,1.0
45.0,520.0,3,1859.0,3.0,2.0,121.0,0.0,0.0,0.0,1.0
26.0,504.0,2,1763.0,3.0,2.0,262.0,0.0,0.0,0.0,1.0
80.0,644.0,2,900.0,1.0,1.0,25.0,1.0,0.0,0.0,0.0
80.0,38.0,3,1305.0,3.0,1.0,60.0,0.0,0.0,1.0,0.0
80.0,624.0,3,1200.0,2.0,2.0,100.0,0.0,0.0,1.0,0.0
80.0,968.0,1,784.0,1.0,0.0,35.285,0.0,0.0,0.0,1.0
80.0,96.0,2,5000.0,2.0,1.0,400.0,1.0,0.0,0.0,0.0
80.0,394.0,2,1150.0,2.0,0.0,36.8,1.0,0.0,0.0,0.0
40.0,582.0,3,1806.0,3.0,3.0,85.0,0.0,0.0,0.0,1.0
80.0,585.0,2,1027.0,2.0,2.0,42.0,1.0,0.0,0.0,0.0
31.0,876.0,2,1002.0,2.0,1.0,40.08,0.0,0.0,1.0,0.0
80.0,852.0,3,1220.0,2.0,1.0,36.21,0.0,0.0,1.0,0.0
80.0,834.0,2,1109.0,2.0,1.0,35.22,0.0,0.0,0.0,1.0
80.0,1144.0,2,1002.0,2.0,1.0,40.08,0.0,0.0,0.0,1.0
80.0,70.0,2,1308.0,2.0,1.0,89.04,0.0,0.0,1.0,0.0
80.0,545.0,2,1232.0,2.0,1.0,69.6,0.0,0.0,1.0,0.0
80.0,228.0,2,1027.0,2.0,2.0,44.0,0.0,0.0,0.0,1.0
28.0,729.0,2,1250.0,2.0,2.0,65.0,0.0,0.0,0.0,1.0
36.0,1248.0,6,900.0,6.0,3.0,170.0,0.0,0.0,0.0,1.0
29.0,1257.0,4,960.0,4.0,2.0,80.0,0.0,0.0,0.0,1.0
80.0,317.0,2,1255.0,2.0,1.0,53.87,1.0,0.0,0.0,0.0
80.0,83.0,3,1434.0,3.0,3.0,84.0,0.0,0.0,0.0,1.0
80.0,1140.0,2,925.0,2.0,2.0,30.0,0.0,0.0,1.0,0.0
80.0,276.0,3,1858.0,3.0,1.0,123.0,0.0,0.0,0.0,1.0
28.0,520.0,2,1205.0,2.0,1.0,70.0,0.0,0.0,0.0,1.0
80.0,850.0,3,1500.0,3.0,2.0,90.0,0.0,0.0,0.0,1.0
80.0,26.0,3,1200.0,3.0,2.0,200.0,0.0,0.0,0.0,1.0
80.0,1248.0,2,1020.0,2.0,2.0,48.95,0.0,0.0,0.0,1.0
40.0,1144.0,2,965.0,2.0,1.0,56.0,0.0,0.0,0.0,1.0
80.0,1035.0,5,1800.0,6.0,3.0,270.0,1.0,0.0,0.0,0.0
80.0,561.0,6,1200.0,4.0,2.0,90.0,0.0,0.0,1.0,0.0
80.0,842.0,2,1636.0,2.0,2.0,82.89,0.0,0.0,1.0,0.0
80.0,1140.0,3,1724.0,3.0,1.0,125.0,0.0,0.0,1.0,0.0
80.0,561.0,2,1216.0,2.0,1.0,67.0,0.0,0.0,0.0,1.0
80.0,573.0,1,654.0,1.0,1.0,36.25,1.0,0.0,0.0,0.0
80.0,619.0,4,2460.0,7.0,2.0,80.0,1.0,0.0,0.0,0.0
80.0,186.0,2,1190.0,2.0,2.0,41.0,0.0,0.0,0.0,1.0
80.0,349.0,7,1200.0,5.0,2.0,180.0,0.0,0.0,0.0,1.0
80.0,520.0,3,1636.0,3.0,2.0,92.0,0.0,0.0,0.0,1.0
80.0,752.0,2,1195.0,2.0,2.0,73.0,0.0,0.0,0.0,1.0
80.0,1184.0,3,2400.0,3.0,3.0,251.0,0.0,0.0,1.0,0.0
80.0,447.0,2,1250.0,2.0,1.0,67.0,0.0,0.0,1.0,0.0
80.0,797.0,3,1452.0,3.0,1.0,90.0,0.0,0.0,0.0,1.0
80.0,720.0,3,1546.0,3.0,1.0,95.0,0.0,0.0,1.0,0.0
80.0,629.0,4,3385.5,6.0,0.0,142.0,1.0,0.0,0.0,0.0
80.0,1248.0,3,1440.0,3.0,1.0,275.0,1.0,0.0,0.0,0.0
80.0,395.0,2,2260.0,3.0,1.0,80.0,0.0,0.0,0.0,1.0
80.0,633.0,4,2700.0,3.0,2.0,90.0,0.0,0.0,0.0,1.0
80.0,1111.0,2,1475.0,2.0,2.0,171.0,0.0,0.0,0.0,1.0
80.0,1248.0,4,3000.0,3.0,2.0,150.0,0.0,0.0,0.0,1.0
80.0,892.0,1,375.0,1.0,0.0,26.0,0.0,0.0,0.0,1.0
80.0,234.0,2,1007.0,2.0,1.0,66.0,0.0,0.0,0.0,1.0
80.0,472.0,4,5422.0,6.0,1.0,1900.0,0.0,0.0,0.0,1.0
80.0,1197.0,2,1020.0,2.0,3.0,47.0,1.0,0.0,0.0,0.0
80.0,1144.0,2,1000.0,2.0,0.0,150.0,0.0,0.0,0.0,1.0
80.0,72.0,2,800.0,3.0,1.0,59.5,0.0,0.0,0.0,1.0
35.0,1144.0,5,1200.0,3.0,2.0,95.0,0.0,0.0,0.0,1.0
80.0,641.0,2,1125.0,2.0,3.0,55.0,0.0,0.0,0.0,1.0
80.0,221.0,9,1150.0,9.0,1.0,140.0,0.0,0.0,0.0,1.0
80.0,706.0,3,909.0,2.0,1.0,43.0,0.0,0.0,1.0,0.0
80.0,1144.0,4,2850.0,5.0,0.0,240.0,0.0,0.0,0.0,1.0
80.0,267.0,2,1400.0,2.0,3.0,85.0,0.0,0.0,0.0,1.0
80.0,987.0,2,1152.0,2.0,2.0,61.0,0.0,0.0,1.0,0.0
34.0,417.0,2,958.0,2.0,1.0,34.49,0.0,0.0,0.0,1.0
80.0,124.0,2,1150.0,2.0,2.0,55.0,1.0,0.0,0.0,0.0
44.0,511.0,3,2990.0,5.0,1.0,173.0,0.0,0.0,0.0,1.0
80.0,806.0,2,1310.0,2.0,2.0,85.0,1.0,0.0,0.0,0.0
80.0,1209.0,3,1590.0,2.0,2.0,126.0,0.0,0.0,0.0,1.0
80.0,1144.0,3,1645.0,3.0,2.0,110.0,0.0,0.0,0.0,1.0
80.0,1186.0,3,1800.0,2.0,2.0,100.0,0.0,0.0,0.0,1.0
80.0,464.0,3,1795.0,3.0,2.0,150.0,0.0,0.0,0.0,1.0
80.0,838.0,2,1100.0,2.0,3.0,35.0,0.0,0.0,1.0,0.0
80.0,520.0,1,777.0,1.0,0.0,38.535,0.0,0.0,1.0,0.0
80.0,68.0,2,925.0,2.0,2.0,70.0,0.0,0.0,1.0,0.0
80.0,511.0,3,1542.14,3.0,3.0,120.0,0.0,0.0,0.0,1.0
80.0,70.0,4,3746.0,6.0,1.0,375.0,0.0,0.0,0.0,1.0
80.0,5.0,3,1430.0,2.0,2.0,54.0,0.0,0.0,0.0,1.0
80.0,1144.0,2,1020.0,2.0,2.0,55.0,1.0,0.0,0.0,0.0
78.0,363.0,4,750.0,2.0,1.0,42.0,0.0,0.0,0.0,1.0
80.0,236.0,2,1140.0,2.0,1.0,32.92,1.0,0.0,0.0,0.0
80.0,729.0,3,967.0,2.0,1.0,45.0,0.0,0.0,0.0,1.0
80.0,516.0,4,2470.0,4.0,2.0,203.0,0.0,0.0,0.0,1.0
80.0,304.0,2,850.0,1.0,0.0,35.5,0.0,0.0,0.0,1.0
80.0,513.0,2,1100.0,2.0,2.0,32.0,0.0,0.0,0.0,1.0
34.0,31.0,3,1697.0,3.0,2.0,110.0,0.0,0.0,0.0,1.0
80.0,234.0,2,1250.0,2.0,2.0,47.0,0.0,0.0,0.0,1.0
80.0,513.0,2,1120.0,2.0,2.0,50.0,0.0,0.0,0.0,1.0
80.0,686.0,4,1200.0,4.0,0.0,95.0,0.0,0.0,0.0,1.0
80.0,415.0,5,5100.0,6.0,3.0,375.0,0.0,0.0,0.0,1.0
80.0,276.0,4,2400.0,3.0,2.0,480.0,0.0,0.0,0.0,1.0
80.0,1118.0,2,1200.0,2.0,1.0,52.0,1.0,0.0,0.0,0.0
80.0,1161.0,2,1100.0,2.0,1.0,44.0,1.0,0.0,0.0,0.0
80.0,63.0,3,1417.0,2.0,2.0,76.0,0.0,0.0,0.0,1.0
80.0,604.0,3,1492.0,3.0,1.0,88.0,0.0,0.0,0.0,1.0
80.0,504.0,3,1498.0,3.0,3.0,79.15,0.0,0.0,0.0,1.0
80.0,1144.0,4,3500.0,2.0,1.0,350.0,1.0,0.0,0.0,0.0
28.0,1248.0,2,1010.0,2.0,1.0,48.27,1.0,0.0,0.0,0.0
80.0,1021.0,2,1255.0,2.0,2.0,53.5,0.0,0.0,0.0,1.0
80.0,972.0,2,1050.0,2.0,1.0,35.0,0.0,0.0,0.0,1.0
80.0,637.0,3,1847.0,3.0,2.0,125.0,0.0,0.0,0.0,1.0
80.0,520.0,2,1200.0,2.0,2.0,55.0,0.0,0.0,0.0,1.0
80.0,797.0,2,982.0,2.0,2.0,37.28,0.0,0.0,0.0,1.0
80.0,797.0,3,2144.6,4.0,2.0,145.0,1.0,0.0,0.0,0.0
80.0,520.0,2,750.0,2.0,1.0,36.5,0.0,0.0,0.0,1.0
80.0,662.0,2,919.0,2.0,2.0,35.0,0.0,0.0,0.0,1.0
80.0,652.0,2,1087.0,2.0,1.0,54.3,0.0,0.0,0.0,1.0
39.0,230.0,3,1480.0,3.0,2.0,74.0,0.0,0.0,0.0,1.0
80.0,797.0,2,1180.0,2.0,2.0,52.0,0.0,0.0,0.0,1.0
34.0,417.0,3,2100.0,4.0,2.0,255.0,0.0,0.0,0.0,1.0
80.0,631.0,3,1221.0,3.0,2.0,65.0,1.0,0.0,0.0,0.0
80.0,668.0,2,1194.0,2.0,2.0,46.0,0.0,0.0,0.0,1.0
80.0,511.0,3,2072.0,3.0,2.0,122.0,0.0,0.0,0.0,1.0
80.0,892.0,3,1600.0,3.0,2.0,69.0,0.0,0.0,0.0,1.0
80.0,968.0,3,2200.0,3.0,2.0,98.0,0.0,0.0,0.0,1.0
80.0,940.0,3,1640.0,3.0,3.0,220.0,0.0,0.0,0.0,1.0
80.0,1149.0,2,1253.0,2.0,2.0,81.5,0.0,0.0,0.0,1.0
80.0,635.0,2,1061.0,2.0,1.0,54.92,1.0,0.0,0.0,0.0
80.0,300.0,3,1950.0,3.0,2.0,115.0,1.0,0.0,0.0,0.0
80.0,276.0,2,1250.0,2.0,2.0,68.0,0.0,0.0,0.0,1.0
80.0,476.0,3,1585.0,2.0,3.0,80.0,0.0,0.0,1.0,0.0
80.0,624.0,3,1452.0,3.0,3.0,60.98,0.0,0.0,1.0,0.0
80.0,534.0,2,1015.0,2.0,2.0,37.0,0.0,0.0,0.0,1.0
80.0,431.0,4,2464.5,6.0,0.0,118.0,0.0,0.0,0.0,1.0
80.0,684.0,2,1125.0,2.0,2.0,56.8,0.0,0.0,0.0,1.0
80.0,358.0,2,1116.0,2.0,2.0,40.0,0.0,0.0,0.0,1.0
80.0,892.0,1,400.0,1.0,0.0,35.0,0.0,0.0,0.0,1.0
80.0,909.0,4,4000.0,4.0,2.0,325.0,0.0,0.0,0.0,1.0
80.0,269.0,4,3900.0,4.0,2.0,410.0,0.0,0.0,1.0,0.0
80.0,752.0,2,1300.0,2.0,2.0,100.0,0.0,0.0,0.0,1.0
80.0,54.0,2,1419.0,2.0,1.0,60.42,1.0,0.0,0.0,0.0
35.0,511.0,3,1310.0,2.0,1.0,55.0,0.0,0.0,0.0,1.0
75.0,528.0,3,2072.0,4.0,2.0,152.0,0.0,0.0,0.0,1.0
28.0,1248.0,2,1240.0,2.0,1.0,58.58,0.0,0.0,0.0,1.0
80.0,9.0,3,1565.0,3.0,2.0,98.91,0.0,0.0,0.0,1.0
80.0,415.0,3,1820.0,3.0,2.0,89.0,1.0,0.0,0.0,0.0
80.0,187.0,3,2500.0,3.0,1.0,88.0,0.0,0.0,0.0,1.0
51.0,230.0,5,3657.0,5.0,1.0,310.0,0.0,0.0,0.0,1.0
80.0,705.0,2,1245.0,2.0,1.0,62.0,0.0,0.0,1.0,0.0
80.0,206.0,3,1315.0,3.0,1.0,65.0,0.0,0.0,0.0,1.0
80.0,464.0,3,1410.0,2.0,2.0,73.0,0.0,0.0,0.0,1.0
80.0,96.0,2,1375.0,2.0,1.0,60.0,0.0,0.0,0.0,1.0
80.0,513.0,2,1299.0,2.0,2.0,95.0,1.0,0.0,0.0,0.0
80.0,547.0,2,993.0,2.0,3.0,45.5,0.0,0.0,0.0,1.0
80.0,1248.0,2,1200.0,3.0,0.0,45.0,0.0,0.0,0.0,1.0
80.0,1035.0,2,985.0,2.0,1.0,156.0,0.0,0.0,0.0,1.0
80.0,552.0,4,2400.0,5.0,3.0,180.0,1.0,0.0,0.0,0.0
80.0,511.0,3,1255.0,2.0,1.0,95.0,0.0,0.0,1.0,0.0
80.0,41.0,3,1655.0,3.0,2.0,131.0,1.0,0.0,0.0,0.0
80.0,507.0,4,2830.0,5.0,3.0,190.0,1.0,0.0,0.0,0.0
80.0,545.0,1,6000.0,1.0,1.0,276.0,0.0,0.0,0.0,1.0
80.0,262.0,2,550.0,1.0,1.0,15.0,0.0,0.0,1.0,0.0
52.0,1248.0,1,825.0,2.0,1.0,40.0,0.0,0.0,0.0,1.0
52.0,1248.0,3,1634.0,3.0,1.0,111.0,0.0,0.0,0.0,1.0
80.0,968.0,8,1200.0,6.0,3.0,105.0,0.0,0.0,0.0,1.0
80.0,703.0,2,1222.0,2.0,2.0,80.0,0.0,0.0,0.0,1.0
80.0,179.0,3,1500.0,3.0,2.0,63.0,1.0,0.0,0.0,0.0
80.0,700.0,3,1890.0,4.0,2.0,100.0,1.0,0.0,0.0,0.0
80.0,290.0,4,3750.0,6.0,2.0,375.0,0.0,0.0,0.0,1.0
80.0,559.0,2,850.0,1.0,1.0,39.5,0.0,0.0,0.0,1.0
80.0,1164.0,2,1295.0,2.0,3.0,78.5,1.0,0.0,0.0,0.0
80.0,712.0,2,1320.0,2.0,1.0,100.0,1.0,0.0,0.0,0.0
80.0,476.0,4,950.0,3.0,3.0,179.0,0.0,0.0,1.0,0.0
28.0,1248.0,4,1200.0,4.0,2.0,225.0,1.0,0.0,0.0,0.0
80.0,228.0,4,3000.0,3.0,3.0,170.0,0.0,0.0,0.0,1.0
80.0,1248.0,2,1197.0,2.0,1.0,82.0,0.0,0.0,1.0,0.0
80.0,206.0,3,1320.0,2.0,3.0,60.0,0.0,0.0,0.0,1.0
34.0,1144.0,5,1180.0,5.0,2.0,98.5,0.0,0.0,0.0,1.0
63.0,662.0,1,840.0,1.0,1.0,57.6,0.0,0.0,0.0,1.0
80.0,986.0,1,640.0,1.0,0.0,19.83,0.0,0.0,1.0,0.0
26.0,225.0,3,1693.0,3.0,1.0,71.38,0.0,0.0,1.0,0.0
28.0,557.0,2,1000.0,2.0,1.0,62.0,0.0,0.0,0.0,1.0
80.0,1257.0,2,1305.0,2.0,1.0,70.0,0.0,0.0,0.0,1.0
80.0,464.0,1,450.0,1.0,1.0,18.0,0.0,0.0,0.0,1.0
80.0,417.0,1,705.0,1.0,1.0,57.0,1.0,0.0,0.0,0.0
80.0,561.0,4,750.0,6.0,2.0,75.0,0.0,0.0,0.0,1.0
28.0,1089.0,5,4800.0,5.0,2.0,150.0,0.0,0.0,0.0,1.0
80.0,1248.0,4,5000.0,5.0,1.0,600.0,0.0,0.0,0.0,1.0
80.0,643.0,4,5000.0,4.0,3.0,425.0,0.0,0.0,0.0,1.0
80.0,1182.0,3,1991.0,3.0,2.0,104.0,0.0,0.0,1.0,0.0
80.0,70.0,3,1779.0,3.0,2.0,90.0,0.0,0.0,0.0,1.0
80.0,601.0,4,10200.0,4.0,1.0,1250.0,0.0,0.0,0.0,1.0
80.0,842.0,2,870.0,2.0,2.0,38.0,0.0,0.0,1.0,0.0
80.0,1123.0,3,1595.0,3.0,2.0,120.0,1.0,0.0,0.0,0.0
28.0,888.0,1,525.0,1.0,1.0,26.0,1.0,0.0,0.0,0.0
80.0,420.0,4,945.0,5.0,2.0,120.0,0.0,0.0,0.0,1.0
80.0,847.0,6,2400.0,4.0,2.0,420.0,0.0,0.0,1.0,0.0
80.0,845.0,3,2000.0,4.0,2.0,138.0,0.0,0.0,1.0,0.0
80.0,819.0,3,1614.0,3.0,2.0,93.0,1.0,0.0,0.0,0.0
80.0,797.0,2,1200.0,2.0,3.0,40.0,0.0,0.0,0.0,1.0
80.0,173.0,3,1150.0,3.0,3.0,46.0,0.0,0.0,0.0,1.0
33.0,977.0,4,3200.0,4.0,1.0,440.0,0.0,0.0,0.0,1.0
80.0,1248.0,3,1610.0,3.0,2.0,80.48,0.0,0.0,0.0,1.0
80.0,1190.0,2,1190.0,2.0,2.0,41.0,0.0,0.0,0.0,1.0
80.0,92.0,2,1050.0,2.0,2.0,50.0,1.0,0.0,0.0,0.0
80.0,214.0,4,4800.0,5.0,2.0,420.0,0.0,0.0,0.0,1.0
80.0,223.0,3,1460.0,2.0,1.0,97.0,0.0,0.0,1.0,0.0
80.0,937.0,3,3400.0,3.0,3.0,400.0,1.0,0.0,0.0,0.0
27.0,1187.0,1,600.0,1.0,0.0,33.0,0.0,0.0,0.0,1.0
80.0,158.0,3,1569.0,3.0,0.0,70.0,0.0,0.0,0.0,1.0
31.0,1130.0,3,2600.0,3.0,2.0,147.0,0.0,0.0,0.0,1.0
80.0,1080.0,1,645.0,1.0,0.0,42.5,0.0,0.0,0.0,1.0
80.0,1208.0,4,1200.0,3.0,1.0,180.0,0.0,0.0,1.0,0.0
80.0,668.0,3,800.0,3.0,0.0,95.0,0.0,0.0,0.0,1.0
80.0,1248.0,2,800.0,2.0,1.0,80.0,0.0,0.0,1.0,0.0
80.0,561.0,2,1350.0,2.0,1.0,90.0,1.0,0.0,0.0,0.0
80.0,1035.0,3,2780.0,4.0,1.0,325.0,0.0,0.0,0.0,1.0
80.0,892.0,3,1410.0,2.0,2.0,45.12,0.0,0.0,0.0,1.0
37.0,555.0,2,1109.0,2.0,1.0,35.47,0.0,0.0,1.0,0.0
27.0,268.0,4,2000.0,3.0,2.0,1063.0,0.0,0.0,0.0,1.0
32.0,1248.0,1,800.0,1.0,0.0,72.0,1.0,0.0,0.0,0.0
27.0,119.0,2,1215.0,2.0,1.0,68.0,0.0,0.0,0.0,1.0
31.0,1186.0,8,1230.0,6.0,0.0,250.0,0.0,0.0,1.0,0.0
80.0,635.0,3,2273.0,4.0,2.0,192.0,0.0,0.0,0.0,1.0
31.0,290.0,2,1255.0,2.0,2.0,52.76,0.0,0.0,0.0,1.0
80.0,533.0,2,1020.0,2.0,1.0,49.0,0.0,0.0,0.0,1.0
26.0,845.0,3,1225.0,2.0,2.0,82.0,0.0,0.0,1.0,0.0
80.0,1021.0,2,1120.0,2.0,1.0,60.0,0.0,0.0,0.0,1.0
80.0,1031.0,5,2400.0,5.0,3.0,625.0,0.0,0.0,0.0,1.0
45.0,534.0,3,1225.0,2.0,1.0,69.0,0.0,0.0,0.0,1.0
80.0,203.0,4,5200.0,5.0,3.0,242.0,0.0,0.0,1.0,0.0
80.0,290.0,4,4000.0,4.0,1.0,700.0,0.0,1.0,0.0,0.0
80.0,563.0,3,1984.0,4.0,1.0,145.0,0.0,0.0,0.0,1.0
80.0,662.0,3,2425.0,3.0,1.0,197.0,1.0,0.0,0.0,0.0
80.0,1085.0,3,1200.0,3.0,1.0,56.12,0.0,0.0,0.0,1.0
80.0,526.0,2,1127.0,2.0,1.0,45.0,0.0,1.0,0.0,0.0
80.0,1186.0,3,1655.0,3.0,2.0,97.0,0.0,0.0,0.0,1.0
80.0,177.0,1,500.0,1.0,1.0,14.0,0.0,0.0,1.0,0.0
80.0,511.0,3,1200.0,3.0,1.0,68.38,1.0,0.0,0.0,0.0
33.0,1165.0,2,1000.0,2.0,2.0,43.0,0.0,0.0,0.0,1.0
37.0,84.0,2,1225.0,2.0,2.0,47.88,0.0,0.0,0.0,1.0
33.0,1035.0,2,1350.0,2.0,2.0,45.0,0.0,0.0,0.0,1.0
80.0,711.0,4,600.0,5.0,3.0,95.0,1.0,0.0,0.0,0.0
80.0,711.0,2,1175.0,2.0,3.0,49.0,0.0,0.0,0.0,1.0
80.0,504.0,1,655.0,1.0,2.0,27.0,0.0,0.0,0.0,1.0
34.0,668.0,3,1311.0,2.0,1.0,84.86,0.0,0.0,0.0,1.0
80.0,390.0,3,600.0,4.0,0.0,90.0,0.0,1.0,0.0,0.0
80.0,262.0,2,1000.0,2.0,1.0,38.5,0.0,0.0,0.0,1.0
80.0,1126.0,2,1196.0,2.0,1.0,96.0,0.0,0.0,0.0,1.0
80.0,72.0,3,1050.0,2.0,1.0,59.0,0.0,0.0,0.0,1.0
80.0,639.0,3,1275.0,2.0,2.0,52.0,0.0,0.0,0.0,1.0
80.0,528.0,2,927.0,2.0,1.0,50.0,0.0,0.0,0.0,1.0
80.0,1034.0,3,1520.0,2.0,3.0,61.0,0.0,0.0,0.0,1.0
80.0,1248.0,4,2400.0,5.0,2.0,395.0,0.0,0.0,0.0,1.0
80.0,1233.0,2,1333.0,2.0,1.0,104.0,1.0,0.0,0.0,0.0
80.0,1212.0,1,600.0,1.0,0.0,18.0,1.0,0.0,0.0,0.0
73.0,711.0,3,1326.0,2.0,1.0,34.8,0.0,0.0,0.0,1.0
14.0,202.0,3,1773.5,2.0,1.0,85.125,0.0,0.0,0.0,1.0
80.0,587.0,2,1370.0,2.0,2.0,125.0,0.0,0.0,0.0,1.0
80.0,738.0,2,1100.0,2.0,2.0,85.0,0.0,0.0,0.0,1.0
37.0,1248.0,3,1650.0,3.0,3.0,100.0,0.0,0.0,1.0,0.0
80.0,1237.0,3,1917.0,3.0,2.0,132.0,0.0,0.0,0.0,1.0
80.0,892.0,3,780.0,3.0,1.0,75.0,0.0,0.0,1.0,0.0
80.0,850.0,2,950.0,2.0,1.0,58.11,1.0,0.0,0.0,0.0
80.0,1021.0,2,1175.0,2.0,1.0,48.72,0.0,0.0,0.0,1.0
80.0,1172.0,2,1089.0,2.0,1.0,43.55,0.0,0.0,1.0,0.0
80.0,234.0,3,1804.0,3.0,2.0,175.0,1.0,0.0,0.0,0.0
80.0,573.0,2,1257.0,2.0,1.0,68.5,0.0,0.0,1.0,0.0
26.0,415.0,1,650.0,1.0,2.0,19.87,0.0,0.0,0.0,1.0
80.0,903.0,3,1850.0,3.0,2.0,150.0,0.0,0.0,0.0,1.0
44.0,511.0,4,2800.0,4.0,1.0,200.0,0.0,0.0,0.0,1.0
80.0,531.0,2,945.0,2.0,1.0,40.0,0.0,0.0,0.0,1.0
33.0,511.0,2,1161.0,2.0,1.0,63.85,0.0,0.0,0.0,1.0
44.0,702.0,3,1630.0,3.0,2.0,51.35,0.0,0.0,0.0,1.0
80.0,504.0,3,1310.0,2.0,2.0,60.0,0.0,0.0,0.0,1.0
80.0,96.0,2,750.0,2.0,1.0,28.0,1.0,0.0,0.0,0.0
80.0,214.0,3,1200.0,3.0,1.0,67.77,0.0,0.0,0.0,1.0
80.0,1175.0,2,1000.0,2.0,1.0,45.0,0.0,0.0,0.0,1.0
80.0,944.0,4,4000.0,4.0,2.0,225.0,0.0,0.0,0.0,1.0
80.0,1111.0,2,1315.0,2.0,2.0,70.0,0.0,0.0,0.0,1.0
80.0,266.0,3,1370.0,2.0,2.0,90.0,1.0,0.0,0.0,0.0
80.0,513.0,5,1200.0,4.0,3.0,150.0,0.0,0.0,0.0,1.0
80.0,1034.0,2,1465.0,3.0,3.0,90.0,1.0,0.0,0.0,0.0
80.0,1000.0,3,20000.0,3.0,1.0,175.0,0.0,0.0,0.0,1.0
80.0,910.0,2,1128.0,2.0,1.0,64.0,0.0,0.0,0.0,1.0
80.0,482.0,3,1250.0,2.0,2.0,70.0,0.0,0.0,0.0,1.0
80.0,1021.0,3,1645.0,3.0,2.0,117.0,0.0,0.0,1.0,0.0
80.0,234.0,3,1284.0,2.0,2.0,75.0,0.0,0.0,0.0,1.0
80.0,1035.0,3,2600.0,3.0,2.0,199.0,0.0,0.0,0.0,1.0
27.0,1137.0,3,1820.0,3.0,2.0,150.0,0.0,0.0,0.0,1.0
80.0,944.0,3,1580.0,3.0,1.0,73.0,0.0,0.0,1.0,0.0
32.0,972.0,3,2650.0,3.0,2.0,125.0,0.0,0.0,0.0,1.0
80.0,582.0,2,1215.0,2.0,1.0,68.0,0.0,0.0,0.0,1.0
80.0,1248.0,2,1075.0,2.0,1.0,40.0,1.0,0.0,0.0,0.0
80.0,668.0,3,1400.0,2.0,3.0,78.0,0.0,0.0,0.0,1.0
80.0,183.0,3,1400.0,2.0,1.0,55.0,0.0,0.0,0.0,1.0
80.0,602.0,2,845.0,2.0,1.0,30.0,0.0,0.0,1.0,0.0
80.0,1080.0,4,2600.0,4.0,3.0,40.0,0.0,0.0,0.0,1.0
33.0,415.0,4,3854.5,6.0,0.0,385.5,0.0,0.0,0.0,1.0
80.0,16.0,2,800.0,2.0,1.0,85.0,0.0,0.0,0.0,1.0
80.0,952.0,2,1199.0,2.0,1.0,85.0,1.0,0.0,0.0,0.0
80.0,797.0,2,1175.0,2.0,2.0,43.48,0.0,0.0,0.0,1.0
80.0,547.0,3,2400.0,3.0,1.0,270.0,1.0,0.0,0.0,0.0
80.0,415.0,3,1767.0,3.0,2.0,109.0,0.0,0.0,0.0,1.0
80.0,1035.0,4,1800.0,3.0,1.0,90.0,0.0,0.0,0.0,1.0
80.0,372.0,3,1856.0,3.0,2.0,135.0,0.0,0.0,1.0,0.0
80.0,54.0,3,1200.0,3.0,1.0,140.0,0.0,0.0,1.0,0.0
80.0,175.0,3,1613.0,3.0,0.0,150.0,1.0,0.0,0.0,0.0
80.0,574.0,4,6830.0,5.0,1.0,795.0,1.0,0.0,0.0,0.0
80.0,108.0,2,1290.0,2.0,0.0,90.0,0.0,0.0,0.0,1.0
80.0,1175.0,2,1375.0,2.0,1.0,78.0,1.0,0.0,0.0,0.0
80.0,819.0,2,985.0,2.0,2.0,57.0,0.0,0.0,0.0,1.0
80.0,1028.0,4,1200.0,4.0,1.0,200.0,0.0,0.0,1.0,0.0
80.0,484.0,2,1099.0,2.0,1.0,37.5,0.0,0.0,1.0,0.0
35.0,582.0,1,605.0,1.0,0.0,13.31,0.0,0.0,0.0,1.0
80.0,400.0,11,6000.0,12.0,1.0,150.0,0.0,0.0,0.0,1.0
80.0,517.0,7,3600.0,7.0,3.0,160.0,0.0,0.0,0.0,1.0
28.0,555.0,2,1200.0,2.0,1.0,53.0,0.0,0.0,1.0,0.0
80.0,645.0,2,1000.0,2.0,1.0,45.0,0.0,0.0,0.0,1.0
80.0,866.0,3,1159.0,2.0,3.0,38.0,0.0,0.0,1.0,0.0
80.0,1144.0,5,3692.0,5.0,1.0,340.0,0.0,0.0,0.0,1.0
80.0,903.0,2,600.0,2.0,1.0,80.0,0.0,0.0,0.0,1.0
34.0,668.0,4,2400.0,4.0,3.0,600.0,0.0,0.0,1.0,0.0
80.0,234.0,3,1540.0,2.0,2.0,78.0,0.0,0.0,0.0,1.0
80.0,1035.0,3,1503.0,2.0,2.0,93.0,0.0,0.0,0.0,1.0
80.0,725.0,3,1850.0,4.0,2.0,120.0,0.0,0.0,1.0,0.0
29.0,917.0,3,1580.0,3.0,1.0,60.0,0.0,0.0,1.0,0.0
80.0,667.0,2,1190.0,2.0,2.0,39.25,1.0,0.0,0.0,0.0
80.0,41.0,2,1200.0,2.0,1.0,61.0,0.0,0.0,1.0,0.0
35.0,158.0,7,1000.0,7.0,3.0,250.0,0.0,0.0,0.0,1.0
80.0,150.0,2,850.0,1.0,1.0,19.9,0.0,0.0,0.0,1.0
44.0,214.0,3,2180.0,3.0,2.0,285.0,0.0,0.0,0.0,1.0
80.0,986.0,3,2500.0,2.0,1.0,60.0,0.0,0.0,1.0,0.0
80.0,1049.0,3,1200.0,3.0,1.0,56.12,0.0,0.0,0.0,1.0
80.0,391.0,3,1500.0,2.0,2.0,52.0,1.0,0.0,0.0,0.0
80.0,714.0,5,1200.0,3.0,2.0,180.0,1.0,0.0,0.0,0.0
19.0,723.0,3,1880.0,3.0,3.0,120.0,0.0,0.0,1.0,0.0
28.0,1248.0,2,1150.0,2.0,2.0,45.0,0.0,0.0,1.0,0.0
80.0,686.0,4,4408.0,4.0,2.0,344.0,1.0,0.0,0.0,0.0
80.0,771.0,2,924.0,2.0,2.0,35.11,0.0,0.0,0.0,1.0
77.0,582.0,5,7800.0,6.0,1.0,385.0,0.0,0.0,0.0,1.0
80.0,481.0,6,600.0,6.0,3.0,100.0,0.0,0.0,1.0,0.0
80.0,834.0,4,750.0,4.0,1.0,95.0,0.0,0.0,0.0,1.0
80.0,363.0,3,1962.0,3.0,2.0,175.0,1.0,0.0,0.0,0.0
80.0,78.0,5,1200.0,4.0,3.0,240.0,0.0,0.0,0.0,1.0
39.0,1056.0,3,1765.0,3.0,2.0,77.27,0.0,0.0,0.0,1.0
80.0,266.0,2,1174.0,2.0,1.0,29.35,0.0,0.0,0.0,1.0
80.0,1065.0,3,1894.0,3.0,1.0,115.0,0.0,0.0,0.0,1.0
40.0,415.0,4,960.0,2.0,2.0,138.0,0.0,0.0,0.0,1.0
80.0,266.0,3,1760.0,3.0,2.0,142.0,1.0,0.0,0.0,0.0
80.0,79.0,3,1768.0,3.0,3.0,95.0,0.0,0.0,1.0,0.0
80.0,40.0,3,1790.0,3.0,0.0,97.0,0.0,0.0,1.0,0.0
80.0,1111.0,4,3500.0,5.0,1.0,800.0,0.0,0.0,0.0,1.0
80.0,1149.0,2,1200.0,2.0,1.0,45.0,0.0,0.0,0.0,1.0
63.0,1137.0,4,2540.0,4.0,0.0,160.0,0.0,0.0,0.0,1.0
34.0,203.0,2,1137.0,2.0,1.0,53.4,0.0,0.0,1.0,0.0
80.0,1144.0,4,3181.0,2.0,1.0,229.0,0.0,0.0,0.0,1.0
80.0,402.0,7,1200.0,6.0,1.0,115.0,0.0,0.0,0.0,1.0
80.0,1149.0,3,1568.0,2.0,2.0,100.0,0.0,0.0,0.0,1.0
80.0,234.0,4,4920.0,4.0,0.0,393.5,0.0,0.0,0.0,1.0
80.0,1035.0,2,1308.0,2.0,1.0,60.0,0.0,0.0,0.0,1.0
27.0,983.0,4,3060.0,4.0,2.0,350.0,0.0,0.0,0.0,1.0
80.0,415.0,3,1200.0,2.0,1.0,41.0,0.0,0.0,0.0,1.0
80.0,639.0,1,800.0,1.0,2.0,32.0,0.0,0.0,0.0,1.0
80.0,290.0,1,530.0,1.0,1.0,13.5,1.0,0.0,0.0,0.0
80.0,268.0,3,873.0,2.0,1.0,40.0,1.0,0.0,0.0,0.0
80.0,610.0,7,3000.0,6.0,3.0,145.0,0.0,0.0,0.0,1.0
80.0,1144.0,4,1200.0,4.0,1.0,235.0,0.0,0.0,0.0,1.0
80.0,910.0,2,958.0,2.0,1.0,33.53,0.0,0.0,0.0,1.0
37.0,214.0,3,2072.0,4.0,2.0,160.0,0.0,0.0,0.0,1.0
80.0,968.0,3,2273.0,3.0,3.0,159.0,1.0,0.0,0.0,0.0
80.0,256.0,3,600.0,3.0,2.0,90.0,0.0,0.0,1.0,0.0
80.0,420.0,1,760.0,1.0,2.0,50.0,0.0,0.0,0.0,1.0
80.0,1175.0,2,1090.0,2.0,2.0,43.5,0.0,0.0,0.0,1.0
80.0,770.0,3,2072.0,4.0,2.0,155.0,0.0,0.0,1.0,0.0
80.0,276.0,3,2666.0,3.0,1.0,230.0,0.0,0.0,0.0,1.0
80.0,582.0,3,1550.0,2.0,1.0,89.0,0.0,0.0,0.0,1.0
80.0,334.0,2,1251.0,2.0,1.0,50.0,0.0,0.0,1.0,0.0
80.0,329.0,2,1070.0,2.0,1.0,53.0,0.0,0.0,0.0,1.0
80.0,513.0,2,1200.0,2.0,2.0,45.0,0.0,0.0,0.0,1.0
80.0,258.0,3,1435.0,2.0,2.0,60.0,0.0,0.0,0.0,1.0
80.0,192.0,3,1400.0,2.0,3.0,45.0,0.0,0.0,0.0,1.0
80.0,533.0,4,2330.0,3.0,2.0,94.71,0.0,0.0,0.0,1.0
63.0,214.0,2,1200.0,2.0,3.0,60.0,0.0,0.0,0.0,1.0
40.0,711.0,2,1000.0,2.0,2.0,40.0,0.0,0.0,0.0,1.0
80.0,1144.0,3,1655.0,2.0,2.0,62.89,1.0,0.0,0.0,0.0
80.0,800.0,9,3600.0,9.0,3.0,240.0,0.0,0.0,1.0,0.0
80.0,836.0,1,600.0,1.0,1.0,35.0,0.0,0.0,0.0,1.0
80.0,112.0,2,1175.0,2.0,1.0,50.0,0.0,0.0,0.0,1.0
32.0,910.0,2,1155.0,2.0,2.0,40.43,1.0,0.0,0.0,0.0
25.0,214.0,3,1200.0,3.0,2.0,98.0,0.0,0.0,0.0,1.0
80.0,717.0,2,1149.0,2.0,2.0,65.0,0.0,0.0,1.0,0.0
80.0,542.0,3,1745.0,2.0,1.0,98.485,0.0,0.0,0.0,1.0
80.0,1144.0,4,3200.0,4.0,2.0,375.0,0.0,0.0,0.0,1.0
80.0,1035.0,2,1010.0,2.0,2.0,55.0,1.0,0.0,0.0,0.0
80.0,240.0,3,1718.0,3.0,2.0,119.0,0.0,0.0,0.0,1.0
80.0,972.0,2,650.0,1.0,1.0,20.0,0.0,0.0,0.0,1.0
80.0,210.0,2,1330.0,2.0,2.0,77.0,1.0,0.0,0.0,0.0
80.0,658.0,2,1200.0,2.0,2.0,68.0,0.0,0.0,0.0,1.0
80.0,507.0,3,1693.0,3.0,2.0,89.0,0.0,0.0,0.0,1.0
80.0,968.0,2,1249.0,2.0,1.0,165.0,0.0,0.0,0.0,1.0
80.0,845.0,3,1800.0,4.0,1.0,125.0,1.0,0.0,0.0,0.0
80.0,1035.0,2,900.0,2.0,0.0,55.0,0.0,0.0,1.0,0.0
34.0,267.0,2,1020.0,2.0,1.0,46.0,0.0,0.0,0.0,1.0
80.0,96.0,3,1700.0,3.0,2.0,77.0,0.0,0.0,0.0,1.0
80.0,192.0,1,661.0,1.0,1.0,40.0,0.0,0.0,0.0,1.0
80.0,70.0,2,1280.0,2.0,2.0,60.16,1.0,0.0,0.0,0.0
80.0,420.0,5,1000.0,4.0,2.0,90.0,0.0,0.0,0.0,1.0
80.0,420.0,2,1170.0,2.0,1.0,48.0,0.0,0.0,0.0,1.0
80.0,908.0,1,933.0,2.0,1.0,58.0,1.0,0.0,0.0,0.0
80.0,304.0,2,1150.0,2.0,0.0,44.0,0.0,0.0,0.0,1.0
31.0,415.0,4,3633.0,6.0,2.0,550.0,0.0,0.0,0.0,1.0
80.0,511.0,3,1380.0,3.0,3.0,130.0,0.0,0.0,0.0,1.0
80.0,1124.0,2,1050.0,2.0,1.0,64.8,0.0,0.0,1.0,0.0
67.0,1218.0,2,1080.0,2.0,1.0,37.8,0.0,0.0,0.0,1.0
80.0,836.0,2,1303.0,2.0,1.0,90.0,0.0,0.0,0.0,1.0
80.0,860.0,2,1196.0,2.0,2.0,40.54,0.0,0.0,0.0,1.0
27.0,706.0,5,2500.0,3.0,2.0,180.0,0.0,0.0,0.0,1.0
80.0,189.0,5,1200.0,4.0,1.0,95.0,0.0,0.0,0.0,1.0
32.0,713.0,3,1250.0,3.0,2.0,41.0,0.0,0.0,0.0,1.0
80.0,290.0,3,1419.0,2.0,3.0,87.0,0.0,0.0,0.0,1.0
80.0,40.0,2,1200.0,2.0,3.0,49.0,0.0,0.0,0.0,1.0
80.0,482.0,2,1120.0,2.0,2.0,65.0,0.0,0.0,0.0,1.0
80.0,1257.0,1,762.5,1.0,0.0,45.4,0.0,0.0,0.0,1.0
80.0,1238.0,2,1245.0,2.0,1.0,75.0,0.0,0.0,0.0,1.0
80.0,417.0,4,3978.0,4.0,3.0,428.0,0.0,0.0,0.0,1.0
80.0,1252.0,2,1093.0,2.0,1.0,34.0,0.0,0.0,1.0,0.0
80.0,773.0,2,1025.0,1.0,1.0,26.63,0.0,0.0,1.0,0.0
80.0,1238.0,2,1345.0,2.0,1.0,97.0,0.0,0.0,0.0,1.0
80.0,686.0,2,1500.0,2.0,1.0,45.0,0.0,0.0,0.0,1.0
52.0,960.0,2,1180.0,2.0,1.0,86.0,0.0,0.0,0.0,1.0
80.0,561.0,2,1020.0,2.0,1.0,48.45,1.0,0.0,0.0,0.0
80.0,1175.0,3,1800.0,3.0,3.0,85.0,1.0,0.0,0.0,0.0
80.0,972.0,4,3621.0,4.0,1.0,511.0,0.0,0.0,1.0,0.0
80.0,1035.0,3,2008.0,3.0,2.0,170.0,0.0,0.0,0.0,1.0
80.0,108.0,3,1240.0,2.0,2.0,39.85,0.0,0.0,0.0,1.0
80.0,972.0,2,1020.0,2.0,1.0,55.0,0.0,0.0,0.0,1.0
80.0,408.0,3,2095.0,3.0,2.0,142.0,0.0,0.0,0.0,1.0
80.0,1034.0,3,1362.0,3.0,2.0,62.63,0.0,0.0,0.0,1.0
80.0,944.0,1,694.0,1.0,0.0,30.84,0.0,0.0,0.0,1.0
80.0,1248.0,2,1404.0,2.0,2.0,70.0,0.0,0.0,0.0,1.0
80.0,540.0,3,1192.0,2.0,3.0,47.0,0.0,0.0,0.0,1.0
80.0,150.0,8,1850.0,12.0,1.0,300.0,0.0,0.0,0.0,1.0
80.0,476.0,4,1050.0,1.0,0.0,35.0,0.0,0.0,0.0,1.0
80.0,334.0,2,1259.0,2.0,1.0,67.48,0.0,0.0,0.0,1.0
80.0,163.0,2,1000.0,2.0,2.0,34.0,1.0,0.0,0.0,0.0
80.0,75.0,2,985.0,2.0,1.0,49.97,0.0,0.0,1.0,0.0
80.0,537.0,1,850.0,1.0,2.0,60.0,0.0,0.0,0.0,1.0
80.0,1232.0,3,1650.0,2.0,1.0,50.0,0.0,0.0,1.0,0.0
80.0,875.0,5,2400.0,3.0,1.0,320.0,0.0,0.0,0.0,1.0
80.0,607.0,3,1900.0,4.0,1.0,180.0,0.0,0.0,1.0,0.0
80.0,504.0,2,1367.0,2.0,2.0,86.0,0.0,0.0,0.0,1.0
43.0,662.0,3,1210.0,2.0,2.0,81.0,0.0,0.0,0.0,1.0
34.0,903.0,2,1190.0,2.0,1.0,48.6,0.0,0.0,0.0,1.0
80.0,531.0,2,1175.0,2.0,2.0,42.0,0.0,0.0,0.0,1.0
26.0,1248.0,4,2800.0,4.0,1.0,400.0,0.0,0.0,0.0,1.0
80.0,70.0,2,1140.0,2.0,2.0,40.0,0.0,0.0,0.0,1.0
80.0,1035.0,2,1095.0,2.0,2.0,33.6,0.0,0.0,0.0,1.0
80.0,714.0,1,782.0,1.0,0.0,19.55,0.0,0.0,1.0,0.0
80.0,968.0,3,1435.0,2.0,2.0,80.0,0.0,0.0,0.0,1.0
80.0,662.0,2,725.0,2.0,2.0,36.0,0.0,1.0,0.0,0.0
24.0,202.0,3,1600.0,2.0,2.0,88.0,0.0,0.0,0.0,1.0
80.0,537.0,5,1200.0,5.0,1.0,160.0,0.0,0.0,0.0,1.0
80.0,904.0,4,3205.0,4.0,2.0,300.0,0.0,0.0,1.0,0.0
80.0,504.0,4,720.0,3.0,1.0,95.0,0.0,0.0,0.0,1.0
80.0,200.0,3,1674.0,3.0,1.0,90.0,1.0,0.0,0.0,0.0
80.0,1035.0,4,860.0,4.0,2.0,125.0,0.0,0.0,1.0,0.0
80.0,531.0,2,1243.0,2.0,2.0,46.0,0.0,0.0,1.0,0.0
80.0,1167.0,3,1703.0,3.0,2.0,130.0,0.0,0.0,1.0,0.0
80.0,737.0,3,1350.0,3.0,1.0,71.55,1.0,0.0,0.0,0.0
80.0,968.0,2,1145.0,2.0,1.0,41.21,0.0,0.0,0.0,1.0
80.0,520.0,2,1216.0,2.0,1.0,75.0,1.0,0.0,0.0,0.0
27.0,537.0,2,1100.0,3.0,1.0,60.0,0.0,0.0,0.0,1.0
28.0,250.0,4,2425.0,5.0,1.0,201.0,0.0,1.0,0.0,0.0
80.0,74.0,4,2700.0,4.0,2.0,175.0,0.0,0.0,1.0,0.0
80.0,1035.0,2,1196.0,2.0,2.0,40.54,0.0,0.0,0.0,1.0
80.0,624.0,3,1600.0,3.0,3.0,90.0,1.0,0.0,0.0,0.0
80.0,206.0,3,1510.0,3.0,3.0,47.57,0.0,0.0,0.0,1.0
80.0,891.0,4,3033.0,4.0,1.0,326.0,0.0,0.0,0.0,1.0
80.0,673.0,2,780.0,2.0,1.0,72.0,0.0,0.0,0.0,1.0
63.0,1248.0,2,1194.0,2.0,2.0,47.0,0.0,0.0,0.0,1.0
52.0,1248.0,2,1250.0,2.0,2.0,110.0,0.0,0.0,0.0,1.0
80.0,691.0,5,1480.0,4.0,1.0,169.0,0.0,0.0,0.0,1.0
27.0,1191.0,4,1250.0,4.0,1.0,100.0,0.0,0.0,0.0,1.0
80.0,968.0,4,1350.0,4.0,2.0,160.0,0.0,0.0,0.0,1.0
34.0,337.0,1,620.0,2.0,0.0,48.0,0.0,0.0,0.0,1.0
80.0,124.0,3,1630.0,3.0,2.0,60.65,1.0,0.0,0.0,0.0
80.0,72.0,2,1020.0,2.0,0.0,45.0,0.0,0.0,0.0,1.0
80.0,1144.0,3,1410.0,2.0,2.0,53.58,0.0,0.0,0.0,1.0
80.0,845.0,2,1181.7,2.0,1.0,100.0,0.0,0.0,1.0,0.0
80.0,1099.0,9,1200.0,8.0,3.0,270.0,0.0,0.0,0.0,1.0
80.0,1035.0,3,1691.0,3.0,2.0,113.0,1.0,0.0,0.0,0.0
80.0,1155.0,4,1200.0,4.0,0.0,83.0,1.0,0.0,0.0,0.0
80.0,1021.0,2,1200.0,2.0,3.0,60.0,1.0,0.0,0.0,0.0
80.0,520.0,2,1050.0,2.0,2.0,50.0,0.0,0.0,0.0,1.0
80.0,1035.0,3,1300.0,3.0,2.0,77.99,0.0,0.0,0.0,1.0
80.0,511.0,2,1356.0,2.0,1.0,94.84,0.0,0.0,0.0,1.0
80.0,1166.0,2,1338.0,2.0,1.0,103.0,1.0,0.0,0.0,0.0
28.0,108.0,1,500.0,1.0,1.0,20.0,0.0,0.0,1.0,0.0
40.0,1187.0,3,1280.0,2.0,1.0,100.0,0.0,0.0,0.0,1.0
80.0,492.0,3,1531.0,3.0,3.0,51.77,0.0,0.0,0.0,1.0
80.0,810.0,4,11000.0,4.0,1.0,1600.0,0.0,0.0,0.0,1.0
80.0,417.0,2,620.0,1.0,1.0,23.5,0.0,0.0,0.0,1.0
80.0,1072.0,3,1605.0,2.0,2.0,65.0,0.0,0.0,0.0,1.0
34.0,534.0,3,1917.0,3.0,2.0,110.0,0.0,0.0,0.0,1.0
80.0,651.0,4,1200.0,3.0,1.0,340.0,1.0,0.0,0.0,0.0
80.0,645.0,3,2750.0,3.0,2.0,943.0,0.0,0.0,1.0,0.0
80.0,1035.0,3,1400.0,3.0,2.0,55.0,0.0,0.0,1.0,0.0
80.0,65.0,3,2625.0,3.0,3.0,175.0,1.0,0.0,0.0,0.0
80.0,1112.0,2,1100.0,2.0,1.0,55.0,0.0,0.0,0.0,1.0
80.0,527.0,3,2041.0,3.0,3.0,128.0,0.0,0.0,1.0,0.0
80.0,542.0,3,2070.0,4.0,2.0,160.0,0.0,0.0,0.0,1.0
80.0,797.0,3,1110.0,3.0,3.0,59.0,0.0,0.0,0.0,1.0
80.0,297.0,3,1650.0,3.0,1.0,110.0,0.0,0.0,1.0,0.0
80.0,1056.0,4,3565.0,4.0,3.0,255.0,1.0,0.0,0.0,0.0
80.0,234.0,3,1033.0,2.0,2.0,30.47,1.0,0.0,0.0,0.0
80.0,1175.0,2,1142.0,2.0,2.0,65.0,0.0,0.0,0.0,1.0
80.0,849.0,3,1500.0,2.0,2.0,75.0,0.0,0.0,1.0,0.0
80.0,743.0,3,1502.0,3.0,3.0,50.0,0.0,0.0,0.0,1.0
80.0,632.0,3,1176.0,2.0,1.0,45.0,0.0,0.0,0.0,1.0
80.0,413.0,2,1063.0,2.0,1.0,32.8,1.0,0.0,0.0,0.0
80.0,552.0,2,1100.0,2.0,1.0,60.0,0.0,0.0,1.0,0.0
27.0,283.0,2,1044.0,2.0,2.0,85.0,0.0,0.0,0.0,1.0
80.0,179.0,3,5400.0,3.0,2.0,700.0,0.0,0.0,0.0,1.0
34.0,968.0,2,1216.0,2.0,2.0,60.0,0.0,0.0,0.0,1.0
80.0,1258.0,3,1425.0,3.0,2.0,55.0,0.0,0.0,1.0,0.0
26.0,442.0,8,1200.0,8.0,2.0,150.0,0.0,0.0,1.0,0.0
80.0,1175.0,2,1345.0,2.0,2.0,108.0,0.0,0.0,0.0,1.0
80.0,892.0,2,1248.0,2.0,1.0,130.0,1.0,0.0,0.0,0.0
80.0,968.0,4,1830.0,4.0,2.0,325.0,1.0,0.0,0.0,0.0
80.0,140.0,2,900.0,1.0,0.0,130.0,0.0,0.0,0.0,1.0
78.0,363.0,4,3600.0,4.0,1.0,245.0,0.0,0.0,0.0,1.0
80.0,897.0,2,1025.0,2.0,1.0,35.88,0.0,0.0,0.0,1.0
80.0,983.0,2,840.0,1.0,1.0,99.0,0.0,0.0,0.0,1.0
80.0,1035.0,3,3050.0,2.0,1.0,90.0,0.0,0.0,0.0,1.0
80.0,635.0,3,1424.0,2.0,2.0,75.0,1.0,0.0,0.0,0.0
80.0,96.0,3,2500.0,3.0,1.0,268.0,0.0,0.0,0.0,1.0
46.0,1144.0,6,1200.0,6.0,1.0,230.0,0.0,0.0,0.0,1.0
80.0,782.0,2,1285.0,2.0,2.0,45.0,0.0,0.0,0.0,1.0
80.0,972.0,2,1450.0,2.0,1.0,55.99,0.0,0.0,0.0,1.0
80.0,1002.0,2,1160.0,2.0,1.0,70.0,0.0,0.0,0.0,1.0
80.0,1035.0,3,2700.0,3.0,0.0,350.0,0.0,0.0,0.0,1.0
80.0,1248.0,3,2000.0,2.0,2.0,95.0,0.0,0.0,0.0,1.0
80.0,995.0,2,1125.0,2.0,1.0,47.65,0.0,0.0,0.0,1.0
80.0,632.0,4,3900.0,4.0,2.0,175.0,0.0,0.0,0.0,1.0
80.0,557.0,2,1133.0,2.0,1.0,38.37,0.0,0.0,0.0,1.0
80.0,668.0,2,1240.0,2.0,2.0,60.0,0.0,0.0,0.0,1.0
80.0,1263.0,3,1466.0,3.0,3.0,77.59,0.0,0.0,1.0,0.0
80.0,1248.0,4,3870.0,4.0,2.0,411.0,0.0,0.0,0.0,1.0
80.0,1248.0,3,1610.0,2.0,2.0,115.0,0.0,0.0,0.0,1.0
35.0,1283.0,3,1220.0,3.0,2.0,56.0,0.0,0.0,0.0,1.0
80.0,1143.0,2,1225.0,2.0,2.0,48.0,0.0,0.0,0.0,1.0
80.0,192.0,2,1300.0,2.0,1.0,54.0,0.0,0.0,0.0,1.0
80.0,70.0,3,1996.0,4.0,1.0,123.0,0.0,0.0,0.0,1.0
80.0,1248.0,3,1320.0,2.0,2.0,55.0,0.0,0.0,1.0,0.0
80.0,960.0,3,1800.0,3.0,2.0,240.0,0.0,0.0,0.0,1.0
80.0,276.0,3,1835.0,3.0,3.0,175.0,0.0,0.0,0.0,1.0
80.0,1035.0,3,1435.0,3.0,2.0,90.0,0.0,0.0,1.0,0.0
80.0,363.0,3,4097.0,3.0,1.0,400.0,0.0,0.0,0.0,1.0
80.0,528.0,3,1601.0,3.0,3.0,70.0,1.0,0.0,0.0,0.0
45.0,1144.0,2,1257.0,2.0,2.0,93.0,0.0,0.0,0.0,1.0
52.0,265.0,4,3596.0,5.0,1.0,260.0,0.0,0.0,0.0,1.0
80.0,103.0,2,1309.0,2.0,2.0,95.0,0.0,0.0,0.0,1.0
80.0,876.0,2,1362.0,2.0,0.0,100.0,1.0,0.0,0.0,0.0
80.0,1002.0,2,1115.0,2.0,1.0,55.0,0.0,0.0,0.0,1.0
80.0,511.0,3,1870.0,3.0,2.0,90.0,1.0,0.0,0.0,0.0
32.0,983.0,2,1322.0,2.0,1.0,61.99,0.0,0.0,0.0,1.0
80.0,547.0,3,1450.0,2.0,1.0,65.0,0.0,0.0,0.0,1.0
26.0,257.0,2,1185.0,2.0,2.0,67.0,0.0,1.0,0.0,0.0
80.0,924.0,3,1790.0,3.0,3.0,120.0,0.0,0.0,0.0,1.0
80.0,513.0,3,3450.0,4.0,2.0,208.0,0.0,0.0,0.0,1.0
34.0,363.0,2,1050.0,2.0,2.0,52.5,0.0,0.0,0.0,1.0
80.0,1085.0,1,693.0,1.0,0.0,27.375,0.0,0.0,0.0,1.0
80.0,1002.0,4,5400.0,4.0,2.0,750.0,0.0,0.0,0.0,1.0
80.0,415.0,1,775.0,1.0,0.0,39.0,1.0,0.0,0.0,0.0
80.0,230.0,2,1000.0,2.0,2.0,48.0,0.0,0.0,0.0,1.0
27.0,504.0,2,1183.0,2.0,1.0,77.25,0.0,0.0,0.0,1.0
32.0,834.0,3,1282.0,3.0,2.0,178.0,0.0,0.0,0.0,1.0
80.0,275.0,1,425.0,1.0,1.0,15.0,0.0,0.0,0.0,1.0
80.0,1257.0,2,820.0,2.0,2.0,30.0,0.0,0.0,0.0,1.0
80.0,720.0,4,2230.0,4.0,1.0,792.0,0.0,0.0,0.0,1.0
80.0,1035.0,2,1200.0,2.0,2.0,52.0,0.0,0.0,0.0,1.0
28.0,663.0,2,1151.0,2.0,2.0,43.6,0.0,0.0,0.0,1.0
80.0,516.0,3,1320.0,2.0,2.0,59.0,0.0,0.0,0.0,1.0
24.0,415.0,3,1450.0,3.0,2.0,68.0,0.0,0.0,0.0,1.0
80.0,1229.0,3,1270.0,2.0,3.0,50.79,0.0,0.0,1.0,0.0
80.0,693.0,3,1847.0,3.0,2.0,123.0,0.0,0.0,0.0,1.0
80.0,276.0,1,1020.0,2.0,1.0,49.87,0.0,0.0,0.0,1.0
80.0,5.0,3,1650.0,3.0,1.0,95.0,0.0,0.0,0.0,1.0
80.0,513.0,4,2380.0,4.0,3.0,242.0,0.0,0.0,0.0,1.0
80.0,150.0,3,2400.0,2.0,1.0,78.0,0.0,0.0,0.0,1.0
80.0,240.0,2,1160.0,2.0,2.0,44.0,0.0,0.0,1.0,0.0
80.0,1034.0,4,2805.0,4.0,3.0,154.0,0.0,0.0,0.0,1.0
80.0,1177.0,3,1360.0,3.0,0.0,47.6,1.0,0.0,0.0,0.0
80.0,415.0,2,1089.0,2.0,1.0,49.0,0.0,0.0,0.0,1.0
63.0,662.0,2,1115.0,2.0,2.0,60.0,0.0,0.0,0.0,1.0
80.0,70.0,2,1215.0,2.0,1.0,45.0,0.0,0.0,0.0,1.0
80.0,1095.0,2,1194.0,2.0,1.0,51.0,0.0,0.0,0.0,1.0
80.0,482.0,3,1536.0,3.0,1.0,104.0,0.0,0.0,0.0,1.0
80.0,1045.0,2,1255.0,2.0,2.0,55.5,0.0,0.0,0.0,1.0
80.0,426.0,3,1571.0,3.0,2.0,83.0,1.0,0.0,0.0,0.0
40.0,1146.0,2,900.0,1.0,0.0,70.0,0.0,0.0,0.0,1.0
80.0,644.0,2,1517.0,2.0,2.0,125.0,1.0,0.0,0.0,0.0
80.0,918.0,1,664.0,1.0,1.0,35.4,0.0,0.0,0.0,1.0
69.0,662.0,2,1230.0,2.0,1.0,58.0,0.0,0.0,0.0,1.0
80.0,781.0,2,1340.0,2.0,2.0,72.0,1.0,0.0,0.0,0.0
80.0,1248.0,2,1175.0,2.0,1.0,29.38,0.0,0.0,0.0,1.0
80.0,206.0,4,3569.0,4.0,1.0,600.0,0.0,0.0,0.0,1.0
80.0,366.0,2,1240.0,2.0,2.0,43.1,0.0,0.0,1.0,0.0
26.0,662.0,3,1359.9900000000002,2.0,0.0,150.0,0.0,0.0,0.0,1.0
80.0,516.0,3,1470.0,2.0,1.0,44.1,0.0,0.0,0.0,1.0
63.0,1137.0,1,525.0,2.0,1.0,29.25,0.0,0.0,0.0,1.0
80.0,1256.0,3,1680.0,3.0,2.0,117.0,0.0,0.0,0.0,1.0
80.0,512.0,2,1000.0,2.0,2.0,35.0,0.0,0.0,0.0,1.0
80.0,542.0,2,1071.0,2.0,1.0,51.0,0.0,0.0,0.0,1.0
80.0,324.0,3,1512.0,3.0,1.0,80.0,0.0,0.0,0.0,1.0
80.0,234.0,4,3435.0,2.0,1.0,341.0,0.0,0.0,0.0,1.0
43.0,662.0,3,3144.0,3.0,1.0,455.0,0.0,0.0,0.0,1.0
45.0,520.0,2,1190.0,2.0,1.0,60.0,0.0,0.0,0.0,1.0
80.0,29.0,3,1550.0,2.0,3.0,80.0,0.0,0.0,0.0,1.0
80.0,415.0,2,1283.0,2.0,2.0,63.22,0.0,0.0,0.0,1.0
34.0,852.0,2,1325.0,2.0,2.0,73.0,0.0,0.0,0.0,1.0
80.0,848.0,2,1105.0,2.0,1.0,35.36,0.0,0.0,0.0,1.0
80.0,417.0,3,1600.0,3.0,2.0,74.5,0.0,0.0,0.0,1.0
80.0,230.0,4,400.0,2.0,2.0,35.0,0.0,0.0,0.0,1.0
80.0,1231.0,2,800.0,2.0,1.0,41.145,1.0,0.0,0.0,0.0
79.0,124.0,2,1100.0,2.0,1.0,44.55,0.0,0.0,1.0,0.0
26.0,1134.0,3,2099.0,3.0,3.0,147.0,0.0,0.0,0.0,1.0
80.0,516.0,3,1365.0,2.0,1.0,72.0,0.0,0.0,0.0,1.0
37.0,1248.0,2,1485.0,3.0,3.0,132.0,0.0,0.0,0.0,1.0
35.0,1122.0,2,1250.0,2.0,1.0,55.0,0.0,0.0,1.0,0.0
26.0,1034.0,3,1290.0,2.0,2.0,56.12,0.0,0.0,0.0,1.0
67.0,1164.0,2,1170.0,2.0,1.0,46.79,0.0,0.0,0.0,1.0
80.0,267.0,2,1328.0,2.0,3.0,91.06,0.0,0.0,0.0,1.0
80.0,443.0,2,1232.0,2.0,1.0,87.0,0.0,0.0,1.0,0.0
80.0,1011.0,2,1180.0,2.0,2.0,88.5,1.0,0.0,0.0,0.0
80.0,469.0,3,1350.0,3.0,2.0,66.0,1.0,0.0,0.0,0.0
80.0,771.0,4,3602.0,4.0,1.0,280.0,0.0,0.0,0.0,1.0
33.0,230.0,4,2400.0,4.0,1.0,145.0,0.0,0.0,0.0,1.0
80.0,902.0,2,1020.0,2.0,2.0,32.0,0.0,0.0,0.0,1.0
80.0,1201.0,3,1410.0,2.0,3.0,49.34,1.0,0.0,0.0,0.0
80.0,417.0,3,2159.0,3.0,2.0,120.0,1.0,0.0,0.0,0.0
80.0,810.0,2,1453.0,2.0,1.0,16.5,0.0,0.0,1.0,0.0
27.0,504.0,3,1200.0,2.0,0.0,66.0,0.0,0.0,0.0,1.0
80.0,509.0,2,1255.0,2.0,1.0,57.5,0.0,0.0,1.0,0.0
80.0,1260.0,2,1074.0,2.0,1.0,42.79,0.0,0.0,0.0,1.0
80.0,247.0,3,1200.0,3.0,2.0,72.0,0.0,0.0,0.0,1.0
32.0,269.0,3,1170.0,2.0,2.0,35.41,0.0,0.0,0.0,1.0
80.0,982.0,1,728.5,1.0,0.0,31.315,0.0,0.0,0.0,1.0
80.0,355.0,3,1660.0,2.0,1.0,100.0,0.0,0.0,0.0,1.0
80.0,70.0,5,900.0,6.0,1.0,95.0,0.0,0.0,0.0,1.0
63.0,662.0,6,1850.0,3.0,0.0,175.0,0.0,0.0,0.0,1.0
80.0,1029.0,1,510.0,1.0,0.0,34.0,0.0,0.0,1.0,0.0
80.0,230.0,3,1601.0,3.0,2.0,95.0,0.0,0.0,0.0,1.0
80.0,31.0,2,952.0,2.0,1.0,42.0,1.0,0.0,0.0,0.0
32.0,1254.0,2,1166.0,2.0,3.0,65.0,0.0,0.0,0.0,1.0
80.0,173.0,3,2700.0,2.0,1.0,260.0,0.0,0.0,1.0,0.0
80.0,415.0,4,1900.0,3.0,1.0,97.0,0.0,0.0,0.0,1.0
80.0,1248.0,3,1350.0,2.0,0.0,175.0,0.0,0.0,0.0,1.0
80.0,982.0,3,1520.0,2.0,2.0,96.0,0.0,0.0,0.0,1.0
66.0,711.0,4,2100.0,6.0,3.0,100.0,0.0,0.0,0.0,1.0
80.0,651.0,2,1175.0,2.0,2.0,50.0,0.0,0.0,1.0,0.0
80.0,628.0,2,1432.0,2.0,2.0,68.0,0.0,0.0,0.0,1.0
10.0,487.0,2,1005.0,2.0,1.0,39.77,0.0,0.0,1.0,0.0
31.0,417.0,2,1309.0,2.0,1.0,80.0,0.0,0.0,0.0,1.0
80.0,1248.0,3,2251.0,4.0,2.0,370.0,0.0,0.0,0.0,1.0
80.0,250.0,2,1050.0,2.0,1.0,77.0,0.0,0.0,0.0,1.0
80.0,145.0,3,1100.0,3.0,2.0,53.0,1.0,0.0,0.0,0.0
80.0,1021.0,3,2400.0,3.0,3.0,310.0,0.0,0.0,0.0,1.0
28.0,415.0,3,1565.0,2.0,2.0,56.34,1.0,0.0,0.0,0.0
26.0,119.0,2,940.0,2.0,1.0,56.0,0.0,0.0,0.0,1.0
80.0,1248.0,2,1015.0,2.0,1.0,40.1,1.0,0.0,0.0,0.0
80.0,624.0,3,2400.0,2.0,0.0,360.0,1.0,0.0,0.0,0.0
80.0,688.0,3,1652.0,3.0,3.0,110.0,0.0,0.0,1.0,0.0
80.0,644.0,2,1100.0,2.0,2.0,52.0,1.0,0.0,0.0,0.0
35.0,686.0,4,2340.0,4.0,1.0,145.0,0.0,0.0,0.0,1.0
80.0,520.0,2,1084.0,2.0,1.0,179.0,1.0,0.0,0.0,0.0
80.0,885.0,2,1200.0,1.0,1.0,81.0,0.0,0.0,0.0,1.0
54.0,186.0,3,1400.0,3.0,3.0,69.0,0.0,0.0,0.0,1.0
80.0,797.0,4,2400.0,5.0,0.0,320.0,0.0,0.0,0.0,1.0
80.0,1111.0,2,1020.0,2.0,1.0,27.43,0.0,0.0,0.0,1.0
31.0,504.0,2,1267.0,2.0,1.0,90.33,0.0,0.0,0.0,1.0
80.0,653.0,4,2439.0,4.0,3.0,185.0,1.0,0.0,0.0,0.0
80.0,892.0,3,1645.0,3.0,1.0,95.0,1.0,0.0,0.0,0.0
80.0,581.0,3,1100.0,2.0,2.0,75.0,1.0,0.0,0.0,0.0
80.0,924.0,3,1320.0,2.0,1.0,38.12,0.0,0.0,0.0,1.0
49.0,533.0,2,1000.0,2.0,1.0,29.7,0.0,0.0,0.0,1.0
80.0,426.0,4,5000.0,5.0,2.0,550.0,0.0,0.0,0.0,1.0
27.0,1050.0,6,2500.0,6.0,3.0,58.0,0.0,0.0,0.0,1.0
80.0,848.0,2,2480.0,2.0,1.0,160.0,0.0,0.0,1.0,0.0
80.0,531.0,2,1086.0,2.0,2.0,44.5,0.0,0.0,1.0,0.0
35.0,1248.0,1,416.0,1.0,1.0,18.0,0.0,0.0,1.0,0.0
80.0,849.0,2,1066.0,2.0,1.0,52.23,0.0,0.0,0.0,1.0
80.0,1034.0,3,1730.0,3.0,1.0,93.0,0.0,0.0,0.0,1.0
80.0,1159.0,2,1205.0,2.0,1.0,63.86,0.0,0.0,0.0,1.0
27.0,830.0,4,2500.0,5.0,2.0,175.0,0.0,0.0,0.0,1.0
80.0,1035.0,2,960.0,2.0,1.0,55.0,0.0,0.0,0.0,1.0
54.0,180.0,3,1510.0,3.0,2.0,83.05,0.0,0.0,0.0,1.0
80.0,1154.0,4,1600.0,4.0,2.0,90.0,0.0,0.0,0.0,1.0
32.0,713.0,3,2300.0,3.0,2.0,142.0,0.0,0.0,0.0,1.0
63.0,418.0,2,1000.0,2.0,1.0,63.0,1.0,0.0,0.0,0.0
33.0,186.0,2,1160.0,2.0,1.0,46.39,0.0,0.0,0.0,1.0
80.0,1134.0,3,1553.0,2.0,2.0,58.23,1.0,0.0,0.0,0.0
80.0,633.0,4,3436.0,5.0,1.0,345.0,0.0,0.0,0.0,1.0
80.0,112.0,2,1134.0,2.0,2.0,45.0,0.0,0.0,0.0,1.0
80.0,1.0,4,600.0,4.0,2.0,80.0,0.0,0.0,0.0,1.0
80.0,1035.0,5,2400.0,3.0,3.0,80.0,0.0,0.0,0.0,1.0
80.0,1149.0,4,2400.0,4.0,1.0,143.0,0.0,0.0,0.0,1.0
80.0,531.0,2,1350.0,2.0,2.0,65.0,0.0,0.0,0.0,1.0
80.0,705.0,2,1032.0,2.0,1.0,42.0,1.0,0.0,0.0,0.0
80.0,784.0,3,1998.0,3.0,2.0,117.0,0.0,0.0,0.0,1.0
80.0,686.0,2,1225.0,2.0,2.0,48.0,0.0,0.0,0.0,1.0
38.0,834.0,2,1262.0,2.0,2.0,67.0,0.0,0.0,0.0,1.0
80.0,512.0,3,1842.0,3.0,2.0,115.0,0.0,0.0,0.0,1.0
80.0,315.0,2,1300.0,2.0,1.0,60.0,0.0,0.0,1.0,0.0
80.0,1035.0,2,1070.0,2.0,2.0,38.6,0.0,0.0,0.0,1.0
32.0,542.0,2,950.0,2.0,1.0,33.0,0.0,0.0,0.0,1.0
80.0,266.0,2,1012.0,2.0,1.0,53.58,0.0,0.0,0.0,1.0
80.0,214.0,2,1000.0,2.0,0.0,70.0,0.0,0.0,0.0,1.0
80.0,516.0,2,1394.0,2.0,2.0,56.0,0.0,0.0,0.0,1.0
80.0,304.0,3,1450.0,2.0,1.0,85.0,1.0,0.0,0.0,0.0
80.0,700.0,1,527.0,1.0,0.0,35.0,0.0,0.0,0.0,1.0
80.0,1175.0,3,1693.0,3.0,2.0,125.0,0.0,0.0,0.0,1.0
80.0,1044.0,4,3122.0,6.0,2.0,235.0,0.0,0.0,0.0,1.0
80.0,854.0,2,1000.0,2.0,1.0,46.0,0.0,0.0,0.0,1.0
80.0,1248.0,2,952.0,2.0,2.0,49.0,0.0,0.0,0.0,1.0
80.0,1113.0,3,2050.0,4.0,1.0,270.0,0.0,0.0,0.0,1.0
80.0,533.0,1,1200.0,1.0,1.0,14.0,0.0,0.0,0.0,1.0
28.0,28.0,3,1410.0,2.0,2.0,64.0,0.0,0.0,0.0,1.0
80.0,561.0,2,1400.0,2.0,2.0,108.0,0.0,0.0,1.0,0.0
80.0,65.0,4,3056.0,5.0,1.0,100.0,0.0,0.0,0.0,1.0
80.0,540.0,3,1826.0,3.0,2.0,125.0,0.0,0.0,1.0,0.0
80.0,173.0,3,1689.0,3.0,2.0,103.0,0.0,0.0,0.0,1.0
80.0,713.0,3,1075.0,2.0,1.0,31.0,0.0,1.0,0.0,0.0
80.0,250.0,5,2500.0,4.0,1.0,1400.0,0.0,0.0,0.0,1.0
80.0,1035.0,2,960.0,2.0,1.0,48.0,0.0,0.0,0.0,1.0
80.0,629.0,2,808.0,2.0,1.0,40.0,0.0,0.0,0.0,1.0
80.0,527.0,2,907.0,2.0,2.0,38.5,0.0,0.0,0.0,1.0
28.0,415.0,2,1300.0,2.0,2.0,55.0,1.0,0.0,0.0,0.0
42.0,662.0,3,1804.0,3.0,2.0,150.0,0.0,0.0,0.0,1.0
80.0,1149.0,3,1350.0,3.0,2.0,81.0,0.0,0.0,0.0,1.0
80.0,504.0,3,1836.0,3.0,2.0,125.0,1.0,0.0,0.0,0.0
28.0,511.0,2,826.0,2.0,2.0,36.0,0.0,0.0,0.0,1.0
80.0,202.0,2,1200.0,2.0,3.0,68.0,0.0,0.0,0.0,1.0
80.0,624.0,4,3000.0,3.0,3.0,300.0,1.0,0.0,0.0,0.0
80.0,651.0,4,2400.0,4.0,2.0,405.0,1.0,0.0,0.0,0.0
80.0,1257.0,2,1460.0,2.0,1.0,80.0,0.0,0.0,0.0,1.0
80.0,1080.0,4,1200.0,4.0,3.0,140.0,1.0,0.0,0.0,0.0
80.0,1231.0,2,965.0,2.0,2.0,56.0,1.0,0.0,0.0,0.0
80.0,150.0,4,2000.0,4.0,2.0,95.0,0.0,0.0,0.0,1.0
80.0,150.0,3,1395.0,2.0,2.0,70.0,1.0,0.0,0.0,0.0
80.0,1263.0,3,1660.0,3.0,2.0,116.0,0.0,0.0,0.0,1.0
80.0,632.0,2,935.0,2.0,2.0,35.0,0.0,0.0,1.0,0.0
80.0,70.0,2,1180.0,2.0,1.0,39.0,0.0,0.0,0.0,1.0
80.0,276.0,2,1090.0,2.0,1.0,31.48,0.0,0.0,0.0,1.0
80.0,587.0,2,1204.0,2.0,1.0,82.0,0.0,0.0,1.0,0.0
80.0,865.0,3,2072.0,4.0,2.0,153.0,1.0,0.0,0.0,0.0
80.0,797.0,2,1056.0,2.0,1.0,65.0,0.0,0.0,0.0,1.0
80.0,201.0,2,985.0,2.0,2.0,62.0,1.0,0.0,0.0,0.0
16.0,1035.0,3,1315.0,2.0,2.0,49.0,1.0,0.0,0.0,0.0
31.0,192.0,2,734.0,2.0,1.0,22.0,0.0,0.0,0.0,1.0
80.0,662.0,4,2900.0,4.0,2.0,200.0,0.0,0.0,0.0,1.0
80.0,662.0,3,2317.0,4.0,3.0,140.0,0.0,0.0,0.0,1.0
37.0,302.0,1,600.0,1.0,0.0,45.0,0.0,0.0,0.0,1.0
80.0,703.0,4,2200.0,3.0,0.0,115.0,0.0,0.0,0.0,1.0
43.0,662.0,2,656.0,2.0,1.0,25.0,0.0,0.0,0.0,1.0
80.0,676.0,1,400.0,1.0,1.0,11.5,0.0,0.0,0.0,1.0
80.0,228.0,1,666.0,1.0,1.0,36.8,0.0,0.0,0.0,1.0
80.0,275.0,4,3293.0,5.0,2.0,425.0,0.0,0.0,0.0,1.0
80.0,557.0,2,1174.0,2.0,1.0,47.0,0.0,0.0,0.0,1.0
44.0,534.0,2,1153.0,2.0,2.0,56.7,0.0,0.0,0.0,1.0
80.0,1144.0,4,1000.0,4.0,1.0,90.0,1.0,0.0,0.0,0.0
80.0,346.0,5,2400.0,5.0,2.0,85.0,0.0,0.0,0.0,1.0
27.0,192.0,2,957.0,2.0,1.0,47.0,0.0,0.0,0.0,1.0
80.0,968.0,2,910.0,2.0,2.0,160.0,0.0,0.0,0.0,1.0
80.0,231.0,2,1060.0,2.0,1.0,50.0,0.0,0.0,1.0,0.0
80.0,1144.0,2,1000.0,2.0,1.0,50.0,0.0,0.0,0.0,1.0
63.0,662.0,3,1843.0,3.0,2.0,88.0,0.0,0.0,0.0,1.0
80.0,557.0,3,1150.0,2.0,2.0,40.25,0.0,0.0,0.0,1.0
80.0,183.0,3,1230.0,2.0,2.0,31.37,0.0,0.0,0.0,1.0
28.0,1053.0,4,3197.0,5.0,2.0,335.0,0.0,0.0,0.0,1.0
80.0,1248.0,3,1703.0,3.0,2.0,130.0,1.0,0.0,0.0,0.0
80.0,170.0,2,1125.0,2.0,1.0,41.5,1.0,0.0,0.0,0.0
80.0,459.0,3,1516.0,3.0,3.0,65.0,1.0,0.0,0.0,0.0
80.0,624.0,2,1130.0,2.0,2.0,56.0,0.0,0.0,1.0,0.0
80.0,214.0,4,3596.0,5.0,1.0,279.0,0.0,0.0,0.0,1.0
80.0,200.0,3,1512.0,3.0,2.0,103.0,0.0,0.0,0.0,1.0
80.0,1035.0,3,1491.0,3.0,1.0,88.0,1.0,0.0,0.0,0.0
80.0,75.0,2,1250.0,2.0,2.0,95.0,0.0,0.0,1.0,0.0
80.0,366.0,3,1650.0,3.0,2.0,90.75,1.0,0.0,0.0,0.0
80.0,25.0,2,1140.0,2.0,1.0,48.7,0.0,0.0,0.0,1.0
80.0,1175.0,4,1200.0,4.0,1.0,110.0,0.0,0.0,0.0,1.0
28.0,1034.0,3,1881.0,3.0,1.0,95.0,0.0,0.0,0.0,1.0
80.0,520.0,3,1100.0,3.0,2.0,56.57,0.0,0.0,0.0,1.0
40.0,1146.0,3,2666.0,4.0,1.0,200.0,0.0,0.0,0.0,1.0
80.0,972.0,2,1500.0,2.0,1.0,50.0,0.0,0.0,0.0,1.0
80.0,186.0,2,1217.0,2.0,1.0,164.0,0.0,0.0,0.0,1.0
45.0,534.0,2,1197.0,2.0,1.0,50.0,0.0,0.0,0.0,1.0
28.0,1035.0,6,2400.0,4.0,1.0,170.0,1.0,0.0,0.0,0.0
80.0,850.0,3,1345.0,3.0,2.0,60.0,0.0,0.0,0.0,1.0
80.0,560.0,4,1200.0,4.0,2.0,100.0,0.0,0.0,1.0,0.0
80.0,1058.0,4,3230.0,5.0,0.0,165.0,0.0,0.0,1.0,0.0
80.0,420.0,3,1260.0,2.0,1.0,95.0,1.0,0.0,0.0,0.0
80.0,639.0,4,2750.0,5.0,1.0,240.0,0.0,0.0,0.0,1.0
80.0,290.0,2,1200.0,2.0,0.0,80.0,0.0,0.0,0.0,1.0
80.0,1144.0,3,1650.0,3.0,0.0,52.0,0.0,0.0,0.0,1.0
80.0,1248.0,1,600.0,1.0,0.0,45.0,0.0,0.0,1.0,0.0
80.0,1037.0,2,1025.0,2.0,1.0,35.88,0.0,0.0,1.0,0.0
80.0,641.0,4,2302.5,2.0,1.0,80.59,0.0,0.0,0.0,1.0
80.0,507.0,2,973.0,2.0,1.0,56.0,0.0,0.0,0.0,1.0
80.0,517.0,4,4110.0,4.0,2.0,590.0,0.0,0.0,1.0,0.0
80.0,29.0,3,2533.0,3.0,3.0,425.0,0.0,0.0,1.0,0.0
80.0,134.0,2,1007.0,2.0,1.0,75.0,0.0,0.0,0.0,1.0
80.0,540.0,1,800.0,1.0,0.0,39.99,0.0,0.0,0.0,1.0
80.0,536.0,3,1830.0,3.0,1.0,119.0,0.0,0.0,1.0,0.0
80.0,234.0,2,1077.0,2.0,1.0,50.0,0.0,0.0,0.0,1.0
80.0,96.0,1,672.0,1.0,1.0,27.0,0.0,0.0,0.0,1.0
33.0,28.0,3,1280.0,3.0,0.0,87.0,1.0,0.0,0.0,0.0
80.0,667.0,2,865.0,2.0,0.0,40.0,0.0,0.0,0.0,1.0
40.0,511.0,2,1000.0,2.0,2.0,33.0,0.0,0.0,0.0,1.0
31.0,250.0,2,1285.0,2.0,2.0,65.0,0.0,0.0,0.0,1.0
80.0,209.0,1,662.0,1.0,1.0,29.0,0.0,0.0,0.0,1.0
27.0,662.0,5,2297.0,5.0,2.0,269.0,0.0,0.0,0.0,1.0
54.0,186.0,5,3750.0,6.0,3.0,295.0,0.0,0.0,0.0,1.0
80.0,960.0,3,1850.0,3.0,3.0,95.0,0.0,0.0,0.0,1.0
34.0,910.0,3,1754.0,3.0,2.0,132.0,0.0,0.0,0.0,1.0
32.0,1035.0,5,1200.0,4.0,2.0,150.0,0.0,0.0,0.0,1.0
80.0,27.0,5,2200.0,7.0,2.0,350.0,0.0,0.0,0.0,1.0
45.0,234.0,3,1567.0,3.0,1.0,100.0,0.0,0.0,0.0,1.0
26.0,1035.0,3,1695.0,3.0,3.0,50.0,0.0,0.0,0.0,1.0
80.0,968.0,2,360.0,2.0,1.0,40.0,1.0,0.0,0.0,0.0
40.0,1248.0,2,1150.0,2.0,1.0,69.44,0.0,0.0,0.0,1.0
80.0,641.0,3,1690.0,3.0,2.0,85.0,0.0,0.0,0.0,1.0
80.0,241.0,3,2350.0,3.0,2.0,210.0,0.0,0.0,0.0,1.0
80.0,1238.0,2,1057.0,2.0,1.0,65.0,0.0,0.0,0.0,1.0
80.0,234.0,2,1320.0,2.0,1.0,91.0,0.0,0.0,0.0,1.0
80.0,415.0,4,2119.0,4.0,3.0,111.0,1.0,0.0,0.0,0.0
80.0,756.0,2,1125.0,2.0,1.0,48.0,0.0,0.0,1.0,0.0
80.0,960.0,3,2254.0,3.0,2.0,170.0,0.0,0.0,0.0,1.0
80.0,1257.0,1,645.0,1.0,1.0,34.18,0.0,0.0,0.0,1.0
80.0,914.0,2,1050.0,2.0,2.0,52.08,0.0,0.0,0.0,1.0
80.0,862.0,2,1040.0,2.0,1.0,41.6,0.0,0.0,0.0,1.0
63.0,662.0,3,1700.0,3.0,1.0,194.0,0.0,0.0,0.0,1.0
80.0,720.0,3,1760.0,3.0,1.0,115.0,1.0,0.0,0.0,0.0
80.0,72.0,3,1138.0,3.0,2.0,128.0,0.0,0.0,0.0,1.0
80.0,771.0,2,984.0,2.0,1.0,45.91,0.0,0.0,0.0,1.0
80.0,663.0,2,1140.0,2.0,2.0,38.65,0.0,0.0,0.0,1.0
80.0,150.0,3,3596.0,3.0,1.0,200.0,0.0,1.0,0.0,0.0
80.0,1288.0,3,1365.0,3.0,2.0,54.0,0.0,0.0,1.0,0.0
80.0,70.0,1,560.0,1.0,0.0,19.0,0.0,0.0,0.0,1.0
80.0,276.0,2,1404.0,2.0,1.0,75.0,0.0,0.0,0.0,1.0
40.0,1187.0,4,1540.0,4.0,3.0,45.0,0.0,0.0,0.0,1.0
80.0,725.0,3,1050.0,2.0,1.0,39.0,0.0,0.0,1.0,0.0
80.0,630.0,4,360.0,4.0,3.0,37.0,0.0,0.0,1.0,0.0
80.0,885.0,3,1550.0,3.0,3.0,72.5,0.0,0.0,0.0,1.0
80.0,464.0,3,1653.0,3.0,3.0,93.0,0.0,0.0,0.0,1.0
80.0,292.0,2,1194.0,2.0,2.0,47.0,1.0,0.0,0.0,0.0
80.0,174.0,3,1471.0,2.0,3.0,75.0,0.0,0.0,1.0,0.0
80.0,662.0,2,700.0,2.0,1.0,35.0,0.0,0.0,0.0,1.0
80.0,851.0,2,812.0,2.0,1.0,38.25,0.0,0.0,0.0,1.0
80.0,604.0,3,1504.0,2.0,2.0,83.0,0.0,0.0,0.0,1.0
80.0,81.0,3,1450.0,3.0,2.0,75.0,0.0,0.0,0.0,1.0
80.0,622.0,2,957.0,2.0,2.0,54.5,1.0,0.0,0.0,0.0
80.0,540.0,1,460.0,1.0,1.0,13.0,1.0,0.0,0.0,0.0
80.0,1258.0,2,900.0,2.0,0.0,128.0,1.0,0.0,0.0,0.0
80.0,172.0,2,1050.0,2.0,1.0,75.0,0.0,0.0,1.0,0.0
80.0,397.0,3,1820.0,3.0,2.0,85.0,0.0,0.0,1.0,0.0
45.0,1035.0,2,1033.0,2.0,2.0,32.0,0.0,0.0,0.0,1.0
80.0,520.0,2,800.0,1.0,1.0,90.0,1.0,0.0,0.0,0.0
40.0,587.0,1,520.0,2.0,0.0,29.0,0.0,0.0,0.0,1.0
80.0,132.0,2,1165.0,2.0,2.0,88.5,0.0,0.0,1.0,0.0
34.0,192.0,2,1280.0,2.0,1.0,61.0,0.0,0.0,0.0,1.0
80.0,1248.0,3,1950.0,3.0,3.0,230.0,1.0,0.0,0.0,0.0
27.0,415.0,1,600.0,1.0,0.0,58.0,0.0,0.0,0.0,1.0
80.0,968.0,3,1550.0,3.0,3.0,65.1,0.0,0.0,0.0,1.0
80.0,885.0,2,1392.0,2.0,1.0,130.0,0.0,0.0,1.0,0.0
70.0,1144.0,3,1221.0,3.0,3.0,75.0,0.0,0.0,0.0,1.0
80.0,1248.0,1,1000.0,1.0,1.0,19.0,0.0,0.0,0.0,1.0
80.0,686.0,2,1300.0,2.0,2.0,60.0,0.0,0.0,0.0,1.0
80.0,96.0,2,1065.0,2.0,3.0,31.5,1.0,0.0,0.0,0.0
80.0,70.0,3,1209.0,2.0,3.0,65.0,0.0,0.0,0.0,1.0
80.0,137.0,1,375.0,1.0,0.0,40.0,0.0,0.0,0.0,1.0
80.0,730.0,3,7800.0,3.0,2.0,2000.0,0.0,0.0,0.0,1.0
15.0,841.0,3,1929.0,4.0,1.0,101.0,0.0,0.0,1.0,0.0
80.0,1035.0,2,1255.0,2.0,1.0,84.0,0.0,0.0,0.0,1.0
79.0,295.0,2,1035.0,2.0,1.0,31.05,0.0,0.0,1.0,0.0
80.0,677.0,4,1200.0,5.0,2.0,270.0,0.0,0.0,0.0,1.0
80.0,511.0,3,1650.0,3.0,2.0,101.0,0.0,0.0,0.0,1.0
26.0,415.0,3,1275.0,2.0,3.0,65.0,0.0,0.0,0.0,1.0
80.0,1248.0,2,1128.0,2.0,1.0,65.58,1.0,0.0,0.0,0.0
67.0,1218.0,2,1140.0,2.0,2.0,38.55,0.0,0.0,0.0,1.0
80.0,214.0,4,1200.0,4.0,2.0,200.0,0.0,0.0,0.0,1.0
80.0,918.0,2,1183.0,2.0,2.0,58.56,0.0,0.0,0.0,1.0
80.0,797.0,2,1155.0,2.0,1.0,39.0,1.0,0.0,0.0,0.0
80.0,447.0,3,1245.0,2.0,2.0,43.57,0.0,0.0,0.0,1.0
80.0,624.0,2,1000.0,2.0,1.0,38.0,0.0,0.0,0.0,1.0
80.0,492.0,2,1040.0,2.0,1.0,75.0,0.0,0.0,1.0,0.0
27.0,582.0,4,2062.0,3.0,1.0,140.0,0.0,0.0,0.0,1.0
80.0,266.0,3,1477.0,2.0,2.0,75.0,1.0,0.0,0.0,0.0
80.0,692.0,4,1050.0,3.0,3.0,85.0,0.0,0.0,0.0,1.0
45.0,1248.0,3,1525.0,2.0,2.0,65.0,0.0,0.0,0.0,1.0
80.0,800.0,2,2000.0,2.0,1.0,120.0,1.0,0.0,0.0,0.0
80.0,1134.0,2,1220.0,2.0,1.0,65.0,1.0,0.0,0.0,0.0
54.0,180.0,3,2388.0,3.0,1.0,195.0,0.0,0.0,0.0,1.0
80.0,266.0,2,1355.0,2.0,1.0,97.6,0.0,0.0,0.0,1.0
80.0,1248.0,2,1141.0,2.0,1.0,62.0,0.0,0.0,0.0,1.0
80.0,662.0,2,1046.0,2.0,0.0,49.06,0.0,0.0,0.0,1.0
52.0,1248.0,1,630.0,1.0,2.0,35.0,0.0,0.0,0.0,1.0
26.0,996.0,2,1247.0,2.0,2.0,62.35,0.0,0.0,0.0,1.0
32.0,729.0,4,3855.0,4.0,3.0,220.0,0.0,0.0,0.0,1.0
26.0,250.0,2,850.0,2.0,1.0,32.5,0.0,0.0,0.0,1.0
40.0,528.0,2,1120.0,2.0,2.0,36.0,0.0,0.0,0.0,1.0
80.0,1018.0,8,800.0,8.0,1.0,285.0,0.0,0.0,0.0,1.0
80.0,441.0,3,1798.0,3.0,1.0,110.0,0.0,0.0,0.0,1.0
80.0,302.0,3,1180.0,2.0,1.0,45.0,1.0,0.0,0.0,0.0
80.0,986.0,2,1000.0,2.0,1.0,34.0,1.0,0.0,0.0,0.0
80.0,797.0,2,1216.0,2.0,1.0,82.0,1.0,0.0,0.0,0.0
80.0,845.0,2,900.0,2.0,0.0,65.0,0.0,1.0,0.0,0.0
27.0,504.0,2,1100.0,2.0,0.0,65.0,0.0,0.0,0.0,1.0
27.0,735.0,3,1842.0,3.0,2.0,115.0,0.0,0.0,0.0,1.0
80.0,924.0,3,1075.0,2.0,1.0,43.0,0.0,0.0,0.0,1.0
80.0,944.0,2,1495.0,3.0,3.0,88.0,1.0,0.0,0.0,0.0
28.0,402.0,3,1700.0,3.0,3.0,120.0,0.0,0.0,0.0,1.0
31.0,417.0,3,1564.0,3.0,1.0,103.0,1.0,0.0,0.0,0.0
80.0,1175.0,2,1256.0,2.0,1.0,65.0,1.0,0.0,0.0,0.0
80.0,219.0,2,1047.0,2.0,1.0,89.0,0.0,0.0,0.0,1.0
80.0,1060.0,3,1458.0,3.0,1.0,78.45,0.0,0.0,0.0,1.0
43.0,662.0,2,1063.0,2.0,1.0,61.17,0.0,0.0,0.0,1.0
80.0,573.0,4,7400.0,5.0,1.0,1850.0,0.0,0.0,0.0,1.0
80.0,183.0,2,1150.0,2.0,1.0,52.5,0.0,0.0,0.0,1.0
80.0,350.0,1,450.0,1.0,1.0,9.0,0.0,0.0,0.0,1.0
80.0,1248.0,2,1360.0,2.0,0.0,45.0,0.0,0.0,0.0,1.0
80.0,582.0,3,1605.0,3.0,2.0,76.0,1.0,0.0,0.0,0.0
80.0,171.0,3,1200.0,4.0,2.0,205.0,1.0,0.0,0.0,0.0
80.0,1084.0,3,1810.0,3.0,2.0,100.0,0.0,0.0,1.0,0.0
80.0,662.0,2,1250.0,2.0,2.0,48.5,0.0,0.0,0.0,1.0
80.0,828.0,3,1475.0,2.0,2.0,58.99,0.0,0.0,0.0,1.0
80.0,954.0,2,1100.0,3.0,0.0,125.0,0.0,0.0,0.0,1.0
80.0,96.0,2,850.0,2.0,1.0,25.4,0.0,0.0,0.0,1.0
80.0,1175.0,2,1025.0,2.0,1.0,26.65,0.0,0.0,0.0,1.0
31.0,1248.0,2,980.0,2.0,1.0,45.0,0.0,0.0,1.0,0.0
80.0,124.0,3,1428.0,2.0,1.0,70.0,0.0,0.0,0.0,1.0
80.0,1263.0,2,1130.0,2.0,1.0,74.0,0.0,0.0,0.0,1.0
80.0,700.0,3,1592.0,3.0,1.0,125.0,0.0,0.0,0.0,1.0
80.0,662.0,3,2050.0,3.0,3.0,82.0,0.0,0.0,0.0,1.0
80.0,29.0,2,1407.0,2.0,1.0,83.87,0.0,0.0,0.0,1.0
80.0,968.0,3,4170.0,3.0,2.0,800.0,0.0,0.0,0.0,1.0
80.0,684.0,3,1585.0,3.0,1.0,84.0,0.0,0.0,1.0,0.0
80.0,755.0,3,1785.0,3.0,2.0,130.0,0.0,0.0,0.0,1.0
80.0,493.0,2,900.0,2.0,3.0,45.0,1.0,0.0,0.0,0.0
80.0,1035.0,4,1350.0,4.0,2.0,160.0,0.0,0.0,0.0,1.0
32.0,84.0,3,1843.0,3.0,2.0,96.2,0.0,0.0,0.0,1.0
80.0,1137.0,4,2375.0,3.0,1.0,260.0,0.0,0.0,0.0,1.0
80.0,242.0,2,1200.0,2.0,1.0,67.0,0.0,0.0,1.0,0.0
80.0,516.0,2,1113.0,2.0,1.0,52.0,0.0,0.0,0.0,1.0
80.0,456.0,2,1125.0,2.0,1.0,47.0,0.0,0.0,0.0,1.0
80.0,872.0,3,1200.0,3.0,1.0,56.0,0.0,0.0,0.0,1.0
80.0,1244.0,3,1150.0,3.0,2.0,45.0,0.0,0.0,1.0,0.0
80.0,1212.0,2,770.0,1.0,1.0,70.0,0.0,0.0,0.0,1.0
39.0,698.0,2,1181.0,2.0,2.0,57.0,0.0,0.0,0.0,1.0
80.0,1218.0,3,1550.0,3.0,3.0,64.7,0.0,0.0,1.0,0.0
80.0,1029.0,2,1200.0,2.0,1.0,86.0,0.0,0.0,1.0,0.0
69.0,662.0,2,1295.0,2.0,2.0,55.47,0.0,0.0,0.0,1.0
80.0,119.0,3,480.0,3.0,3.0,65.0,1.0,0.0,0.0,0.0
80.0,676.0,3,1506.0,3.0,1.0,95.0,1.0,0.0,0.0,0.0
40.0,350.0,3,1872.0,3.0,2.0,152.0,0.0,0.0,0.0,1.0
80.0,1149.0,4,2900.0,4.0,2.0,240.0,0.0,0.0,0.0,1.0
80.0,304.0,3,1326.0,2.0,1.0,35.0,0.0,0.0,0.0,1.0
80.0,797.0,2,1040.0,2.0,1.0,33.28,1.0,0.0,0.0,0.0
80.0,1137.0,5,1200.0,5.0,1.0,90.0,1.0,0.0,0.0,0.0
80.0,662.0,2,1020.0,2.0,1.0,48.0,0.0,0.0,0.0,1.0
80.0,968.0,3,1400.0,3.0,2.0,90.0,0.0,0.0,0.0,1.0
80.0,1144.0,10,4000.0,12.0,1.0,160.0,0.0,0.0,0.0,1.0
80.0,382.0,1,812.0,1.0,1.0,26.0,0.0,0.0,1.0,0.0
80.0,1149.0,2,1100.0,2.0,1.0,54.0,0.0,0.0,0.0,1.0
80.0,972.0,2,829.0,2.0,1.0,22.8,0.0,0.0,1.0,0.0
80.0,656.0,5,750.0,4.0,3.0,95.0,0.0,0.0,0.0,1.0
80.0,76.0,4,2700.0,4.0,2.0,350.0,0.0,0.0,0.0,1.0
80.0,960.0,3,1500.0,3.0,1.0,72.99,0.0,0.0,0.0,1.0
63.0,611.0,2,850.0,2.0,1.0,25.99,1.0,0.0,0.0,0.0
80.0,1134.0,2,1180.0,2.0,2.0,60.0,0.0,0.0,1.0,0.0
80.0,1257.0,4,5108.0,5.0,2.0,995.0,0.0,0.0,0.0,1.0
80.0,129.0,3,2215.0,4.0,2.0,150.0,0.0,0.0,0.0,1.0
80.0,512.0,2,1010.0,2.0,1.0,36.0,0.0,0.0,0.0,1.0
80.0,1256.0,2,1350.0,2.0,2.0,60.0,0.0,0.0,1.0,0.0
80.0,705.0,2,1100.0,2.0,0.0,50.0,0.0,0.0,0.0,1.0
80.0,113.0,3,1450.0,2.0,2.0,62.93,0.0,0.0,0.0,1.0
80.0,492.0,2,1133.0,2.0,2.0,40.0,1.0,0.0,0.0,0.0
26.0,442.0,3,1564.0,3.0,2.0,100.0,0.0,0.0,0.0,1.0
80.0,234.0,2,640.0,1.0,0.0,10.5,0.0,0.0,0.0,1.0
80.0,1258.0,3,2072.0,4.0,2.0,157.0,0.0,0.0,0.0,1.0
80.0,489.0,2,432.0,2.0,1.0,65.0,0.0,0.0,0.0,1.0
80.0,1248.0,3,1460.0,2.0,3.0,51.1,0.0,0.0,0.0,1.0
80.0,1021.0,1,600.0,2.0,1.0,35.0,0.0,0.0,1.0,0.0
80.0,480.0,2,1050.0,2.0,2.0,52.07,1.0,0.0,0.0,0.0
80.0,696.0,2,700.0,2.0,1.0,35.0,0.0,0.0,1.0,0.0
80.0,972.0,3,1200.0,3.0,0.0,66.0,1.0,0.0,0.0,0.0
80.0,1260.0,1,654.0,1.0,1.0,38.0,0.0,0.0,0.0,1.0
80.0,850.0,2,1105.0,2.0,2.0,50.0,0.0,0.0,0.0,1.0
80.0,75.0,3,1800.0,3.0,3.0,150.0,0.0,0.0,0.0,1.0
80.0,484.0,2,1200.0,2.0,2.0,160.0,0.0,0.0,0.0,1.0
14.0,324.0,1,700.0,1.0,1.0,30.84,0.0,0.0,0.0,1.0
80.0,1261.0,2,1000.0,2.0,1.0,51.0,0.0,0.0,1.0,0.0
80.0,711.0,5,3500.0,5.0,0.0,350.0,1.0,0.0,0.0,0.0
80.0,561.0,3,1240.0,2.0,1.0,63.0,0.0,0.0,1.0,0.0
80.0,72.0,2,1200.0,2.0,3.0,45.0,1.0,0.0,0.0,0.0
80.0,891.0,3,1400.0,2.0,2.0,80.0,0.0,0.0,0.0,1.0
80.0,88.0,3,1393.0,3.0,2.0,54.0,0.0,0.0,0.0,1.0
80.0,219.0,2,1140.0,2.0,2.0,50.0,0.0,0.0,1.0,0.0
80.0,1105.0,5,1000.0,5.0,1.0,130.0,1.0,0.0,0.0,0.0
28.0,1248.0,3,1640.0,3.0,2.0,70.0,1.0,0.0,0.0,0.0
54.0,186.0,2,1200.0,2.0,0.0,62.0,0.0,0.0,0.0,1.0
80.0,119.0,2,720.0,2.0,2.0,65.0,0.0,0.0,0.0,1.0
80.0,643.0,3,1650.0,3.0,3.0,68.0,0.0,0.0,0.0,1.0
80.0,1175.0,4,2496.0,4.0,2.0,125.0,0.0,0.0,0.0,1.0
80.0,459.0,2,905.0,2.0,1.0,32.0,0.0,0.0,0.0,1.0
27.0,1222.0,3,1600.0,3.0,1.0,125.0,0.0,0.0,0.0,1.0
80.0,838.0,2,1070.0,2.0,1.0,45.48,0.0,0.0,1.0,0.0
80.0,516.0,4,8400.0,5.0,2.0,1675.0,1.0,0.0,0.0,0.0
80.0,1017.0,2,1200.0,2.0,2.0,100.0,0.0,0.0,0.0,1.0
80.0,504.0,5,1800.0,5.0,2.0,350.0,0.0,0.0,0.0,1.0
28.0,1248.0,4,2600.0,4.0,2.0,115.0,0.0,0.0,0.0,1.0
80.0,709.0,2,1145.0,2.0,2.0,75.0,0.0,0.0,0.0,1.0
79.0,834.0,3,1495.0,3.0,2.0,55.0,0.0,0.0,1.0,0.0
80.0,561.0,3,1200.0,2.0,1.0,300.0,1.0,0.0,0.0,0.0
36.0,995.0,3,1400.0,3.0,2.0,53.0,0.0,0.0,0.0,1.0
80.0,1248.0,3,1558.0,3.0,2.0,90.0,0.0,0.0,1.0,0.0
80.0,583.0,2,1007.0,2.0,1.0,53.0,1.0,0.0,0.0,0.0
80.0,507.0,2,902.0,2.0,1.0,25.26,0.0,0.0,0.0,1.0
37.0,534.0,2,1054.0,2.0,1.0,53.0,0.0,0.0,0.0,1.0
80.0,502.0,3,1135.0,2.0,3.0,39.73,0.0,0.0,0.0,1.0
80.0,324.0,2,996.0,2.0,2.0,49.0,0.0,0.0,0.0,1.0
80.0,420.0,2,1275.0,2.0,2.0,47.0,0.0,0.0,0.0,1.0
30.0,534.0,2,1250.0,2.0,0.0,75.0,0.0,0.0,0.0,1.0
26.0,267.0,4,2502.0,4.0,2.0,170.0,0.0,0.0,0.0,1.0
80.0,290.0,2,1394.0,2.0,3.0,52.0,0.0,0.0,0.0,1.0
80.0,961.0,2,1243.0,2.0,2.0,46.0,0.0,0.0,0.0,1.0
80.0,1185.0,2,1216.0,2.0,1.0,75.0,0.0,0.0,0.0,1.0
80.0,829.0,2,1075.0,2.0,1.0,57.0,1.0,0.0,0.0,0.0
80.0,315.0,2,1800.0,2.0,1.0,42.3,0.0,0.0,1.0,0.0
26.0,1152.0,3,1500.0,3.0,3.0,120.0,0.0,0.0,0.0,1.0
80.0,1257.0,4,1708.0,3.0,1.0,76.0,0.0,0.0,1.0,0.0
80.0,1000.0,3,1500.0,3.0,1.0,250.0,1.0,0.0,0.0,0.0
26.0,520.0,3,1800.0,4.0,3.0,115.0,0.0,0.0,1.0,0.0
40.0,1187.0,2,1532.0,2.0,1.0,65.0,0.0,0.0,0.0,1.0
80.0,150.0,3,1726.0,3.0,2.0,81.99,0.0,0.0,0.0,1.0
80.0,249.0,2,1220.0,2.0,2.0,54.89,0.0,0.0,0.0,1.0
80.0,968.0,2,1100.0,2.0,2.0,50.0,0.0,0.0,0.0,1.0
80.0,324.0,3,1530.0,3.0,3.0,40.0,0.0,0.0,0.0,1.0
80.0,671.0,2,840.0,2.0,1.0,28.0,0.0,0.0,0.0,1.0
80.0,1101.0,3,1250.0,4.0,3.0,39.0,0.0,0.0,0.0,1.0
26.0,413.0,2,1030.0,2.0,1.0,35.0,0.0,0.0,0.0,1.0
80.0,969.0,3,1499.0,3.0,2.0,89.0,0.0,0.0,0.0,1.0
80.0,662.0,3,1280.0,2.0,3.0,55.0,0.0,0.0,0.0,1.0
20.0,420.0,2,1170.0,2.0,2.0,59.0,0.0,0.0,0.0,1.0
80.0,904.0,3,2646.0,3.0,1.0,99.0,1.0,0.0,0.0,0.0
33.0,504.0,2,1161.0,2.0,3.0,36.69,0.0,0.0,0.0,1.0
80.0,1175.0,2,1633.0,2.0,1.0,72.0,0.0,0.0,0.0,1.0
80.0,662.0,2,1050.0,2.0,2.0,65.0,0.0,0.0,1.0,0.0
80.0,961.0,4,1650.0,5.0,3.0,309.0,1.0,0.0,0.0,0.0
80.0,278.0,1,552.5,1.0,0.0,13.26,0.0,0.0,0.0,1.0
80.0,116.0,1,418.0,2.0,1.0,11.5,0.0,0.0,1.0,0.0
80.0,573.0,2,905.0,2.0,2.0,50.0,0.0,0.0,0.0,1.0
80.0,867.0,3,1510.0,2.0,2.0,55.0,1.0,0.0,0.0,0.0
80.0,484.0,3,1390.0,2.0,3.0,60.47,0.0,0.0,1.0,0.0
27.0,720.0,2,1101.0,2.0,2.0,66.0,0.0,0.0,0.0,1.0
80.0,910.0,4,2736.0,4.0,1.0,130.0,0.0,0.0,0.0,1.0
80.0,1034.0,3,2350.0,4.0,2.0,163.0,0.0,0.0,1.0,0.0
80.0,773.0,2,1056.0,2.0,2.0,55.0,0.0,0.0,1.0,0.0
80.0,1263.0,3,1425.0,2.0,2.0,49.88,0.0,0.0,0.0,1.0
80.0,951.0,3,1450.0,3.0,1.0,70.0,0.0,0.0,0.0,1.0
80.0,380.0,2,1000.0,2.0,2.0,34.0,0.0,0.0,0.0,1.0
80.0,865.0,1,575.0,1.0,1.0,38.0,0.0,0.0,0.0,1.0
80.0,96.0,3,1350.0,2.0,2.0,47.24,0.0,0.0,0.0,1.0
28.0,663.0,3,2000.0,2.0,0.0,180.0,0.0,0.0,0.0,1.0
80.0,662.0,3,1770.0,3.0,2.0,90.0,1.0,0.0,0.0,0.0
80.0,903.0,3,3155.0,3.0,2.0,315.0,0.0,0.0,0.0,1.0
80.0,552.0,2,616.0,3.0,1.0,45.0,1.0,0.0,0.0,0.0
80.0,420.0,1,745.0,1.0,0.0,34.27,0.0,0.0,0.0,1.0
80.0,276.0,7,6500.0,7.0,1.0,104.0,0.0,0.0,0.0,1.0
80.0,230.0,4,2400.0,4.0,1.0,650.0,0.0,0.0,0.0,1.0
80.0,127.0,2,1547.0,2.0,2.0,103.0,0.0,0.0,1.0,0.0
80.0,731.0,3,1713.0,3.0,1.0,120.0,0.0,0.0,1.0,0.0
80.0,843.0,4,3300.0,4.0,2.0,430.0,0.0,0.0,0.0,1.0
80.0,1263.0,8,1135.0,4.0,1.0,190.0,0.0,0.0,0.0,1.0
80.0,800.0,3,1856.0,4.0,2.0,180.0,0.0,0.0,1.0,0.0
80.0,138.0,2,1152.0,2.0,1.0,57.0,1.0,0.0,0.0,0.0
80.0,892.0,2,1100.0,2.0,1.0,46.75,0.0,0.0,0.0,1.0
80.0,542.0,3,2357.0,3.0,2.0,135.0,0.0,0.0,0.0,1.0
80.0,703.0,3,1820.0,4.0,2.0,95.0,1.0,0.0,0.0,0.0
80.0,648.0,3,1865.0,3.0,1.0,139.0,0.0,0.0,0.0,1.0
33.0,520.0,2,1240.0,2.0,2.0,65.0,0.0,0.0,0.0,1.0
80.0,968.0,3,1360.0,3.0,1.0,75.0,0.0,0.0,0.0,1.0
80.0,1248.0,4,4200.0,4.0,2.0,255.0,0.0,0.0,0.0,1.0
80.0,1035.0,3,1450.0,2.0,2.0,63.51,0.0,0.0,0.0,1.0
80.0,417.0,2,1139.0,2.0,2.0,72.0,1.0,0.0,0.0,0.0
80.0,771.0,3,1565.0,2.0,2.0,56.0,0.0,0.0,0.0,1.0
80.0,684.0,3,1200.0,3.0,2.0,165.0,0.0,0.0,0.0,1.0
16.0,910.0,4,600.0,4.0,0.0,77.0,0.0,0.0,0.0,1.0
45.0,1144.0,2,1200.0,2.0,2.0,39.0,0.0,0.0,0.0,1.0
80.0,519.0,3,1855.0,3.0,3.0,140.0,0.0,0.0,0.0,1.0
80.0,632.0,2,1100.0,2.0,1.0,55.0,1.0,0.0,0.0,0.0
80.0,1248.0,3,1350.0,2.0,2.0,65.0,0.0,0.0,0.0,1.0
28.0,1248.0,3,2266.0,3.0,2.0,207.0,0.0,0.0,0.0,1.0
48.0,1248.0,1,660.0,1.0,1.0,23.0,0.0,0.0,0.0,1.0
80.0,686.0,2,1490.0,2.0,1.0,150.0,1.0,0.0,0.0,0.0
80.0,266.0,3,1083.0,2.0,1.0,48.0,1.0,0.0,0.0,0.0
80.0,802.0,2,1232.0,2.0,1.0,83.0,0.0,0.0,0.0,1.0
72.0,75.0,3,1550.0,3.0,1.0,86.8,0.0,0.0,0.0,1.0
80.0,972.0,2,1227.0,2.0,2.0,70.0,0.0,0.0,0.0,1.0
80.0,386.0,2,1059.0,2.0,2.0,68.0,0.0,0.0,0.0,1.0
80.0,1144.0,2,545.0,1.0,1.0,29.0,1.0,0.0,0.0,0.0
26.0,723.0,2,1152.0,2.0,1.0,54.0,0.0,0.0,0.0,1.0
80.0,60.0,2,870.0,1.0,1.0,45.0,1.0,0.0,0.0,0.0
80.0,68.0,2,1210.0,2.0,1.0,78.0,0.0,0.0,0.0,1.0
80.0,192.0,1,663.0,1.0,0.0,46.1,0.0,0.0,0.0,1.0
80.0,1035.0,3,1464.0,2.0,1.0,135.0,0.0,0.0,0.0,1.0
80.0,701.0,3,1365.0,3.0,1.0,80.0,0.0,0.0,0.0,1.0
80.0,714.0,3,1704.0,3.0,1.0,120.0,0.0,0.0,0.0,1.0
80.0,507.0,3,1495.0,2.0,1.0,60.55,0.0,0.0,0.0,1.0
80.0,647.0,2,1256.0,2.0,1.0,73.0,0.0,0.0,0.0,1.0
80.0,70.0,2,883.0,2.0,0.0,49.0,0.0,0.0,0.0,1.0
80.0,415.0,3,1080.0,2.0,1.0,45.0,1.0,0.0,0.0,0.0
80.0,644.0,2,497.0,1.0,1.0,25.0,0.0,0.0,1.0,0.0
80.0,72.0,2,1073.0,2.0,1.0,52.36,0.0,0.0,0.0,1.0
80.0,662.0,6,3000.0,6.0,3.0,250.0,0.0,0.0,0.0,1.0
80.0,363.0,2,1300.0,2.0,3.0,32.0,0.0,0.0,0.0,1.0
27.0,415.0,1,662.0,1.0,0.0,45.0,0.0,0.0,0.0,1.0
80.0,250.0,2,1200.0,2.0,2.0,75.0,1.0,0.0,0.0,0.0
31.0,1248.0,3,1550.0,3.0,3.0,75.0,0.0,0.0,0.0,1.0
80.0,984.0,3,1707.0,3.0,2.0,171.0,0.0,0.0,1.0,0.0
80.0,635.0,2,1310.0,2.0,2.0,80.43,0.0,0.0,1.0,0.0
80.0,400.0,3,1577.0,3.0,2.0,65.0,0.0,0.0,0.0,1.0
80.0,268.0,3,1324.0,3.0,2.0,65.0,0.0,0.0,0.0,1.0
80.0,1248.0,3,1786.0,2.0,2.0,106.0,1.0,0.0,0.0,0.0
80.0,1258.0,2,1174.0,2.0,1.0,75.0,0.0,0.0,0.0,1.0
26.0,1296.0,1,565.0,1.0,1.0,33.0,0.0,0.0,1.0,0.0
80.0,1248.0,3,1400.0,2.0,1.0,95.0,0.0,0.0,0.0,1.0
80.0,394.0,1,635.0,1.0,1.0,28.0,0.0,0.0,0.0,1.0
80.0,84.0,6,3000.0,8.0,2.0,400.0,0.0,0.0,0.0,1.0
80.0,327.0,3,1368.0,2.0,1.0,54.71,1.0,0.0,0.0,0.0
80.0,306.0,3,1450.0,3.0,3.0,55.0,0.0,0.0,0.0,1.0
80.0,208.0,2,1045.0,2.0,2.0,48.0,0.0,0.0,1.0,0.0
80.0,504.0,2,1128.0,2.0,1.0,65.4,0.0,0.0,0.0,1.0
80.0,662.0,2,1125.0,2.0,1.0,54.0,0.0,0.0,0.0,1.0
80.0,1044.0,2,1195.0,2.0,1.0,62.38,1.0,0.0,0.0,0.0
80.0,960.0,1,630.0,2.0,1.0,70.0,0.0,0.0,0.0,1.0
80.0,116.0,3,1350.0,2.0,0.0,105.0,0.0,0.0,1.0,0.0
80.0,1248.0,3,1740.0,3.0,0.0,120.0,0.0,0.0,0.0,1.0
34.0,1035.0,2,877.0,2.0,1.0,29.0,0.0,0.0,0.0,1.0
80.0,1034.0,3,1770.0,4.0,1.0,68.0,0.0,0.0,0.0,1.0
80.0,656.0,1,450.0,1.0,1.0,15.0,0.0,0.0,0.0,1.0
80.0,684.0,2,1000.0,2.0,1.0,55.0,0.0,0.0,0.0,1.0
80.0,512.0,2,1300.0,2.0,2.0,78.0,0.0,0.0,1.0,0.0
80.0,214.0,3,1300.0,2.0,1.0,42.0,0.0,0.0,0.0,1.0
26.0,250.0,2,985.0,2.0,1.0,40.39,0.0,0.0,0.0,1.0
80.0,65.0,2,1045.0,2.0,2.0,42.0,0.0,0.0,0.0,1.0
80.0,1152.0,2,1250.0,2.0,1.0,62.4,0.0,1.0,0.0,0.0
80.0,700.0,3,2400.0,4.0,1.0,130.0,0.0,0.0,0.0,1.0
80.0,1137.0,2,1194.0,2.0,2.0,46.0,0.0,0.0,0.0,1.0
7.0,315.0,3,1420.0,3.0,3.0,68.0,0.0,0.0,1.0,0.0
80.0,266.0,3,1720.0,3.0,3.0,83.0,0.0,0.0,0.0,1.0
80.0,415.0,3,1530.0,2.0,2.0,74.4,0.0,0.0,0.0,1.0
80.0,1263.0,3,1200.0,2.0,0.0,66.0,0.0,0.0,0.0,1.0
80.0,39.0,3,1570.0,3.0,3.0,88.0,0.0,0.0,0.0,1.0
80.0,963.0,3,1157.0,2.0,1.0,74.0,1.0,0.0,0.0,0.0
80.0,520.0,2,535.0,1.0,1.0,20.0,0.0,0.0,0.0,1.0
80.0,116.0,2,1120.0,2.0,2.0,39.2,0.0,0.0,1.0,0.0
80.0,1192.0,2,1150.0,2.0,2.0,60.0,1.0,0.0,0.0,0.0
80.0,1248.0,5,2400.0,5.0,2.0,200.0,0.0,0.0,1.0,0.0
27.0,417.0,2,1215.0,2.0,1.0,68.0,1.0,0.0,0.0,0.0
80.0,84.0,2,1444.0,2.0,1.0,75.97,1.0,0.0,0.0,0.0
80.0,968.0,3,2003.0,3.0,3.0,200.0,0.0,0.0,0.0,1.0
80.0,486.0,2,1100.0,2.0,2.0,70.0,1.0,0.0,0.0,0.0
80.0,1164.0,2,900.0,2.0,1.0,42.0,0.0,0.0,0.0,1.0
80.0,304.0,3,1372.0,2.0,1.0,43.9,0.0,0.0,0.0,1.0
80.0,1137.0,4,4500.0,5.0,3.0,150.0,0.0,0.0,0.0,1.0
80.0,1174.0,3,1180.0,2.0,1.0,55.5,0.0,0.0,0.0,1.0
80.0,755.0,2,1096.0,2.0,2.0,39.0,0.0,0.0,0.0,1.0
80.0,688.0,3,2504.0,3.0,3.0,138.0,0.0,0.0,0.0,1.0
80.0,200.0,3,1350.0,2.0,2.0,47.25,0.0,0.0,1.0,0.0
80.0,685.0,1,420.0,1.0,1.0,23.5,0.0,0.0,1.0,0.0
80.0,476.0,3,1832.0,3.0,1.0,116.0,0.0,0.0,0.0,1.0
80.0,688.0,6,1380.0,7.0,2.0,130.0,0.0,0.0,0.0,1.0
80.0,624.0,2,940.0,2.0,1.0,40.0,0.0,0.0,0.0,1.0
80.0,1263.0,4,4290.0,5.0,3.0,625.0,0.0,0.0,0.0,1.0
80.0,507.0,2,1020.0,2.0,1.0,29.45,0.0,0.0,0.0,1.0
80.0,108.0,6,2500.0,6.0,0.0,81.0,0.0,0.0,0.0,1.0
80.0,771.0,2,1400.0,2.0,2.0,45.0,0.0,0.0,0.0,1.0
80.0,394.0,3,1675.0,3.0,2.0,65.0,0.0,0.0,0.0,1.0
49.0,513.0,2,708.0,2.0,1.0,32.0,0.0,0.0,0.0,1.0
80.0,588.0,2,1123.0,2.0,1.0,36.0,0.0,0.0,0.0,1.0
26.0,1035.0,2,1100.0,2.0,1.0,49.49,0.0,0.0,0.0,1.0
80.0,295.0,2,1225.0,2.0,2.0,71.05,0.0,0.0,0.0,1.0
80.0,968.0,3,1683.0,3.0,1.0,140.0,0.0,0.0,0.0,1.0
27.0,417.0,1,410.0,1.0,1.0,15.0,1.0,0.0,0.0,0.0
80.0,797.0,3,2400.0,2.0,2.0,300.0,0.0,0.0,1.0,0.0
80.0,315.0,4,1350.0,4.0,1.0,90.0,1.0,0.0,0.0,0.0
80.0,1210.0,2,1475.0,2.0,2.0,80.0,0.0,0.0,1.0,0.0
80.0,533.0,2,1120.0,2.0,2.0,49.0,0.0,0.0,1.0,0.0
40.0,250.0,2,1150.0,2.0,1.0,42.0,0.0,0.0,0.0,1.0
80.0,1149.0,2,1165.0,2.0,1.0,85.0,0.0,0.0,0.0,1.0
80.0,137.0,3,1756.0,3.0,2.0,134.0,1.0,0.0,0.0,0.0
80.0,766.0,2,1409.0,2.0,2.0,95.0,0.0,0.0,1.0,0.0
80.0,415.0,2,1212.0,2.0,1.0,56.9,0.0,0.0,0.0,1.0
80.0,278.0,2,1140.0,2.0,2.0,26.49,0.0,0.0,0.0,1.0
80.0,356.0,3,2087.01,3.0,2.0,115.0,1.0,0.0,0.0,0.0
80.0,1079.0,1,775.0,1.0,0.0,34.1,1.0,0.0,0.0,0.0
80.0,968.0,3,1700.0,3.0,1.0,118.0,0.0,0.0,0.0,1.0
28.0,1248.0,3,1732.5,3.0,0.0,91.855,0.0,0.0,0.0,1.0
52.0,662.0,2,1110.0,2.0,1.0,52.0,0.0,1.0,0.0,0.0
29.0,624.0,2,1000.0,2.0,1.0,28.88,1.0,0.0,0.0,0.0
80.0,511.0,7,1550.0,7.0,3.0,160.0,0.0,0.0,0.0,1.0
26.0,334.0,4,2704.0,5.0,0.0,105.0,1.0,0.0,0.0,0.0
80.0,97.0,2,3760.0,2.0,0.0,280.0,0.0,0.0,0.0,1.0
80.0,662.0,5,1600.0,5.0,2.0,140.0,0.0,0.0,0.0,1.0
80.0,1212.0,2,1205.0,2.0,2.0,64.47,0.0,0.0,0.0,1.0
26.0,415.0,2,1418.0,2.0,2.0,105.0,0.0,0.0,0.0,1.0
80.0,294.0,3,1650.0,3.0,3.0,82.0,1.0,0.0,0.0,0.0
80.0,1263.0,7,1200.0,7.0,2.0,139.0,0.0,0.0,0.0,1.0
80.0,1248.0,2,1150.0,2.0,1.0,38.0,1.0,0.0,0.0,0.0
80.0,662.0,3,3071.0,4.0,1.0,300.0,0.0,0.0,0.0,1.0
80.0,729.0,4,2400.0,5.0,2.0,100.0,0.0,0.0,1.0,0.0
80.0,108.0,2,850.0,2.0,0.0,34.0,0.0,0.0,0.0,1.0
80.0,106.0,3,1580.0,3.0,1.0,83.74,0.0,0.0,0.0,1.0
31.0,415.0,2,1216.0,2.0,1.0,84.03,0.0,0.0,0.0,1.0
80.0,885.0,1,381.0,1.0,1.0,28.0,0.0,0.0,0.0,1.0
33.0,1248.0,9,4600.0,9.0,2.0,200.0,0.0,0.0,0.0,1.0
80.0,1175.0,2,1040.0,2.0,1.0,55.0,0.0,0.0,0.0,1.0
80.0,1024.0,4,2429.0,3.0,1.0,210.0,0.0,0.0,1.0,0.0
80.0,119.0,3,1260.0,2.0,1.0,49.0,1.0,0.0,0.0,0.0
73.0,214.0,3,1498.0,3.0,2.0,74.9,0.0,0.0,0.0,1.0
31.0,534.0,3,1200.0,2.0,2.0,65.0,0.0,0.0,0.0,1.0
52.0,203.0,2,1355.0,2.0,1.0,72.9,0.0,0.0,0.0,1.0
80.0,70.0,3,1450.0,3.0,1.0,65.0,0.0,0.0,0.0,1.0
80.0,713.0,3,1860.0,3.0,2.0,168.0,0.0,0.0,0.0,1.0
80.0,1144.0,2,1240.0,2.0,2.0,70.0,0.0,0.0,0.0,1.0
80.0,855.0,3,1300.0,2.0,2.0,55.0,0.0,0.0,0.0,1.0
80.0,388.0,4,2500.0,5.0,2.0,245.0,0.0,0.0,0.0,1.0
80.0,182.0,3,1950.0,4.0,2.0,120.0,1.0,0.0,0.0,0.0
80.0,342.0,3,1625.0,2.0,2.0,145.0,0.0,0.0,0.0,1.0
28.0,720.0,2,1200.0,2.0,2.0,30.0,1.0,0.0,0.0,0.0
80.0,415.0,2,1101.0,2.0,2.0,66.0,0.0,0.0,0.0,1.0
80.0,797.0,2,1216.0,2.0,1.0,72.5,0.0,0.0,0.0,1.0
80.0,968.0,3,1250.0,2.0,3.0,50.0,0.0,0.0,0.0,1.0
28.0,573.0,3,2100.0,3.0,0.0,70.0,0.0,0.0,0.0,1.0
80.0,1248.0,3,1470.0,3.0,2.0,54.0,0.0,0.0,0.0,1.0
80.0,346.0,3,1365.0,3.0,1.0,76.18,1.0,0.0,0.0,0.0
80.0,472.0,2,1364.0,2.0,1.0,64.79,0.0,0.0,0.0,1.0
80.0,781.0,2,1180.0,2.0,1.0,59.47,0.0,0.0,0.0,1.0
80.0,906.0,3,1800.0,3.0,2.0,130.0,0.0,0.0,1.0,0.0
80.0,1248.0,2,1350.0,2.0,2.0,42.0,0.0,0.0,0.0,1.0
44.0,587.0,3,1573.0,3.0,2.0,98.0,0.0,0.0,0.0,1.0
80.0,1018.0,3,1620.0,3.0,3.0,95.0,0.0,0.0,0.0,1.0
80.0,1034.0,2,1072.0,2.0,1.0,42.87,0.0,0.0,0.0,1.0
80.0,400.0,1,560.0,1.0,1.0,21.0,1.0,0.0,0.0,0.0
32.0,983.0,2,1156.0,2.0,2.0,46.0,0.0,0.0,0.0,1.0
80.0,525.0,2,1336.0,2.0,1.0,86.0,0.0,0.0,0.0,1.0
80.0,415.0,2,1200.0,2.0,1.0,20.0,1.0,0.0,0.0,0.0
80.0,1256.0,4,3400.0,4.0,3.0,235.0,1.0,0.0,0.0,0.0
80.0,1263.0,3,1608.0,3.0,3.0,54.51,0.0,0.0,0.0,1.0
80.0,1155.0,4,4000.0,4.0,3.0,441.0,0.0,0.0,0.0,1.0
26.0,1186.0,2,1215.0,2.0,2.0,40.0,1.0,0.0,0.0,0.0
80.0,214.0,2,1100.0,2.0,1.0,166.0,0.0,0.0,0.0,1.0
80.0,1030.0,3,1517.0,3.0,3.0,100.0,1.0,0.0,0.0,0.0
80.0,836.0,2,1565.0,2.0,2.0,69.0,0.0,0.0,0.0,1.0
80.0,854.0,6,1680.0,4.0,1.0,250.0,0.0,0.0,0.0,1.0
80.0,1248.0,3,2025.0,4.0,2.0,115.0,0.0,0.0,1.0,0.0
80.0,1067.0,2,1057.0,2.0,1.0,34.71,0.0,0.0,1.0,0.0
80.0,73.0,3,3850.0,3.0,3.0,650.0,0.0,0.0,0.0,1.0
80.0,72.0,2,1044.0,2.0,2.0,34.0,0.0,0.0,0.0,1.0
80.0,1257.0,3,1695.0,3.0,2.0,125.0,0.0,0.0,0.0,1.0
80.0,1175.0,3,1635.0,3.0,1.0,61.0,0.0,0.0,0.0,1.0
30.0,1010.0,2,1140.0,2.0,2.0,56.0,0.0,0.0,0.0,1.0
80.0,5.0,2,1150.0,2.0,2.0,35.0,0.0,0.0,0.0,1.0
80.0,561.0,2,1110.0,2.0,2.0,110.0,0.0,0.0,0.0,1.0
80.0,350.0,2,1163.0,2.0,2.0,64.08,0.0,0.0,1.0,0.0
80.0,737.0,3,1418.0,2.0,2.0,65.0,0.0,0.0,1.0,0.0
80.0,1248.0,2,1155.0,2.0,1.0,60.0,1.0,0.0,0.0,0.0
80.0,234.0,2,1115.0,2.0,2.0,78.0,0.0,0.0,0.0,1.0
28.0,420.0,3,2250.0,3.0,1.0,180.0,0.0,0.0,0.0,1.0
80.0,334.0,2,1020.0,2.0,2.0,48.45,0.0,0.0,0.0,1.0
80.0,528.0,3,1485.0,3.0,2.0,78.0,0.0,0.0,0.0,1.0
80.0,1111.0,4,1920.0,5.0,2.0,250.0,0.0,0.0,0.0,1.0
80.0,635.0,1,1350.0,2.0,0.0,45.0,1.0,0.0,0.0,0.0
28.0,720.0,2,1209.0,2.0,2.0,100.0,1.0,0.0,0.0,0.0
80.0,1230.0,2,1089.0,2.0,1.0,43.55,0.0,0.0,1.0,0.0
80.0,520.0,2,1445.0,2.0,2.0,82.0,0.0,0.0,0.0,1.0
80.0,221.0,3,1250.0,2.0,2.0,50.0,1.0,0.0,0.0,0.0
80.0,252.0,3,1500.0,3.0,1.0,95.0,0.0,0.0,0.0,1.0
80.0,968.0,3,1705.0,3.0,2.0,75.0,0.0,0.0,0.0,1.0
80.0,724.0,3,2200.0,3.0,2.0,160.0,1.0,0.0,0.0,0.0
80.0,324.0,5,2925.0,5.0,3.0,936.0,0.0,0.0,0.0,1.0
80.0,516.0,8,1800.0,8.0,1.0,110.0,1.0,0.0,0.0,0.0
80.0,75.0,5,7200.0,5.0,2.0,900.0,0.0,0.0,0.0,1.0
80.0,1086.0,3,1830.0,3.0,1.0,90.0,0.0,0.0,1.0,0.0
80.0,635.0,3,1450.0,3.0,2.0,58.0,0.0,0.0,0.0,1.0
80.0,487.0,3,1220.0,3.0,2.0,56.0,0.0,0.0,0.0,1.0
80.0,720.0,2,1259.0,2.0,2.0,69.45,0.0,0.0,0.0,1.0
80.0,573.0,3,1260.0,2.0,1.0,73.0,1.0,0.0,0.0,0.0
80.0,346.0,3,2500.0,5.0,1.0,120.0,1.0,0.0,0.0,0.0
2.0,1257.0,3,1919.0,3.0,2.0,121.0,1.0,0.0,0.0,0.0
80.0,70.0,6,1400.0,6.0,3.0,160.0,0.0,0.0,0.0,1.0
80.0,1035.0,3,2050.0,3.0,1.0,120.0,0.0,0.0,0.0,1.0
80.0,403.0,2,1050.0,2.0,1.0,103.0,1.0,0.0,0.0,0.0
80.0,828.0,2,1000.0,2.0,2.0,60.0,0.0,0.0,0.0,1.0
80.0,587.0,3,1640.0,3.0,1.0,86.8,0.0,0.0,1.0,0.0
80.0,593.0,3,1488.0,2.0,2.0,65.0,0.0,0.0,1.0,0.0
26.0,1043.0,3,1265.0,2.0,2.0,53.12,0.0,0.0,0.0,1.0
80.0,504.0,3,1640.0,3.0,2.0,120.0,0.0,0.0,0.0,1.0
80.0,533.0,3,1719.3,2.0,2.0,88.0,0.0,0.0,0.0,1.0
80.0,300.0,4,1200.0,4.0,2.0,130.0,0.0,0.0,0.0,1.0
80.0,943.0,2,1180.0,2.0,2.0,70.0,1.0,0.0,0.0,0.0
52.0,892.0,3,1700.0,3.0,1.0,110.0,0.0,0.0,0.0,1.0
80.0,1258.0,2,1464.0,3.0,3.0,56.0,0.0,0.0,0.0,1.0
80.0,112.0,6,1800.0,6.0,0.0,68.0,0.0,0.0,0.0,1.0
28.0,415.0,4,1495.0,2.0,1.0,300.0,1.0,0.0,0.0,0.0
80.0,70.0,2,1225.0,2.0,2.0,62.0,0.0,0.0,0.0,1.0
80.0,1182.0,2,1050.0,2.0,0.0,68.0,0.0,0.0,1.0,0.0
80.0,533.0,3,1691.0,3.0,3.0,120.0,1.0,0.0,0.0,0.0
80.0,684.0,3,2250.0,3.0,2.0,199.0,0.0,0.0,0.0,1.0
80.0,60.0,4,3700.0,4.0,2.0,314.0,0.0,0.0,0.0,1.0
60.0,662.0,8,1244.0,6.0,2.0,130.0,0.0,0.0,0.0,1.0
28.0,1248.0,4,750.0,4.0,2.0,120.0,0.0,0.0,0.0,1.0
80.0,266.0,2,1190.0,2.0,3.0,42.25,0.0,0.0,0.0,1.0
80.0,236.0,2,1243.0,2.0,2.0,46.0,0.0,0.0,0.0,1.0
80.0,28.0,2,765.0,2.0,1.0,37.49,0.0,0.0,0.0,1.0
80.0,415.0,2,730.0,1.0,2.0,52.0,0.0,0.0,0.0,1.0
80.0,415.0,3,1405.0,3.0,0.0,169.0,1.0,0.0,0.0,0.0
80.0,719.0,3,1350.0,3.0,1.0,45.9,1.0,0.0,0.0,0.0
80.0,686.0,1,500.0,1.0,1.0,18.0,0.0,0.0,0.0,1.0
26.0,304.0,2,1200.0,2.0,2.0,55.0,0.0,0.0,0.0,1.0
27.0,269.0,2,1165.0,2.0,1.0,33.64,1.0,0.0,0.0,0.0
80.0,1144.0,3,1400.0,2.0,2.0,57.0,0.0,0.0,0.0,1.0
80.0,710.0,4,4800.0,6.0,2.0,420.0,0.0,0.0,1.0,0.0
80.0,509.0,3,1668.0,2.0,1.0,120.0,0.0,0.0,0.0,1.0
80.0,1018.0,1,700.0,1.0,1.0,35.0,0.0,0.0,0.0,1.0
80.0,1057.0,3,1485.0,2.0,1.0,66.0,1.0,0.0,0.0,0.0
34.0,983.0,2,700.0,2.0,1.0,41.0,0.0,0.0,0.0,1.0
80.0,845.0,3,1346.0,2.0,1.0,100.0,0.0,0.0,1.0,0.0
80.0,883.0,3,1075.0,2.0,1.0,47.0,0.0,0.0,0.0,1.0
34.0,892.0,2,1050.0,2.0,1.0,43.5,0.0,0.0,0.0,1.0
32.0,956.0,3,1800.0,3.0,2.0,53.0,0.0,0.0,0.0,1.0
80.0,507.0,3,1609.0,3.0,3.0,115.0,0.0,0.0,0.0,1.0
80.0,968.0,2,770.0,1.0,1.0,35.0,0.0,0.0,0.0,1.0
80.0,968.0,2,1076.0,2.0,1.0,50.0,0.0,0.0,0.0,1.0
80.0,725.0,2,1052.0,2.0,2.0,51.0,1.0,0.0,0.0,0.0
27.0,729.0,2,1000.0,2.0,2.0,35.0,0.0,0.0,0.0,1.0
80.0,1175.0,2,1000.0,2.0,1.0,28.88,0.0,0.0,0.0,1.0
80.0,223.0,3,1262.0,2.0,1.0,83.0,1.0,0.0,0.0,0.0
80.0,960.0,3,720.0,3.0,1.0,48.0,0.0,0.0,0.0,1.0
80.0,1136.0,1,500.0,1.0,1.0,16.0,0.0,0.0,0.0,1.0
80.0,292.0,4,3500.0,4.0,1.0,700.0,0.0,0.0,0.0,1.0
80.0,1257.0,3,1600.0,3.0,2.0,180.0,0.0,0.0,0.0,1.0
80.0,1035.0,2,1251.0,2.0,1.0,53.0,0.0,0.0,0.0,1.0
80.0,713.0,3,1050.0,3.0,1.0,175.0,0.0,0.0,1.0,0.0
80.0,968.0,2,1140.0,2.0,2.0,49.0,0.0,0.0,0.0,1.0
80.0,960.0,2,1157.0,2.0,2.0,47.32,0.0,0.0,0.0,1.0
80.0,495.0,1,648.0,1.0,1.0,34.0,1.0,0.0,0.0,0.0
80.0,504.0,2,1197.0,2.0,1.0,78.0,0.0,0.0,0.0,1.0
80.0,802.0,3,1500.0,3.0,3.0,51.04,0.0,0.0,0.0,1.0
80.0,668.0,2,1185.0,2.0,1.0,51.15,0.0,0.0,0.0,1.0
80.0,1144.0,3,2400.0,2.0,1.0,125.0,0.0,0.0,0.0,1.0
80.0,1079.0,3,1397.0,3.0,3.0,105.0,0.0,0.0,0.0,1.0
26.0,413.0,2,1175.0,2.0,2.0,47.0,0.0,0.0,0.0,1.0
80.0,482.0,2,900.0,2.0,1.0,60.0,0.0,0.0,0.0,1.0
80.0,1257.0,3,2710.0,3.0,2.0,170.0,0.0,0.0,0.0,1.0
80.0,1218.0,3,1720.0,2.0,2.0,126.0,1.0,0.0,0.0,0.0
42.0,124.0,3,1756.0,3.0,2.0,307.0,0.0,0.0,1.0,0.0
80.0,290.0,1,602.0,1.0,1.0,38.0,1.0,0.0,0.0,0.0
73.0,214.0,3,1770.0,3.0,2.0,180.0,0.0,0.0,0.0,1.0
80.0,173.0,6,930.0,6.0,1.0,150.0,0.0,0.0,0.0,1.0
80.0,1175.0,2,1295.0,2.0,2.0,43.9,0.0,0.0,0.0,1.0
80.0,714.0,2,1200.0,2.0,2.0,46.5,0.0,0.0,1.0,0.0
80.0,538.0,2,1100.0,2.0,2.0,45.0,1.0,0.0,0.0,0.0
80.0,388.0,2,1194.0,2.0,2.0,46.0,0.0,0.0,0.0,1.0
80.0,1060.0,3,720.0,2.0,1.0,32.0,0.0,0.0,1.0,0.0
80.0,275.0,3,1476.0,3.0,0.0,105.0,0.0,0.0,0.0,1.0
80.0,217.0,2,1056.0,2.0,2.0,65.0,0.0,0.0,0.0,1.0
80.0,234.0,2,825.0,2.0,1.0,35.0,0.0,0.0,0.0,1.0
80.0,1257.0,3,1860.0,3.0,2.0,130.0,0.0,0.0,0.0,1.0
42.0,124.0,2,1063.0,2.0,2.0,40.0,0.0,0.0,1.0,0.0
80.0,511.0,1,697.0,1.0,1.0,35.0,0.0,0.0,0.0,1.0
80.0,561.0,1,2400.0,2.0,0.0,230.0,0.0,0.0,0.0,1.0
80.0,504.0,2,1200.0,1.0,1.0,36.0,0.0,0.0,0.0,1.0
80.0,635.0,3,1835.0,3.0,2.0,160.0,0.0,0.0,0.0,1.0
80.0,539.0,3,1532.5,3.0,0.0,79.465,0.0,0.0,0.0,1.0
80.0,377.0,2,1147.0,2.0,1.0,75.0,0.0,0.0,0.0,1.0
80.0,1248.0,3,1360.0,2.0,2.0,47.59,1.0,0.0,0.0,0.0
80.0,770.0,4,3400.0,5.0,0.0,265.0,0.0,0.0,0.0,1.0
80.0,37.0,2,1080.0,2.0,3.0,64.0,0.0,0.0,1.0,0.0
80.0,7.0,2,1010.0,2.0,1.0,40.4,0.0,0.0,0.0,1.0
80.0,1186.0,4,2600.0,4.0,2.0,523.0,0.0,0.0,0.0,1.0
27.0,269.0,2,1270.0,2.0,1.0,95.0,1.0,0.0,0.0,0.0
80.0,431.0,2,1100.0,2.0,1.0,61.0,0.0,0.0,0.0,1.0
80.0,221.0,2,1410.0,3.0,2.0,92.0,0.0,0.0,0.0,1.0
80.0,266.0,2,1065.0,2.0,1.0,41.38,0.0,0.0,0.0,1.0
80.0,688.0,2,1200.0,1.0,1.0,36.0,0.0,0.0,0.0,1.0
80.0,464.0,3,1315.0,3.0,3.0,65.0,0.0,0.0,1.0,0.0
80.0,797.0,3,1650.0,3.0,2.0,200.0,0.0,0.0,0.0,1.0
52.0,265.0,2,1140.0,2.0,2.0,43.0,0.0,0.0,1.0,0.0
26.0,1035.0,2,960.0,2.0,1.0,45.0,0.0,0.0,0.0,1.0
80.0,1186.0,2,800.0,1.0,1.0,29.0,0.0,0.0,0.0,1.0
80.0,729.0,2,1225.0,2.0,1.0,47.0,1.0,0.0,0.0,0.0
80.0,476.0,2,1020.0,2.0,2.0,45.0,0.0,0.0,0.0,1.0
80.0,247.0,2,750.0,2.0,1.0,27.0,0.0,0.0,0.0,1.0
80.0,1175.0,3,3000.0,3.0,1.0,550.0,0.0,0.0,0.0,1.0
80.0,668.0,1,535.0,1.0,1.0,35.0,0.0,0.0,0.0,1.0
80.0,533.0,2,1035.0,2.0,1.0,60.0,0.0,0.0,0.0,1.0
27.0,972.0,2,1020.0,2.0,1.0,29.45,0.0,0.0,0.0,1.0
34.0,1035.0,3,1315.0,3.0,0.0,64.0,0.0,0.0,0.0,1.0
80.0,221.0,3,1350.0,2.0,2.0,130.0,1.0,0.0,0.0,0.0
80.0,1241.0,3,1075.0,2.0,1.0,48.0,0.0,0.0,0.0,1.0
80.0,547.0,3,1450.0,2.0,3.0,50.0,1.0,0.0,0.0,0.0
80.0,972.0,1,1806.0,1.0,1.0,150.0,0.0,0.0,0.0,1.0
80.0,453.0,2,1350.0,2.0,1.0,99.0,0.0,0.0,0.0,1.0
34.0,1175.0,3,1282.0,3.0,2.0,178.0,0.0,0.0,0.0,1.0
52.0,1248.0,3,1929.0,3.0,1.0,103.0,0.0,0.0,0.0,1.0
80.0,577.0,2,1100.0,2.0,2.0,72.0,0.0,0.0,0.0,1.0
80.0,487.0,3,1800.0,3.0,2.0,110.0,1.0,0.0,0.0,0.0
80.0,48.0,2,1223.0,2.0,1.0,42.81,0.0,0.0,0.0,1.0
27.0,150.0,3,1664.0,3.0,2.0,69.89,0.0,0.0,1.0,0.0
80.0,124.0,3,1360.0,2.0,2.0,47.59,1.0,0.0,0.0,0.0
80.0,13.0,2,1158.0,2.0,2.0,67.0,1.0,0.0,0.0,0.0
26.0,797.0,3,1420.0,3.0,2.0,58.0,0.0,0.0,0.0,1.0
80.0,910.0,2,1268.0,2.0,1.0,127.0,0.0,0.0,0.0,1.0
80.0,1175.0,2,1308.0,2.0,1.0,75.0,0.0,0.0,0.0,1.0
80.0,470.0,3,1485.0,3.0,1.0,140.0,0.0,0.0,0.0,1.0
80.0,968.0,2,1067.0,2.0,3.0,33.99,0.0,0.0,0.0,1.0
34.0,1134.0,4,2000.0,4.0,0.0,100.0,0.0,0.0,1.0,0.0
34.0,121.0,3,2450.0,3.0,3.0,330.0,0.0,0.0,1.0,0.0
80.0,1175.0,2,1152.0,2.0,1.0,42.0,0.0,0.0,0.0,1.0
75.0,528.0,3,1525.0,2.0,2.0,62.82,0.0,0.0,0.0,1.0
7.0,513.0,2,935.0,2.0,1.0,32.72,0.0,0.0,0.0,1.0
80.0,719.0,3,1465.0,2.0,2.0,88.0,0.0,0.0,0.0,1.0
63.0,662.0,2,1198.0,2.0,1.0,65.0,0.0,0.0,0.0,1.0
80.0,377.0,2,1145.0,2.0,1.0,63.0,0.0,0.0,0.0,1.0
80.0,60.0,2,1000.0,2.0,1.0,42.0,1.0,0.0,0.0,0.0
80.0,662.0,1,400.0,1.0,1.0,11.5,0.0,0.0,0.0,1.0
80.0,70.0,4,3420.0,3.0,2.0,410.0,1.0,0.0,0.0,0.0
80.0,266.0,3,1310.0,3.0,1.0,63.22,0.0,0.0,0.0,1.0
80.0,1186.0,3,1861.0,3.0,3.0,92.0,0.0,0.0,0.0,1.0
80.0,413.0,3,1265.0,2.0,2.0,65.0,0.0,0.0,0.0,1.0
80.0,897.0,2,1280.0,2.0,2.0,75.0,1.0,0.0,0.0,0.0
80.0,972.0,3,1279.0,2.0,1.0,53.76,0.0,0.0,0.0,1.0
80.0,464.0,3,1200.0,2.0,0.0,66.0,0.0,0.0,0.0,1.0
46.0,686.0,2,680.0,3.0,2.0,60.0,0.0,0.0,0.0,1.0
80.0,41.0,3,1590.0,3.0,2.0,57.0,0.0,0.0,1.0,0.0
80.0,1149.0,3,1837.0,3.0,3.0,142.0,1.0,0.0,0.0,0.0
34.0,834.0,3,1703.0,3.0,2.0,130.0,0.0,0.0,0.0,1.0
80.0,972.0,3,1293.0,2.0,2.0,80.0,1.0,0.0,0.0,0.0
80.0,1029.0,2,700.0,2.0,1.0,35.0,0.0,0.0,0.0,1.0
80.0,1175.0,3,1450.0,3.0,2.0,75.0,0.0,0.0,0.0,1.0
80.0,1248.0,2,1030.0,2.0,2.0,57.0,0.0,0.0,0.0,1.0
80.0,968.0,3,1570.0,3.0,3.0,65.93,0.0,0.0,0.0,1.0
80.0,819.0,2,1000.0,2.0,2.0,60.0,0.0,0.0,0.0,1.0
80.0,1035.0,3,1075.0,2.0,1.0,37.0,0.0,0.0,0.0,1.0
80.0,582.0,2,1091.0,2.0,1.0,33.82,0.0,0.0,0.0,1.0
80.0,511.0,3,2210.0,3.0,3.0,165.0,0.0,0.0,0.0,1.0
34.0,356.0,3,1738.0,3.0,0.0,110.0,0.0,0.0,0.0,1.0
80.0,1248.0,3,1640.0,3.0,2.0,262.0,0.0,0.0,1.0,0.0
80.0,573.0,2,1205.0,2.0,1.0,56.58,0.0,0.0,0.0,1.0
80.0,344.0,2,1009.0,2.0,1.0,30.27,0.0,0.0,0.0,1.0
80.0,937.0,5,1200.0,4.0,3.0,240.0,0.0,0.0,0.0,1.0
80.0,267.0,4,3362.0,5.0,2.0,249.0,0.0,0.0,0.0,1.0
27.0,304.0,3,1560.0,2.0,1.0,83.3,0.0,0.0,1.0,0.0
80.0,1081.0,4,1600.0,3.0,0.0,140.0,0.0,0.0,1.0,0.0
35.0,1144.0,2,960.0,2.0,1.0,55.0,0.0,0.0,0.0,1.0
80.0,1248.0,3,1330.0,2.0,2.0,46.55,1.0,0.0,0.0,0.0
80.0,542.0,2,1024.0,2.0,1.0,32.0,0.0,0.0,0.0,1.0
68.0,1257.0,2,1196.0,2.0,2.0,40.54,0.0,0.0,0.0,1.0
80.0,1248.0,1,800.0,1.0,1.0,29.5,1.0,0.0,0.0,0.0
80.0,1238.0,3,2650.0,3.0,2.0,260.0,0.0,0.0,0.0,1.0
26.0,504.0,2,1080.0,2.0,2.0,60.0,0.0,0.0,0.0,1.0
80.0,476.0,2,1150.0,2.0,1.0,55.0,0.0,0.0,1.0,0.0
34.0,921.0,3,1286.0,2.0,1.0,68.0,0.0,0.0,0.0,1.0
80.0,856.0,4,2990.0,3.0,2.0,198.0,1.0,0.0,0.0,0.0
80.0,1144.0,2,1150.0,2.0,2.0,90.0,0.0,0.0,0.0,1.0
80.0,112.0,2,1310.0,2.0,2.0,111.0,0.0,0.0,0.0,1.0
80.0,968.0,2,1352.0,2.0,2.0,72.0,0.0,0.0,0.0,1.0
80.0,1083.0,2,1307.0,2.0,1.0,50.0,0.0,0.0,1.0,0.0
45.0,1257.0,4,1500.0,4.0,1.0,89.45,0.0,0.0,0.0,1.0
80.0,355.0,3,1500.0,3.0,1.0,90.0,0.0,0.0,0.0,1.0
80.0,1073.0,2,1131.0,2.0,0.0,55.975,0.0,0.0,0.0,1.0
80.0,582.0,3,1600.0,3.0,0.0,69.1,0.0,0.0,0.0,1.0
80.0,1035.0,4,2835.0,4.0,0.0,241.0,0.0,0.0,0.0,1.0
80.0,1144.0,1,682.0,1.0,1.0,36.23,0.0,0.0,0.0,1.0
32.0,268.0,4,2500.0,4.0,1.0,420.0,0.0,0.0,0.0,1.0
80.0,729.0,3,1650.0,3.0,2.0,85.5,0.0,0.0,0.0,1.0
80.0,1055.0,3,1850.0,3.0,2.0,120.0,1.0,0.0,0.0,0.0
80.0,201.0,4,2000.0,4.0,1.0,85.0,0.0,0.0,1.0,0.0
29.0,426.0,2,982.0,2.0,1.0,25.0,0.0,0.0,1.0,0.0
80.0,201.0,2,2015.0,4.0,0.0,325.0,1.0,0.0,0.0,0.0
80.0,841.0,3,1702.0,3.0,2.0,115.0,0.0,0.0,1.0,0.0
80.0,334.0,2,1250.0,2.0,2.0,79.0,0.0,0.0,0.0,1.0
69.0,355.0,2,1240.0,2.0,2.0,40.54,0.0,0.0,0.0,1.0
80.0,968.0,2,1050.0,2.0,1.0,110.0,0.0,0.0,0.0,1.0
80.0,389.0,2,1023.0,2.0,1.0,52.59,0.0,0.0,0.0,1.0
80.0,925.0,2,1541.0,2.0,1.0,181.0,0.0,0.0,0.0,1.0
80.0,520.0,2,1275.0,2.0,1.0,105.0,0.0,0.0,0.0,1.0
80.0,420.0,2,1260.0,2.0,0.0,71.195,0.0,0.0,1.0,0.0
42.0,784.0,3,1580.0,3.0,3.0,125.0,0.0,0.0,0.0,1.0
80.0,1263.0,2,1343.0,2.0,2.0,75.0,0.0,0.0,0.0,1.0
80.0,533.0,3,1365.0,3.0,1.0,52.81,0.0,0.0,0.0,1.0
80.0,714.0,2,1047.0,2.0,1.0,72.0,0.0,0.0,0.0,1.0
80.0,819.0,2,1187.0,2.0,2.0,42.0,0.0,0.0,1.0,0.0
80.0,228.0,4,1050.0,3.0,0.0,147.0,0.0,0.0,1.0,0.0
28.0,415.0,1,560.0,1.0,0.0,90.0,1.0,0.0,0.0,0.0
31.0,1035.0,3,1000.0,2.0,1.0,120.0,0.0,0.0,0.0,1.0
80.0,1248.0,5,1200.0,5.0,1.0,260.0,0.0,0.0,0.0,1.0
28.0,308.0,2,1075.0,2.0,2.0,45.0,0.0,0.0,0.0,1.0
80.0,1257.0,3,2048.0,3.0,2.0,206.0,1.0,0.0,0.0,0.0
80.0,60.0,2,1090.0,2.0,1.0,57.0,0.0,0.0,0.0,1.0
80.0,972.0,3,1119.0,2.0,1.0,48.5,0.0,0.0,1.0,0.0
80.0,662.0,3,1355.0,2.0,3.0,58.25,0.0,0.0,0.0,1.0
33.0,1248.0,3,1445.0,2.0,2.0,86.69,0.0,0.0,0.0,1.0
80.0,1144.0,6,1314.0,5.0,1.0,120.0,0.0,0.0,0.0,1.0
80.0,534.0,4,6500.0,4.0,3.0,1400.0,0.0,0.0,0.0,1.0
40.0,582.0,2,1165.0,2.0,2.0,64.08,0.0,0.0,0.0,1.0
80.0,70.0,2,1081.5,2.0,0.0,38.665,0.0,0.0,0.0,1.0
40.0,528.0,3,1787.0,3.0,2.0,107.0,0.0,0.0,0.0,1.0
80.0,686.0,4,3600.0,4.0,1.0,330.0,0.0,0.0,0.0,1.0
80.0,542.0,6,1200.0,6.0,1.0,100.0,0.0,0.0,1.0,0.0
80.0,70.0,2,1020.0,2.0,1.0,29.45,0.0,0.0,0.0,1.0
80.0,845.0,3,1797.0,4.0,1.0,95.0,0.0,0.0,1.0,0.0
80.0,533.0,2,1205.0,2.0,2.0,58.0,0.0,0.0,0.0,1.0
80.0,582.0,2,1095.0,2.0,2.0,55.85,0.0,0.0,0.0,1.0
80.0,520.0,3,1560.0,2.0,2.0,98.0,1.0,0.0,0.0,0.0
28.0,667.0,2,1200.0,2.0,1.0,68.0,0.0,0.0,1.0,0.0
80.0,507.0,2,1200.0,1.0,1.0,200.0,0.0,0.0,0.0,1.0
80.0,711.0,3,1450.0,3.0,2.0,65.0,0.0,0.0,0.0,1.0
80.0,610.0,3,1496.0,2.0,1.0,718.0,0.0,0.0,0.0,1.0
80.0,359.0,3,1935.0,4.0,2.0,122.0,0.0,0.0,1.0,0.0
80.0,855.0,2,1016.0,2.0,1.0,45.0,0.0,0.0,0.0,1.0
80.0,1248.0,3,1816.0,3.0,1.0,119.0,0.0,0.0,0.0,1.0
80.0,324.0,3,1680.0,3.0,2.0,125.0,1.0,0.0,0.0,0.0
80.0,1257.0,4,2065.5,4.0,0.0,91.915,0.0,0.0,0.0,1.0
80.0,1050.0,2,1220.0,2.0,2.0,63.0,0.0,0.0,1.0,0.0
80.0,420.0,4,3000.0,4.0,2.0,160.0,0.0,0.0,0.0,1.0
80.0,276.0,2,980.0,2.0,1.0,86.0,0.0,0.0,0.0,1.0
34.0,939.0,4,1200.0,4.0,3.0,210.0,0.0,0.0,1.0,0.0
73.0,39.0,2,1250.0,2.0,2.0,60.0,0.0,0.0,0.0,1.0
80.0,686.0,2,1424.0,2.0,3.0,80.0,0.0,0.0,1.0,0.0
27.0,304.0,2,1297.0,2.0,1.0,49.9,0.0,0.0,0.0,1.0
28.0,891.0,3,1300.0,3.0,1.0,170.0,0.0,0.0,0.0,1.0
80.0,701.0,2,1290.0,2.0,1.0,89.9,0.0,0.0,0.0,1.0
80.0,1248.0,3,1720.0,2.0,1.0,130.0,0.0,0.0,0.0,1.0
80.0,626.0,7,1200.0,7.0,2.0,199.0,0.0,0.0,0.0,1.0
80.0,426.0,3,2320.0,2.0,0.0,160.0,0.0,0.0,0.0,1.0
80.0,266.0,3,1237.0,3.0,2.0,78.0,0.0,0.0,0.0,1.0
80.0,687.0,3,1720.0,3.0,3.0,98.97,0.0,0.0,1.0,0.0
80.0,476.0,2,1224.0,2.0,2.0,45.0,0.0,0.0,0.0,1.0
28.0,986.0,3,1780.0,3.0,2.0,107.0,0.0,0.0,0.0,1.0
26.0,892.0,4,4700.0,5.0,3.0,800.0,0.0,0.0,0.0,1.0
80.0,234.0,3,1800.0,3.0,2.0,93.0,0.0,0.0,0.0,1.0
80.0,426.0,2,1139.0,2.0,2.0,56.5,0.0,0.0,0.0,1.0
80.0,415.0,1,588.0,1.0,0.0,88.2,0.0,0.0,0.0,1.0
80.0,694.0,2,700.0,2.0,1.0,35.0,0.0,0.0,1.0,0.0
80.0,743.0,1,1150.0,1.0,0.0,52.0,1.0,0.0,0.0,0.0
80.0,533.0,3,1330.0,2.0,2.0,51.83,1.0,0.0,0.0,0.0
80.0,1008.0,4,2732.0,4.0,3.0,194.0,0.0,0.0,1.0,0.0
80.0,755.0,2,965.0,2.0,1.0,38.0,0.0,0.0,0.0,1.0
34.0,819.0,3,1600.0,3.0,2.0,95.0,0.0,0.0,0.0,1.0
80.0,472.0,2,1464.0,2.0,2.0,56.0,0.0,0.0,0.0,1.0
80.0,159.0,3,3100.0,3.0,1.0,400.0,0.0,0.0,1.0,0.0
28.0,250.0,3,1075.0,2.0,1.0,45.0,0.0,1.0,0.0,0.0
67.0,1218.0,2,1840.0,1.0,0.0,95.0,0.0,0.0,0.0,1.0
80.0,192.0,3,1223.0,3.0,2.0,39.14,1.0,0.0,0.0,0.0
80.0,639.0,2,1170.0,2.0,2.0,44.0,0.0,0.0,0.0,1.0
34.0,716.0,4,3630.0,6.0,1.0,207.0,0.0,0.0,1.0,0.0
35.0,467.0,2,950.0,2.0,2.0,35.0,0.0,0.0,0.0,1.0
80.0,668.0,3,5400.0,3.0,2.0,400.0,0.0,0.0,0.0,1.0
80.0,630.0,2,865.0,2.0,1.0,40.0,1.0,0.0,0.0,0.0
80.0,223.0,4,2400.0,4.0,2.0,89.0,0.0,0.0,1.0,0.0
28.0,507.0,2,1169.0,2.0,2.0,75.0,0.0,0.0,0.0,1.0
80.0,214.0,2,1206.0,2.0,1.0,40.0,0.0,0.0,0.0,1.0
80.0,797.0,4,10961.0,4.0,1.0,80.0,0.0,0.0,0.0,1.0
80.0,70.0,3,1683.0,3.0,1.0,110.0,0.0,0.0,0.0,1.0
33.0,214.0,3,1250.0,2.0,2.0,44.0,1.0,0.0,0.0,0.0
80.0,1212.0,4,3150.0,4.0,3.0,218.0,1.0,0.0,0.0,0.0
80.0,532.0,4,1200.0,2.0,1.0,140.0,0.0,0.0,0.0,1.0
80.0,986.0,3,1234.6,3.0,1.0,104.0,0.0,0.0,1.0,0.0
80.0,1134.0,1,492.0,1.0,1.0,40.0,0.0,0.0,1.0,0.0
80.0,773.0,2,600.0,1.0,0.0,27.0,0.0,0.0,0.0,1.0
80.0,210.0,3,1902.0,3.0,2.0,89.0,0.0,0.0,1.0,0.0
80.0,1248.0,6,1200.0,6.0,1.0,125.0,0.0,0.0,0.0,1.0
80.0,622.0,3,1639.0,3.0,1.0,77.89,1.0,0.0,0.0,0.0
80.0,1232.0,2,1214.0,2.0,3.0,67.0,0.0,0.0,0.0,1.0
34.0,186.0,2,565.0,2.0,1.0,15.0,0.0,0.0,0.0,1.0
80.0,533.0,5,2520.0,4.0,1.0,378.0,0.0,0.0,0.0,1.0
52.0,662.0,2,1386.0,2.0,2.0,85.0,0.0,0.0,0.0,1.0
80.0,1248.0,3,1535.0,3.0,3.0,60.0,0.0,0.0,0.0,1.0
28.0,417.0,3,1720.0,3.0,1.0,175.0,1.0,0.0,0.0,0.0
24.0,1035.0,3,1370.0,2.0,2.0,54.79,0.0,0.0,0.0,1.0
80.0,223.0,3,1655.0,3.0,3.0,90.0,0.0,0.0,0.0,1.0
80.0,651.0,2,1200.0,2.0,2.0,52.0,0.0,0.0,1.0,0.0
80.0,573.0,3,1610.0,3.0,3.0,68.0,0.0,0.0,0.0,1.0
80.0,290.0,4,2200.0,4.0,2.0,130.0,0.0,0.0,0.0,1.0
80.0,530.0,3,1200.0,2.0,0.0,66.0,0.0,0.0,0.0,1.0
80.0,520.0,2,1105.0,2.0,1.0,80.0,0.0,0.0,0.0,1.0
80.0,797.0,2,753.0,3.0,3.0,59.5,0.0,0.0,0.0,1.0
80.0,999.0,3,1655.0,3.0,1.0,108.0,0.0,0.0,0.0,1.0
80.0,504.0,3,1700.0,3.0,1.0,250.0,0.0,0.0,0.0,1.0
80.0,632.0,2,770.0,2.0,2.0,30.0,0.0,0.0,0.0,1.0
80.0,1248.0,2,1210.0,2.0,1.0,69.0,0.0,0.0,1.0,0.0
44.0,533.0,2,965.0,2.0,2.0,37.15,0.0,1.0,0.0,0.0
80.0,1164.0,2,700.0,1.0,1.0,41.0,0.0,0.0,0.0,1.0
80.0,217.0,3,1740.0,3.0,2.0,95.0,0.0,0.0,0.0,1.0
80.0,853.0,3,1310.0,2.0,1.0,37.84,0.0,0.0,0.0,1.0
80.0,492.0,3,1763.25,3.0,3.0,98.0,0.0,0.0,0.0,1.0
80.0,1035.0,3,1900.0,3.0,3.0,150.0,0.0,0.0,0.0,1.0
31.0,420.0,6,1000.0,6.0,3.0,150.0,0.0,0.0,0.0,1.0
80.0,711.0,3,1450.0,2.0,2.0,55.0,0.0,0.0,0.0,1.0
34.0,618.0,3,1836.0,3.0,2.0,148.0,0.0,0.0,0.0,1.0
80.0,582.0,2,1160.0,2.0,2.0,75.0,0.0,0.0,0.0,1.0
80.0,701.0,2,1153.0,2.0,1.0,43.0,0.0,0.0,1.0,0.0
80.0,457.0,2,1285.0,2.0,2.0,55.0,0.0,0.0,0.0,1.0
48.0,511.0,3,2500.0,3.0,2.0,400.0,0.0,0.0,0.0,1.0
80.0,533.0,2,1194.0,2.0,2.0,47.0,0.0,0.0,0.0,1.0
54.0,186.0,2,1257.0,2.0,1.0,105.0,0.0,0.0,0.0,1.0
80.0,511.0,3,1200.0,3.0,1.0,56.72,1.0,0.0,0.0,0.0
80.0,473.0,1,583.0,1.0,0.0,28.275,0.0,0.0,0.0,1.0
80.0,119.0,3,1240.0,2.0,1.0,79.0,1.0,0.0,0.0,0.0
80.0,462.0,3,1294.0,2.0,2.0,52.0,0.0,0.0,0.0,1.0
80.0,972.0,2,1095.0,2.0,1.0,45.0,0.0,0.0,0.0,1.0
80.0,972.0,2,1145.0,2.0,2.0,46.0,0.0,0.0,0.0,1.0
80.0,1035.0,3,1826.0,3.0,2.0,130.0,0.0,0.0,0.0,1.0
80.0,179.0,2,1314.0,2.0,2.0,60.0,0.0,0.0,0.0,1.0
80.0,662.0,3,1900.0,2.0,1.0,120.0,0.0,0.0,0.0,1.0
80.0,714.0,2,1040.0,2.0,2.0,36.84,0.0,0.0,0.0,1.0
80.0,490.0,2,1290.0,2.0,1.0,85.0,0.0,0.0,0.0,1.0
80.0,502.0,4,1200.0,4.0,0.0,130.0,0.0,0.0,0.0,1.0
80.0,124.0,3,1325.0,2.0,1.0,47.0,0.0,0.0,0.0,1.0
80.0,986.0,3,2600.0,3.0,2.0,195.0,0.0,0.0,1.0,0.0
80.0,1149.0,2,1129.0,2.0,1.0,44.0,0.0,0.0,0.0,1.0
80.0,531.0,1,790.5,1.0,0.0,42.295,1.0,0.0,0.0,0.0
80.0,711.0,2,1075.0,2.0,0.0,52.0,0.0,0.0,1.0,0.0
80.0,415.0,2,1108.0,2.0,1.0,48.0,1.0,0.0,0.0,0.0
80.0,334.0,2,810.0,2.0,1.0,25.5,0.0,0.0,0.0,1.0
80.0,635.0,2,1155.0,2.0,1.0,65.0,0.0,1.0,0.0,0.0
80.0,1035.0,6,3900.0,6.0,3.0,260.0,0.0,0.0,0.0,1.0
80.0,708.0,3,2367.0,3.0,3.0,375.0,0.0,0.0,0.0,1.0
80.0,344.0,3,1550.0,2.0,2.0,98.0,0.0,0.0,0.0,1.0
49.0,1258.0,2,1100.0,2.0,2.0,38.0,0.0,0.0,0.0,1.0
80.0,250.0,3,1452.0,3.0,3.0,54.2,0.0,0.0,0.0,1.0
80.0,29.0,2,1141.0,2.0,2.0,54.0,0.0,0.0,1.0,0.0
40.0,528.0,3,1464.0,3.0,2.0,56.0,0.0,0.0,0.0,1.0
80.0,602.0,3,1500.0,3.0,3.0,67.49,1.0,0.0,0.0,0.0
80.0,230.0,1,456.0,1.0,1.0,15.0,0.0,0.0,0.0,1.0
36.0,214.0,4,1200.0,4.0,1.0,125.0,0.0,0.0,0.0,1.0
80.0,70.0,4,3122.0,6.0,2.0,245.0,0.0,0.0,0.0,1.0
80.0,363.0,2,760.0,2.0,2.0,37.49,0.0,0.0,0.0,1.0
80.0,70.0,6,2400.0,6.0,0.0,480.0,0.0,0.0,0.0,1.0
26.0,186.0,2,800.0,2.0,2.0,32.0,0.0,0.0,0.0,1.0
80.0,415.0,2,1180.0,2.0,1.0,71.22,0.0,0.0,0.0,1.0
29.0,1144.0,2,775.0,2.0,2.0,29.5,0.0,0.0,0.0,1.0
27.0,1034.0,2,1145.0,2.0,2.0,49.5,0.0,0.0,1.0,0.0
80.0,381.0,2,1060.0,2.0,1.0,42.5,0.0,0.0,0.0,1.0
80.0,70.0,4,3900.0,5.0,1.0,415.0,0.0,0.0,0.0,1.0
80.0,583.0,3,1420.0,2.0,1.0,75.0,0.0,0.0,0.0,1.0
40.0,1248.0,4,2439.0,4.0,3.0,190.0,0.0,0.0,0.0,1.0
80.0,635.0,4,1200.0,4.0,2.0,300.0,1.0,0.0,0.0,0.0
80.0,27.0,2,1111.0,2.0,1.0,49.43,1.0,0.0,0.0,0.0
80.0,773.0,2,984.0,2.0,2.0,125.0,0.0,0.0,1.0,0.0
80.0,743.0,2,1200.0,2.0,2.0,42.0,1.0,0.0,0.0,0.0
80.0,1248.0,2,1247.0,2.0,1.0,47.39,1.0,0.0,0.0,0.0
80.0,980.0,2,1050.0,2.0,1.0,77.47,0.0,0.0,0.0,1.0
80.0,983.0,3,1550.0,3.0,1.0,85.0,0.0,0.0,1.0,0.0
43.0,662.0,2,1270.0,2.0,1.0,80.0,0.0,0.0,0.0,1.0
80.0,892.0,2,1012.0,2.0,1.0,65.0,0.0,0.0,0.0,1.0
80.0,532.0,2,970.0,2.0,2.0,34.0,0.0,0.0,0.0,1.0
27.0,1196.0,2,933.0,2.0,1.0,55.0,0.0,0.0,1.0,0.0
80.0,320.0,3,1200.0,3.0,2.0,76.13,0.0,0.0,0.0,1.0
80.0,851.0,2,1148.0,2.0,2.0,69.0,0.0,0.0,0.0,1.0
80.0,516.0,3,1463.0,2.0,1.0,61.45,0.0,0.0,0.0,1.0
80.0,834.0,3,1719.0,3.0,2.0,110.0,0.0,0.0,1.0,0.0
26.0,179.0,2,1350.0,2.0,1.0,88.0,0.0,0.0,0.0,1.0
80.0,968.0,3,1250.0,2.0,2.0,47.0,0.0,0.0,0.0,1.0
80.0,1257.0,8,1700.0,3.0,2.0,50.0,0.0,0.0,0.0,1.0
80.0,45.0,9,4320.0,7.0,2.0,821.0,1.0,0.0,0.0,0.0
45.0,1248.0,2,1200.0,2.0,1.0,75.0,0.0,0.0,0.0,1.0
80.0,1144.0,2,1030.0,2.0,2.0,44.0,0.0,0.0,0.0,1.0
45.0,1144.0,3,1420.0,3.0,3.0,70.0,0.0,0.0,0.0,1.0
54.0,186.0,5,9600.0,6.0,1.0,1800.0,0.0,0.0,0.0,1.0
40.0,1035.0,3,1703.0,3.0,2.0,126.0,0.0,0.0,0.0,1.0
80.0,1066.0,2,1210.0,2.0,1.0,80.0,0.0,0.0,0.0,1.0
80.0,513.0,2,1210.0,2.0,1.0,50.0,0.0,0.0,0.0,1.0
28.0,888.0,4,3000.0,4.0,3.0,264.0,1.0,0.0,0.0,0.0
80.0,229.0,3,1398.0,3.0,0.0,51.0,1.0,0.0,0.0,0.0
77.0,582.0,2,1335.0,2.0,3.0,110.0,0.0,0.0,0.0,1.0
80.0,1139.0,2,1255.0,2.0,1.0,52.32,1.0,0.0,0.0,0.0
34.0,186.0,4,540.0,4.0,2.0,85.0,0.0,0.0,0.0,1.0
80.0,422.0,3,1213.0,2.0,1.0,36.37,0.0,0.0,1.0,0.0
80.0,511.0,2,1240.0,2.0,2.0,42.04,1.0,0.0,0.0,0.0
80.0,1257.0,2,1076.0,2.0,1.0,78.0,0.0,0.0,0.0,1.0
32.0,1017.0,2,1320.0,2.0,3.0,90.0,0.0,0.0,0.0,1.0
80.0,106.0,2,1216.0,2.0,1.0,80.0,1.0,0.0,0.0,0.0
42.0,703.0,2,1100.0,2.0,2.0,42.0,0.0,0.0,0.0,1.0
26.0,221.0,2,1183.0,2.0,1.0,77.3,0.0,0.0,0.0,1.0
80.0,624.0,1,656.0,1.0,1.0,38.77,1.0,0.0,0.0,0.0
80.0,1248.0,1,534.0,1.0,1.0,19.65,0.0,0.0,1.0,0.0
80.0,668.0,3,1285.0,2.0,2.0,45.0,1.0,0.0,0.0,0.0
80.0,834.0,3,2087.01,4.0,2.0,135.0,1.0,0.0,0.0,0.0
80.0,830.0,2,1161.0,2.0,1.0,59.0,0.0,0.0,0.0,1.0
80.0,506.0,2,1306.0,2.0,3.0,65.0,0.0,0.0,1.0,0.0
80.0,771.0,4,2249.81,4.0,2.0,245.0,0.0,0.0,0.0,1.0
80.0,596.0,3,1504.0,3.0,2.0,67.0,0.0,0.0,1.0,0.0
80.0,119.0,1,645.0,1.0,1.0,39.0,0.0,0.0,0.0,1.0
42.0,124.0,2,1230.0,2.0,0.0,68.0,0.0,0.0,1.0,0.0
28.0,483.0,2,1100.0,2.0,2.0,42.0,0.0,0.0,0.0,1.0
80.0,315.0,1,1000.0,1.0,0.0,14.0,0.0,0.0,1.0,0.0
80.0,73.0,2,1260.0,2.0,1.0,62.0,0.0,0.0,1.0,0.0
80.0,624.0,3,1817.0,3.0,3.0,102.0,0.0,1.0,0.0,0.0
80.0,70.0,4,3626.0,5.0,3.0,785.0,0.0,0.0,0.0,1.0
80.0,1024.0,2,1180.0,2.0,3.0,124.0,1.0,0.0,0.0,0.0
80.0,1035.0,2,1050.0,2.0,2.0,55.0,1.0,0.0,0.0,0.0
28.0,1035.0,4,2900.0,4.0,3.0,225.0,0.0,0.0,0.0,1.0
80.0,662.0,3,2110.0,4.0,3.0,120.0,0.0,0.0,0.0,1.0
80.0,492.0,1,500.0,1.0,1.0,17.5,0.0,0.0,0.0,1.0
80.0,1224.0,3,1930.0,3.0,3.0,75.0,0.0,0.0,0.0,1.0
30.0,534.0,4,4560.0,5.0,1.0,430.0,0.0,0.0,0.0,1.0
80.0,358.0,3,1505.0,3.0,2.0,64.0,1.0,0.0,0.0,0.0
80.0,1151.0,4,2400.0,3.0,1.0,750.0,0.0,0.0,0.0,1.0
80.0,275.0,2,890.0,2.0,1.0,27.0,0.0,0.0,0.0,1.0
80.0,877.0,2,1200.0,1.0,1.0,36.0,1.0,0.0,0.0,0.0
80.0,304.0,2,849.0,2.0,2.0,25.4,0.0,0.0,0.0,1.0
80.0,106.0,3,1555.0,3.0,1.0,100.0,0.0,0.0,0.0,1.0
29.0,1248.0,3,600.0,2.0,1.0,85.0,0.0,0.0,0.0,1.0
35.0,1035.0,2,1057.0,2.0,2.0,30.0,0.0,0.0,0.0,1.0
80.0,78.0,3,1680.0,3.0,2.0,122.0,0.0,0.0,0.0,1.0
28.0,214.0,2,799.0,2.0,1.0,35.0,0.0,0.0,1.0,0.0
80.0,1186.0,3,1450.0,2.0,1.0,75.0,0.0,0.0,0.0,1.0
80.0,636.0,3,1819.0,3.0,2.0,100.0,0.0,0.0,0.0,1.0
80.0,531.0,2,1135.0,2.0,1.0,56.74,0.0,0.0,0.0,1.0
80.0,533.0,3,2020.0,3.0,2.0,160.0,0.0,0.0,0.0,1.0
80.0,96.0,5,2700.0,4.0,1.0,170.0,0.0,0.0,0.0,1.0
80.0,673.0,3,1730.0,3.0,2.0,72.6,0.0,0.0,0.0,1.0
80.0,234.0,3,1950.0,3.0,2.0,125.0,0.0,0.0,0.0,1.0
80.0,201.0,2,1077.0,2.0,1.0,34.46,1.0,0.0,0.0,0.0
80.0,415.0,3,1706.0,3.0,2.0,115.0,0.0,0.0,0.0,1.0
80.0,426.0,5,3000.0,4.0,0.0,300.0,0.0,0.0,0.0,1.0
37.0,520.0,2,1093.0,2.0,1.0,37.0,0.0,0.0,0.0,1.0
80.0,1192.0,4,2750.0,4.0,1.0,142.0,0.0,0.0,0.0,1.0
80.0,986.0,2,1340.0,2.0,1.0,101.0,0.0,0.0,1.0,0.0
32.0,624.0,2,984.0,2.0,1.0,59.0,0.0,0.0,0.0,1.0
80.0,960.0,2,1135.0,2.0,2.0,68.0,0.0,0.0,0.0,1.0
80.0,633.0,4,2400.0,4.0,1.0,344.0,0.0,0.0,1.0,0.0
80.0,1037.0,2,1155.0,2.0,2.0,39.0,1.0,0.0,0.0,0.0
34.0,983.0,1,700.0,1.0,0.0,35.0,0.0,0.0,1.0,0.0
33.0,633.0,2,1150.0,2.0,1.0,42.0,0.0,0.0,0.0,1.0
80.0,106.0,3,1385.0,2.0,1.0,69.25,0.0,0.0,0.0,1.0
80.0,189.0,3,2061.0,4.0,2.0,175.0,0.0,0.0,0.0,1.0
42.0,302.0,3,1335.0,2.0,3.0,73.43,0.0,0.0,0.0,1.0
34.0,383.0,2,1015.0,2.0,1.0,60.0,0.0,0.0,0.0,1.0
80.0,214.0,6,3000.0,6.0,2.0,150.0,0.0,0.0,0.0,1.0
33.0,75.0,2,1108.0,2.0,1.0,63.0,0.0,0.0,0.0,1.0
80.0,276.0,2,1180.0,2.0,1.0,105.0,0.0,0.0,0.0,1.0
34.0,516.0,3,1445.0,2.0,1.0,83.0,1.0,0.0,0.0,0.0
80.0,1045.0,2,1500.0,2.0,2.0,65.0,1.0,0.0,0.0,0.0
80.0,1018.0,1,2400.0,1.0,1.0,48.0,0.0,0.0,0.0,1.0
80.0,699.0,2,1085.0,2.0,1.0,46.5,1.0,0.0,0.0,0.0
80.0,686.0,2,1050.0,2.0,2.0,52.08,0.0,0.0,0.0,1.0
80.0,84.0,4,2760.0,4.0,2.0,290.0,0.0,0.0,0.0,1.0
80.0,1175.0,3,1330.0,2.0,1.0,49.0,0.0,0.0,0.0,1.0
80.0,1035.0,2,845.0,2.0,1.0,45.82,0.0,0.0,0.0,1.0
80.0,1034.0,3,1762.0,3.0,3.0,112.0,0.0,0.0,0.0,1.0
31.0,417.0,2,1303.0,2.0,2.0,80.0,0.0,0.0,0.0,1.0
26.0,363.0,3,1560.0,2.0,2.0,125.0,0.0,0.0,0.0,1.0
27.0,119.0,3,1110.0,2.0,2.0,29.97,0.0,0.0,0.0,1.0
80.0,1212.0,3,1290.0,3.0,2.0,45.33,0.0,0.0,1.0,0.0
80.0,214.0,2,1237.5,2.0,0.0,49.49,0.0,0.0,0.0,1.0
80.0,248.0,3,1780.0,3.0,2.0,88.0,0.0,0.0,1.0,0.0
80.0,137.0,3,1636.0,3.0,2.0,83.0,0.0,0.0,0.0,1.0
27.0,482.0,4,2557.0,2.0,1.0,170.0,0.0,0.0,0.0,1.0
80.0,1260.0,2,1332.0,2.0,2.0,101.0,0.0,0.0,0.0,1.0
80.0,1257.0,5,7500.0,5.0,2.0,1500.0,1.0,0.0,0.0,0.0
80.0,75.0,2,1012.0,2.0,2.0,59.0,0.0,0.0,1.0,0.0
80.0,1134.0,2,1192.0,2.0,2.0,53.5,1.0,0.0,0.0,0.0
80.0,484.0,2,795.0,2.0,1.0,32.54,0.0,0.0,1.0,0.0
80.0,972.0,2,1213.0,2.0,2.0,48.0,0.0,0.0,1.0,0.0
80.0,84.0,3,1489.0,3.0,2.0,88.0,0.0,0.0,0.0,1.0
80.0,1085.0,2,1200.0,2.0,2.0,62.0,1.0,0.0,0.0,0.0
80.0,516.0,2,1140.0,2.0,2.0,28.5,0.0,0.0,0.0,1.0
80.0,720.0,3,1200.0,2.0,1.0,55.08,0.0,0.0,0.0,1.0
80.0,214.0,2,1200.0,2.0,1.0,36.0,0.0,0.0,0.0,1.0
31.0,250.0,5,2640.0,6.0,1.0,225.0,0.0,0.0,0.0,1.0
80.0,533.0,3,1650.0,3.0,1.0,94.0,0.0,0.0,0.0,1.0
43.0,662.0,2,1245.0,2.0,1.0,120.0,0.0,0.0,0.0,1.0
80.0,432.0,2,1224.0,2.0,2.0,67.0,0.0,0.0,0.0,1.0
80.0,1175.0,2,1235.0,2.0,2.0,52.76,0.0,0.0,0.0,1.0
80.0,1212.0,2,1200.0,2.0,2.0,45.6,0.0,0.0,0.0,1.0
80.0,1149.0,3,1342.0,2.0,2.0,75.0,0.0,0.0,0.0,1.0
80.0,1231.0,3,600.0,3.0,2.0,79.0,0.0,0.0,1.0,0.0
59.0,960.0,2,1800.0,2.0,2.0,80.0,0.0,0.0,0.0,1.0
80.0,711.0,4,2280.0,4.0,2.0,615.0,0.0,0.0,1.0,0.0
80.0,540.0,4,2440.0,2.0,0.0,415.0,0.0,0.0,0.0,1.0
63.0,528.0,2,1130.0,2.0,1.0,46.33,0.0,0.0,0.0,1.0
26.0,415.0,2,1186.0,2.0,3.0,72.0,0.0,0.0,0.0,1.0
80.0,766.0,2,1295.0,2.0,1.0,64.0,0.0,0.0,0.0,1.0
80.0,464.0,3,1535.0,3.0,2.0,85.0,0.0,0.0,0.0,1.0
80.0,797.0,2,905.0,2.0,1.0,65.0,0.0,0.0,0.0,1.0
80.0,476.0,2,1447.0,2.0,1.0,75.97,0.0,0.0,0.0,1.0
33.0,547.0,2,1165.0,2.0,1.0,40.0,0.0,0.0,0.0,1.0
80.0,800.0,2,1328.0,2.0,2.0,107.0,0.0,0.0,1.0,0.0
28.0,269.0,3,1485.0,2.0,3.0,110.0,1.0,0.0,0.0,0.0
30.0,1186.0,3,1475.0,2.0,3.0,59.0,0.0,0.0,0.0,1.0
65.0,1164.0,2,1175.0,2.0,2.0,35.0,0.0,0.0,0.0,1.0
80.0,305.0,2,1245.0,2.0,2.0,100.0,0.0,0.0,0.0,1.0
80.0,1263.0,4,720.0,4.0,1.0,95.0,0.0,0.0,0.0,1.0
80.0,298.0,2,985.0,2.0,1.0,49.97,0.0,1.0,0.0,0.0
80.0,360.0,5,4000.0,5.0,0.0,800.0,0.0,0.0,0.0,1.0
80.0,1111.0,3,1395.0,2.0,2.0,63.0,0.0,0.0,0.0,1.0
80.0,1111.0,1,711.0,1.0,0.0,42.65,0.0,0.0,0.0,1.0
80.0,533.0,1,630.0,1.0,1.0,40.5,0.0,0.0,0.0,1.0
80.0,1248.0,4,2400.0,4.0,1.0,88.0,0.0,0.0,0.0,1.0
75.0,711.0,2,1170.0,2.0,2.0,40.0,0.0,0.0,0.0,1.0
26.0,192.0,4,2500.0,5.0,2.0,181.0,0.0,0.0,0.0,1.0
80.0,491.0,2,1100.0,2.0,2.0,49.5,1.0,0.0,0.0,0.0
80.0,1035.0,4,3560.0,5.0,3.0,318.0,0.0,0.0,0.0,1.0
80.0,230.0,2,900.0,2.0,0.0,55.0,0.0,0.0,0.0,1.0
80.0,334.0,2,1160.0,2.0,1.0,33.51,1.0,0.0,0.0,0.0
80.0,504.0,2,1180.0,2.0,2.0,55.0,0.0,0.0,0.0,1.0
80.0,626.0,3,1441.0,2.0,1.0,95.0,0.0,0.0,0.0,1.0
80.0,1034.0,2,1115.0,2.0,1.0,50.0,0.0,0.0,0.0,1.0
80.0,624.0,3,1825.0,3.0,2.0,145.0,0.0,0.0,0.0,1.0
28.0,891.0,2,1489.0,2.0,0.0,101.0,0.0,0.0,0.0,1.0
80.0,293.0,4,2800.0,4.0,3.0,365.0,0.0,0.0,0.0,1.0
80.0,885.0,3,1278.0,3.0,2.0,62.71,0.0,0.0,0.0,1.0
26.0,996.0,3,1223.0,2.0,2.0,42.81,0.0,0.0,0.0,1.0
30.0,186.0,2,1065.0,2.0,1.0,50.92,1.0,0.0,0.0,0.0
80.0,533.0,2,1190.0,2.0,1.0,64.0,0.0,0.0,0.0,1.0
80.0,829.0,2,1130.0,2.0,2.0,63.0,0.0,0.0,1.0,0.0
80.0,59.0,2,1430.0,2.0,2.0,87.8,1.0,0.0,0.0,0.0
80.0,774.0,4,1900.0,3.0,1.0,90.0,1.0,0.0,0.0,0.0
34.0,534.0,2,1104.0,2.0,1.0,34.22,0.0,0.0,0.0,1.0
80.0,1155.0,2,1240.0,2.0,2.0,45.88,0.0,0.0,0.0,1.0
80.0,552.0,2,1140.0,2.0,2.0,62.0,1.0,0.0,0.0,0.0
80.0,492.0,2,1194.0,2.0,2.0,47.0,0.0,0.0,1.0,0.0
80.0,599.0,3,1464.0,3.0,2.0,56.0,0.0,0.0,0.0,1.0
80.0,270.0,4,3508.0,6.0,2.0,425.0,1.0,0.0,0.0,0.0
80.0,148.0,3,1700.0,3.0,3.0,105.0,0.0,0.0,0.0,1.0
80.0,154.0,4,2658.0,5.0,3.0,189.0,0.0,0.0,0.0,1.0
80.0,786.0,3,1600.0,2.0,1.0,90.0,1.0,0.0,0.0,0.0
80.0,1248.0,4,3400.0,4.0,2.0,275.0,0.0,0.0,1.0,0.0
80.0,604.0,3,1508.0,3.0,1.0,75.0,0.0,0.0,1.0,0.0
80.0,914.0,1,645.0,1.0,1.0,41.0,0.0,0.0,0.0,1.0
80.0,533.0,2,1046.0,2.0,1.0,60.0,0.0,0.0,0.0,1.0
80.0,267.0,10,1200.0,8.0,3.0,230.0,0.0,0.0,0.0,1.0
80.0,554.0,1,1500.0,1.0,1.0,300.0,1.0,0.0,0.0,0.0
80.0,415.0,6,3000.0,6.0,3.0,300.0,0.0,0.0,0.0,1.0
80.0,714.0,2,1079.0,2.0,1.0,32.37,0.0,0.0,0.0,1.0
80.0,797.0,2,975.0,2.0,1.0,50.0,0.0,0.0,0.0,1.0
80.0,1192.0,2,1050.0,2.0,1.0,51.0,0.0,0.0,0.0,1.0
80.0,1263.0,9,1200.0,9.0,0.0,350.0,0.0,0.0,0.0,1.0
74.0,1183.0,3,1903.0,3.0,2.0,165.0,0.0,0.0,0.0,1.0
80.0,561.0,3,26460.0,3.0,1.0,232.0,0.0,0.0,1.0,0.0
80.0,70.0,2,1200.0,2.0,2.0,38.0,0.0,0.0,1.0,0.0
26.0,1034.0,4,2996.0,4.0,3.0,200.0,0.0,0.0,0.0,1.0
80.0,116.0,4,3400.0,4.0,1.0,200.0,0.0,0.0,1.0,0.0
33.0,976.0,4,2000.0,4.0,1.0,312.0,0.0,0.0,0.0,1.0
80.0,366.0,4,1453.0,4.0,1.0,160.0,0.0,0.0,1.0,0.0
80.0,821.0,2,1092.0,2.0,2.0,43.0,1.0,0.0,0.0,0.0
80.0,719.0,2,1400.0,2.0,0.0,75.0,1.0,0.0,0.0,0.0
80.0,648.0,3,1416.0,2.0,1.0,85.0,1.0,0.0,0.0,0.0
80.0,296.0,3,1602.0,2.0,1.0,75.0,0.0,0.0,0.0,1.0
80.0,127.0,2,1100.0,2.0,1.0,41.0,0.0,0.0,0.0,1.0
80.0,1261.0,3,1760.0,3.0,1.0,110.0,0.0,0.0,1.0,0.0
80.0,892.0,4,3800.0,4.0,3.0,235.0,0.0,0.0,0.0,1.0
80.0,1230.0,2,1037.0,2.0,1.0,36.28,0.0,0.0,1.0,0.0
71.0,662.0,3,1384.0,2.0,2.0,76.18,0.0,0.0,0.0,1.0
80.0,751.0,1,551.0,1.0,1.0,30.0,0.0,0.0,0.0,1.0
80.0,34.0,4,2400.0,5.0,1.0,1250.0,0.0,0.0,1.0,0.0
80.0,910.0,1,500.0,1.0,0.0,70.0,1.0,0.0,0.0,0.0
80.0,542.0,2,900.0,2.0,2.0,27.98,0.0,0.0,0.0,1.0
80.0,797.0,3,1415.0,2.0,1.0,74.0,0.0,0.0,0.0,1.0
80.0,234.0,2,1400.0,2.0,1.0,44.8,0.0,0.0,0.0,1.0
80.0,1096.0,7,1300.0,4.0,1.0,52.0,1.0,0.0,0.0,0.0
80.0,127.0,3,2850.0,4.0,3.0,460.0,0.0,0.0,0.0,1.0
80.0,43.0,2,1030.0,2.0,2.0,75.0,0.0,0.0,1.0,0.0
80.0,1085.0,2,883.0,2.0,1.0,39.0,0.0,0.0,0.0,1.0
27.0,504.0,1,550.0,1.0,1.0,16.0,0.0,0.0,0.0,1.0
80.0,865.0,4,1800.0,4.0,2.0,55.0,0.0,0.0,0.0,1.0
80.0,773.0,5,10000.0,5.0,1.0,1950.0,0.0,0.0,1.0,0.0
54.0,1257.0,2,1210.0,2.0,1.0,77.0,0.0,0.0,0.0,1.0
80.0,980.0,4,2000.0,3.0,0.0,90.0,1.0,0.0,0.0,0.0
80.0,1186.0,3,1100.0,3.0,1.0,58.0,0.0,0.0,0.0,1.0
31.0,250.0,3,1780.0,3.0,1.0,100.0,0.0,0.0,0.0,1.0
27.0,1248.0,5,950.0,5.0,2.0,55.0,0.0,0.0,1.0,0.0
80.0,735.0,2,1050.0,2.0,2.0,60.0,0.0,0.0,0.0,1.0
80.0,491.0,3,1370.0,3.0,3.0,38.36,0.0,0.0,0.0,1.0
80.0,324.0,4,3951.0,4.0,3.0,230.0,0.0,0.0,1.0,0.0
80.0,522.0,3,2500.0,4.0,2.0,112.0,1.0,0.0,0.0,0.0
80.0,1137.0,2,1050.0,2.0,1.0,49.5,1.0,0.0,0.0,0.0
80.0,214.0,3,1843.0,3.0,1.0,87.54,0.0,0.0,0.0,1.0
28.0,891.0,4,1200.0,4.0,1.0,175.0,0.0,0.0,0.0,1.0
80.0,1263.0,2,1186.0,2.0,1.0,76.0,0.0,0.0,0.0,1.0
80.0,635.0,1,560.0,1.0,1.0,45.0,0.0,0.0,0.0,1.0
80.0,302.0,3,2357.0,3.0,2.0,135.0,0.0,0.0,1.0,0.0
80.0,743.0,4,1200.0,3.0,1.0,160.0,1.0,0.0,0.0,0.0
80.0,516.0,3,1823.0,3.0,2.0,103.0,0.0,0.0,0.0,1.0
80.0,960.0,3,1310.0,3.0,3.0,90.0,0.0,0.0,0.0,1.0
80.0,891.0,3,1520.0,2.0,2.0,60.0,0.0,0.0,0.0,1.0
80.0,1175.0,3,1610.0,3.0,1.0,74.03,0.0,0.0,0.0,1.0
80.0,968.0,3,1500.0,3.0,1.0,78.57,1.0,0.0,0.0,0.0
80.0,719.0,3,1400.0,2.0,2.0,80.0,0.0,0.0,0.0,1.0
80.0,1248.0,3,1625.0,3.0,2.0,120.0,0.0,0.0,0.0,1.0
80.0,406.0,5,1500.0,5.0,3.0,265.0,0.0,0.0,0.0,1.0
40.0,528.0,2,900.0,2.0,1.0,24.0,0.0,0.0,0.0,1.0
80.0,112.0,2,1100.0,2.0,0.0,32.0,0.0,0.0,0.0,1.0
80.0,624.0,2,1000.0,2.0,1.0,50.0,0.0,0.0,0.0,1.0
80.0,507.0,4,2774.0,4.0,3.0,197.0,0.0,0.0,0.0,1.0
80.0,662.0,1,994.0,2.0,0.0,54.67,1.0,0.0,0.0,0.0
80.0,1207.0,3,1455.0,3.0,3.0,75.0,1.0,0.0,0.0,0.0
80.0,1111.0,5,1200.0,3.0,1.0,79.0,0.0,0.0,0.0,1.0
80.0,718.0,2,1172.0,2.0,1.0,75.0,0.0,0.0,0.0,1.0
80.0,201.0,3,1935.0,3.0,2.0,102.0,0.0,0.0,0.0,1.0
44.0,1248.0,3,1856.0,3.0,3.0,106.0,0.0,0.0,0.0,1.0
80.0,645.0,3,2392.0,3.0,2.0,249.0,0.0,0.0,1.0,0.0
42.0,972.0,2,900.0,2.0,2.0,35.0,0.0,0.0,0.0,1.0
80.0,150.0,3,1757.0,3.0,3.0,98.0,0.0,0.0,0.0,1.0
80.0,684.0,2,1027.0,2.0,2.0,44.0,0.0,0.0,0.0,1.0
80.0,31.0,3,1626.0,3.0,3.0,85.0,0.0,0.0,0.0,1.0
80.0,662.0,2,1200.0,2.0,1.0,54.0,0.0,0.0,0.0,1.0
30.0,1035.0,3,1559.0,3.0,1.0,81.55,0.0,0.0,0.0,1.0
80.0,192.0,2,1190.0,2.0,2.0,50.0,0.0,0.0,0.0,1.0
34.0,363.0,2,1200.0,2.0,1.0,72.0,0.0,0.0,0.0,1.0
26.0,797.0,2,1174.0,2.0,1.0,74.0,0.0,0.0,0.0,1.0
80.0,572.0,2,1140.0,2.0,1.0,65.0,0.0,0.0,0.0,1.0
80.0,1212.0,3,1603.0,2.0,0.0,125.0,1.0,0.0,0.0,0.0
40.0,573.0,3,1278.0,3.0,2.0,70.0,0.0,0.0,0.0,1.0
80.0,435.0,3,2180.0,3.0,1.0,285.0,1.0,0.0,0.0,0.0
80.0,610.0,2,1085.0,2.0,1.0,50.0,0.0,0.0,1.0,0.0
28.0,891.0,2,1195.0,2.0,1.0,61.36,0.0,0.0,0.0,1.0
80.0,415.0,1,450.0,1.0,0.0,30.0,0.0,0.0,0.0,1.0
80.0,719.0,4,6500.0,5.0,2.0,1400.0,0.0,0.0,0.0,1.0
80.0,72.0,1,550.0,1.0,1.0,11.5,1.0,0.0,0.0,0.0
80.0,768.0,2,1165.0,2.0,2.0,45.0,0.0,0.0,1.0,0.0
80.0,274.0,4,3000.0,4.0,2.0,301.0,1.0,0.0,0.0,0.0
80.0,1263.0,3,1452.0,3.0,3.0,60.0,1.0,0.0,0.0,0.0
80.0,668.0,1,702.0,1.0,1.0,52.0,0.0,0.0,0.0,1.0
80.0,511.0,2,1020.0,2.0,1.0,42.83,0.0,0.0,0.0,1.0
80.0,1037.0,2,1340.0,2.0,1.0,65.0,0.0,0.0,1.0,0.0
45.0,520.0,2,1125.0,2.0,1.0,54.8,0.0,0.0,0.0,1.0
80.0,676.0,2,1160.0,2.0,1.0,40.53,0.0,0.0,0.0,1.0
35.0,186.0,2,1050.0,2.0,1.0,50.0,0.0,0.0,0.0,1.0
34.0,409.0,3,1960.0,3.0,1.0,138.0,0.0,0.0,0.0,1.0
80.0,610.0,2,1200.0,3.0,2.0,52.0,0.0,0.0,0.0,1.0
80.0,693.0,3,1200.0,4.0,1.0,220.0,0.0,0.0,0.0,1.0
80.0,304.0,4,3496.0,4.0,1.0,262.0,0.0,0.0,0.0,1.0
80.0,175.0,2,975.0,2.0,1.0,32.0,0.0,0.0,0.0,1.0
26.0,420.0,3,1700.0,3.0,3.0,125.0,0.0,0.0,0.0,1.0
80.0,624.0,4,1800.0,4.0,0.0,230.0,1.0,0.0,0.0,0.0
80.0,797.0,4,612.0,3.0,0.0,47.0,1.0,0.0,0.0,0.0
80.0,1175.0,2,1275.0,2.0,3.0,69.0,0.0,0.0,1.0,0.0
80.0,783.0,1,650.0,1.0,0.0,40.0,0.0,0.0,0.0,1.0
40.0,656.0,2,1495.0,2.0,2.0,110.0,1.0,0.0,0.0,0.0
80.0,70.0,2,1200.0,2.0,2.0,48.0,0.0,0.0,1.0,0.0
33.0,1035.0,5,3750.0,6.0,2.0,295.0,0.0,0.0,0.0,1.0
33.0,1257.0,3,1679.0,3.0,2.0,94.86,0.0,0.0,0.0,1.0
27.0,440.0,3,1450.0,3.0,2.0,75.0,0.0,0.0,0.0,1.0
80.0,72.0,2,1210.0,2.0,1.0,82.0,0.0,0.0,1.0,0.0
80.0,68.0,3,1300.0,2.0,1.0,51.0,0.0,0.0,1.0,0.0
80.0,415.0,2,1165.0,2.0,1.0,49.61,0.0,0.0,0.0,1.0
80.0,487.0,3,1623.0,3.0,3.0,155.0,0.0,0.0,1.0,0.0
28.0,420.0,2,1115.0,2.0,1.0,35.8,0.0,0.0,0.0,1.0
80.0,270.0,1,450.0,1.0,1.0,20.0,0.0,0.0,1.0,0.0
80.0,737.0,2,1170.0,2.0,1.0,62.0,0.0,0.0,1.0,0.0
80.0,1074.0,4,2065.0,4.0,0.0,248.0,1.0,0.0,0.0,0.0
80.0,635.0,3,1700.0,3.0,2.0,126.0,0.0,0.0,0.0,1.0
80.0,633.0,6,1080.0,5.0,2.0,160.0,0.0,0.0,0.0,1.0
27.0,1175.0,2,1245.0,2.0,1.0,55.0,0.0,0.0,0.0,1.0
80.0,80.0,2,1017.0,2.0,1.0,66.0,0.0,0.0,0.0,1.0
80.0,114.0,6,650.0,6.0,2.0,80.0,0.0,0.0,1.0,0.0
80.0,738.0,2,1242.0,2.0,1.0,75.0,0.0,0.0,0.0,1.0
80.0,70.0,3,1792.0,3.0,1.0,104.0,0.0,0.0,0.0,1.0
80.0,504.0,3,1275.0,3.0,2.0,55.0,0.0,0.0,0.0,1.0
36.0,983.0,6,1200.0,6.0,1.0,260.0,0.0,0.0,0.0,1.0
80.0,346.0,3,2400.0,3.0,0.0,408.0,1.0,0.0,0.0,0.0
80.0,968.0,1,605.0,1.0,1.0,22.0,0.0,0.0,0.0,1.0
80.0,250.0,4,1200.0,4.0,2.0,115.0,1.0,0.0,0.0,0.0
80.0,1185.0,3,1450.0,3.0,2.0,79.0,0.0,0.0,0.0,1.0
80.0,507.0,3,1232.0,3.0,1.0,96.0,0.0,0.0,0.0,1.0
28.0,968.0,5,1800.0,5.0,0.0,70.0,0.0,0.0,0.0,1.0
80.0,635.0,1,900.0,1.0,1.0,52.3,1.0,0.0,0.0,0.0
80.0,1257.0,2,1200.0,2.0,2.0,40.0,0.0,0.0,0.0,1.0
80.0,1248.0,4,2100.0,3.0,1.0,204.0,0.0,0.0,0.0,1.0
34.0,520.0,2,1065.0,2.0,1.0,42.6,0.0,0.0,0.0,1.0
33.0,363.0,2,1075.0,2.0,1.0,48.38,1.0,0.0,0.0,0.0
80.0,1186.0,6,1508.0,5.0,2.0,240.0,0.0,0.0,0.0,1.0
80.0,914.0,2,780.0,2.0,1.0,31.0,0.0,0.0,0.0,1.0
80.0,686.0,2,1070.0,2.0,1.0,42.79,0.0,0.0,0.0,1.0
80.0,1241.0,3,1464.0,3.0,2.0,56.0,0.0,0.0,0.0,1.0
80.0,1248.0,3,1910.0,3.0,2.0,150.0,0.0,0.0,0.0,1.0
80.0,1248.0,2,1280.0,2.0,1.0,120.0,1.0,0.0,0.0,0.0
80.0,796.0,3,1530.0,3.0,2.0,64.0,0.0,0.0,0.0,1.0
80.0,1238.0,4,2439.0,5.0,2.0,170.0,0.0,0.0,0.0,1.0
80.0,968.0,2,1088.0,2.0,2.0,43.5,0.0,0.0,0.0,1.0
80.0,1144.0,2,1174.0,2.0,1.0,78.0,0.0,0.0,0.0,1.0
80.0,476.0,3,1587.0,3.0,1.0,73.8,0.0,0.0,0.0,1.0
80.0,119.0,2,1045.0,2.0,2.0,55.0,0.0,0.0,0.0,1.0
80.0,637.0,2,1304.0,2.0,1.0,69.97,0.0,0.0,0.0,1.0
80.0,1144.0,2,1100.0,2.0,2.0,65.0,0.0,0.0,0.0,1.0
80.0,858.0,3,1482.0,2.0,1.0,68.9,1.0,0.0,0.0,0.0
26.0,1296.0,3,2125.0,3.0,1.0,107.0,0.0,0.0,1.0,0.0
80.0,1137.0,5,1000.0,4.0,0.0,65.0,0.0,0.0,0.0,1.0
80.0,537.0,2,1194.0,2.0,2.0,45.0,0.0,0.0,1.0,0.0
80.0,415.0,2,1200.0,2.0,3.0,42.0,0.0,0.0,1.0,0.0
80.0,119.0,2,1070.0,2.0,2.0,32.99,0.0,0.0,0.0,1.0
80.0,275.0,2,1100.0,2.0,1.0,46.5,0.0,0.0,1.0,0.0
80.0,75.0,3,1270.0,2.0,2.0,65.0,0.0,0.0,1.0,0.0
80.0,420.0,2,1000.0,2.0,1.0,31.0,0.0,0.0,0.0,1.0
80.0,1080.0,2,1246.0,2.0,1.0,69.0,1.0,0.0,0.0,0.0
37.0,302.0,3,1529.0,3.0,3.0,51.77,0.0,0.0,0.0,1.0
80.0,702.0,2,1185.0,2.0,2.0,42.0,0.0,0.0,1.0,0.0
80.0,247.0,2,1060.0,2.0,1.0,46.0,0.0,0.0,0.0,1.0
32.0,1248.0,3,1319.0,3.0,1.0,37.75,1.0,0.0,0.0,0.0
80.0,492.0,2,991.0,2.0,0.0,64.0,0.0,0.0,0.0,1.0
80.0,1149.0,1,662.0,1.0,0.0,38.0,0.0,0.0,0.0,1.0
80.0,1035.0,2,1200.0,2.0,1.0,110.0,0.0,0.0,0.0,1.0
31.0,213.0,3,1400.0,2.0,1.0,78.0,0.0,0.0,0.0,1.0
27.0,1187.0,3,1575.0,3.0,2.0,80.0,0.0,0.0,0.0,1.0
80.0,210.0,2,600.0,2.0,0.0,65.0,0.0,0.0,1.0,0.0
80.0,594.0,5,717.0,5.0,1.0,78.0,0.0,0.0,0.0,1.0
80.0,610.0,3,1319.0,3.0,1.0,42.0,0.0,0.0,1.0,0.0
80.0,192.0,3,2000.0,3.0,2.0,300.0,0.0,0.0,0.0,1.0
80.0,1031.0,3,600.0,3.0,2.0,85.0,1.0,0.0,0.0,0.0
80.0,511.0,2,940.0,2.0,1.0,48.0,0.0,0.0,0.0,1.0
80.0,968.0,1,600.0,1.0,0.0,45.0,0.0,0.0,0.0,1.0
74.0,1183.0,2,985.0,2.0,1.0,25.12,0.0,0.0,0.0,1.0
26.0,851.0,2,500.0,1.0,0.0,55.0,0.0,0.0,0.0,1.0
80.0,504.0,2,1349.0,2.0,2.0,56.7,0.0,0.0,0.0,1.0
80.0,1263.0,3,3117.0,3.0,2.0,261.0,0.0,0.0,0.0,1.0
27.0,720.0,3,1844.0,3.0,3.0,95.0,0.0,0.0,0.0,1.0
80.0,797.0,3,1830.0,4.0,2.0,150.0,0.0,0.0,0.0,1.0
34.0,1248.0,3,2275.0,4.0,2.0,185.0,0.0,0.0,0.0,1.0
80.0,274.0,4,2895.5,2.0,1.0,246.0,0.0,0.0,0.0,1.0
23.0,1089.0,2,1140.0,2.0,2.0,49.11,0.0,0.0,0.0,1.0
80.0,632.0,3,900.0,3.0,1.0,79.0,1.0,0.0,0.0,0.0
80.0,1257.0,3,2648.0,3.0,3.0,238.0,0.0,0.0,1.0,0.0
80.0,711.0,5,5400.0,4.0,1.0,700.0,0.0,0.0,0.0,1.0
80.0,699.0,3,1372.0,2.0,2.0,48.02,1.0,0.0,0.0,0.0
80.0,702.0,3,1455.0,2.0,1.0,45.0,0.0,0.0,0.0,1.0
80.0,167.0,2,1100.0,2.0,2.0,38.0,0.0,0.0,1.0,0.0
80.0,573.0,2,1295.0,2.0,1.0,55.47,1.0,0.0,0.0,0.0
34.0,534.0,3,1475.0,3.0,1.0,80.0,0.0,0.0,0.0,1.0
80.0,1035.0,3,1788.0,3.0,1.0,164.0,0.0,0.0,1.0,0.0
55.0,662.0,2,1243.0,2.0,1.0,46.0,0.0,0.0,1.0,0.0
80.0,1182.0,3,1855.0,3.0,3.0,140.0,1.0,0.0,0.0,0.0
80.0,713.0,3,1850.0,3.0,2.0,120.0,0.0,0.0,0.0,1.0
80.0,972.0,3,1315.0,2.0,2.0,60.0,0.0,0.0,0.0,1.0
80.0,516.0,2,1216.0,2.0,1.0,73.0,0.0,0.0,0.0,1.0
75.0,39.0,3,1721.0,3.0,2.0,93.0,0.0,0.0,0.0,1.0
80.0,1085.0,2,1059.0,2.0,1.0,62.0,0.0,0.0,0.0,1.0
80.0,873.0,2,1184.0,2.0,1.0,55.0,1.0,0.0,0.0,0.0
80.0,1258.0,7,1400.0,5.0,2.0,175.0,0.0,1.0,0.0,0.0
80.0,520.0,3,2223.0,3.0,2.0,300.0,0.0,0.0,0.0,1.0
26.0,928.0,3,1480.0,3.0,2.0,75.0,0.0,0.0,0.0,1.0
80.0,879.0,2,635.0,1.0,1.0,28.0,1.0,0.0,0.0,0.0
30.0,234.0,2,2400.0,2.0,1.0,228.0,0.0,0.0,0.0,1.0
80.0,192.0,4,1500.0,2.0,0.0,87.0,1.0,0.0,0.0,0.0
30.0,1144.0,2,1143.0,2.0,1.0,34.2,0.0,0.0,0.0,1.0
80.0,668.0,4,3200.0,4.0,1.0,350.0,0.0,0.0,0.0,1.0
80.0,109.0,4,3170.0,4.0,3.0,250.0,1.0,0.0,0.0,0.0
80.0,1114.0,4,4800.0,4.0,3.0,420.0,0.0,0.0,0.0,1.0
80.0,987.0,3,1485.0,2.0,2.0,59.4,0.0,0.0,0.0,1.0
80.0,234.0,3,1640.0,3.0,2.0,251.0,1.0,0.0,0.0,0.0
80.0,492.0,3,1655.0,2.0,1.0,70.5,0.0,0.0,1.0,0.0
80.0,802.0,2,900.0,2.0,2.0,41.0,0.0,0.0,0.0,1.0
80.0,537.0,3,1600.0,3.0,3.0,69.0,0.0,0.0,0.0,1.0
80.0,415.0,2,1163.0,2.0,2.0,68.0,1.0,0.0,0.0,0.0
34.0,377.0,1,485.021334,2.0,1.0,18.0,0.0,0.0,0.0,1.0
80.0,415.0,3,1654.0,3.0,1.0,97.8,0.0,0.0,0.0,1.0
34.0,417.0,1,801.0,1.0,0.0,33.645,0.0,0.0,0.0,1.0
31.0,269.0,4,2100.0,3.0,1.0,1000.0,1.0,0.0,0.0,0.0
80.0,668.0,3,1685.0,3.0,3.0,101.0,0.0,0.0,0.0,1.0
28.0,534.0,3,1540.0,3.0,3.0,80.0,0.0,0.0,0.0,1.0
80.0,504.0,2,1265.0,2.0,1.0,72.0,0.0,0.0,0.0,1.0
34.0,417.0,3,1200.0,2.0,3.0,38.4,0.0,0.0,0.0,1.0
80.0,214.0,3,1300.0,2.0,1.0,80.0,0.0,0.0,0.0,1.0
80.0,183.0,2,1009.0,2.0,1.0,65.0,1.0,0.0,0.0,0.0
80.0,192.0,3,1540.0,3.0,2.0,65.0,0.0,0.0,0.0,1.0
80.0,1238.0,3,1735.0,3.0,3.0,105.0,0.0,0.0,0.0,1.0
80.0,214.0,4,2500.0,4.0,3.0,300.0,0.0,0.0,0.0,1.0
80.0,435.0,2,497.0,1.0,1.0,20.0,0.0,0.0,0.0,1.0
80.0,382.0,3,2480.0,4.0,1.0,265.0,0.0,0.0,1.0,0.0
80.0,70.0,2,1142.0,2.0,0.0,35.0,0.0,0.0,0.0,1.0
80.0,711.0,3,1215.0,2.0,2.0,46.8,0.0,0.0,0.0,1.0
31.0,972.0,2,1070.0,2.0,1.0,48.0,0.0,0.0,0.0,1.0
80.0,667.0,2,1125.0,2.0,1.0,32.49,0.0,0.0,0.0,1.0
80.0,806.0,2,1125.0,2.0,1.0,32.49,0.0,0.0,1.0,0.0
80.0,275.0,2,1575.0,2.0,3.0,85.0,0.0,0.0,0.0,1.0
80.0,1034.0,2,1360.0,2.0,1.0,77.61,0.0,0.0,1.0,0.0
80.0,344.0,3,1710.0,3.0,2.0,85.0,0.0,0.0,0.0,1.0
80.0,743.0,2,1200.0,2.0,1.0,34.65,0.0,0.0,0.0,1.0
80.0,59.0,4,2185.0,3.0,3.0,120.0,0.0,0.0,1.0,0.0
80.0,635.0,4,2400.0,4.0,3.0,135.0,0.0,0.0,0.0,1.0
80.0,1186.0,2,1195.0,2.0,1.0,35.84,0.0,0.0,0.0,1.0
80.0,380.0,2,1246.0,2.0,1.0,67.0,0.0,0.0,0.0,1.0
80.0,797.0,2,1012.0,2.0,1.0,45.0,0.0,0.0,0.0,1.0
34.0,417.0,2,998.0,2.0,2.0,65.0,0.0,0.0,0.0,1.0
80.0,968.0,3,2400.0,3.0,1.0,250.0,0.0,0.0,0.0,1.0
80.0,995.0,2,1130.0,2.0,2.0,85.0,1.0,0.0,0.0,0.0
80.0,38.0,3,1744.0,4.0,1.0,210.0,1.0,0.0,0.0,0.0
80.0,1034.0,4,2733.0,5.0,2.0,259.0,0.0,0.0,0.0,1.0
80.0,625.0,3,1354.0,2.0,1.0,98.0,0.0,0.0,0.0,1.0
80.0,1248.0,10,3300.0,9.0,1.0,450.0,0.0,0.0,0.0,1.0
80.0,72.0,2,1389.0,2.0,2.0,94.0,0.0,0.0,0.0,1.0
80.0,276.0,4,2970.0,3.0,3.0,130.0,1.0,0.0,0.0,0.0
80.0,415.0,3,2560.0,4.0,1.0,310.0,0.0,0.0,0.0,1.0
80.0,179.0,2,1172.0,2.0,2.0,75.0,0.0,0.0,1.0,0.0
27.0,269.0,3,500.0,2.0,1.0,75.0,1.0,0.0,0.0,0.0
80.0,247.0,3,1495.0,3.0,2.0,60.0,0.0,0.0,0.0,1.0
80.0,171.0,2,1738.0,2.0,1.0,57.35,0.0,0.0,0.0,1.0
80.0,107.0,2,1315.0,2.0,2.0,50.0,1.0,0.0,0.0,0.0
80.0,784.0,2,1270.0,2.0,3.0,73.0,1.0,0.0,0.0,0.0
80.0,196.0,2,1160.0,2.0,1.0,52.2,0.0,0.0,0.0,1.0
80.0,982.0,3,1450.0,2.0,1.0,67.0,0.0,0.0,0.0,1.0
80.0,829.0,1,470.0,1.0,1.0,21.0,1.0,0.0,0.0,0.0
80.0,395.0,2,1040.0,2.0,2.0,78.0,0.0,0.0,1.0,0.0
80.0,1035.0,2,1205.0,2.0,2.0,29.0,0.0,0.0,0.0,1.0
80.0,1035.0,3,1215.0,2.0,3.0,50.0,0.0,0.0,0.0,1.0
26.0,1248.0,2,1135.0,2.0,2.0,58.0,1.0,0.0,0.0,0.0
80.0,606.0,3,1224.0,2.0,2.0,48.95,0.0,0.0,1.0,0.0
80.0,75.0,1,664.0,1.0,1.0,34.0,0.0,0.0,1.0,0.0
80.0,1065.0,3,1160.0,2.0,2.0,42.0,0.0,0.0,1.0,0.0
80.0,520.0,2,1200.0,2.0,0.0,105.0,0.0,0.0,1.0,0.0
80.0,1175.0,3,1220.0,2.0,1.0,35.2,0.0,0.0,0.0,1.0
80.0,542.0,2,1328.0,2.0,2.0,69.0,0.0,0.0,1.0,0.0
32.0,417.0,2,975.0,2.0,2.0,45.0,0.0,0.0,0.0,1.0
80.0,709.0,3,1907.0,2.0,1.0,200.0,0.0,0.0,0.0,1.0
34.0,483.0,2,900.0,2.0,1.0,72.0,0.0,0.0,0.0,1.0
80.0,1213.0,2,1330.0,2.0,2.0,80.0,0.0,0.0,0.0,1.0
80.0,972.0,4,2330.0,5.0,1.0,175.0,0.0,0.0,1.0,0.0
80.0,1175.0,3,1222.0,3.0,2.0,95.0,0.0,0.0,0.0,1.0
44.0,511.0,3,4446.0,3.0,2.0,410.0,0.0,0.0,0.0,1.0
27.0,602.0,3,2100.0,3.0,1.0,135.0,0.0,0.0,0.0,1.0
44.0,511.0,4,3335.0,4.0,3.0,290.0,0.0,0.0,0.0,1.0
80.0,561.0,3,3150.0,3.0,1.0,290.0,0.0,0.0,0.0,1.0
80.0,1050.0,3,1320.0,2.0,1.0,95.0,0.0,0.0,0.0,1.0
80.0,1257.0,7,820.0,7.0,3.0,140.0,1.0,0.0,0.0,0.0
80.0,520.0,5,8000.0,5.0,3.0,550.0,0.0,0.0,0.0,1.0
80.0,1035.0,4,2400.0,5.0,3.0,500.0,0.0,0.0,1.0,0.0
80.0,636.0,3,1330.0,2.0,2.0,46.55,0.0,0.0,0.0,1.0
80.0,635.0,4,2000.0,4.0,1.0,130.0,1.0,0.0,0.0,0.0
80.0,828.0,2,1244.0,2.0,1.0,55.0,0.0,1.0,0.0,0.0
34.0,633.0,2,1000.0,2.0,1.0,50.0,0.0,0.0,0.0,1.0
80.0,668.0,3,1400.0,3.0,2.0,45.0,0.0,0.0,0.0,1.0
80.0,302.0,2,1000.0,2.0,2.0,35.0,0.0,0.0,0.0,1.0
80.0,192.0,2,1056.0,1.0,0.0,250.0,0.0,0.0,1.0,0.0
16.0,533.0,3,1250.0,2.0,2.0,50.0,1.0,0.0,0.0,0.0
80.0,41.0,4,2630.0,5.0,0.0,188.0,0.0,0.0,1.0,0.0
80.0,711.0,2,1225.0,2.0,2.0,48.0,0.0,0.0,1.0,0.0
80.0,70.0,4,2790.0,5.0,3.0,198.0,0.0,0.0,0.0,1.0
80.0,1016.0,4,2800.0,4.0,3.0,365.0,0.0,0.0,0.0,1.0
31.0,1035.0,3,1683.0,3.0,3.0,80.0,0.0,0.0,0.0,1.0
80.0,272.0,2,1250.0,2.0,2.0,54.0,0.0,0.0,1.0,0.0
80.0,1144.0,3,1305.0,2.0,1.0,110.0,0.0,0.0,0.0,1.0
5.0,520.0,3,3009.0,3.0,1.0,331.0,0.0,0.0,0.0,1.0
80.0,241.0,3,1150.0,2.0,1.0,57.5,0.0,0.0,1.0,0.0
49.0,711.0,3,1654.0,3.0,3.0,70.0,0.0,0.0,0.0,1.0
80.0,511.0,4,4500.0,3.0,0.0,225.0,0.0,0.0,0.0,1.0
80.0,192.0,3,1890.0,4.0,3.0,125.0,0.0,0.0,0.0,1.0
80.0,356.0,2,1069.0,2.0,2.0,55.0,0.0,0.0,0.0,1.0
80.0,206.0,2,750.0,1.0,1.0,18.5,0.0,0.0,0.0,1.0
63.0,611.0,4,675.0,4.0,0.0,140.0,1.0,0.0,0.0,0.0
80.0,96.0,3,2400.0,3.0,1.0,177.0,0.0,0.0,1.0,0.0
80.0,1248.0,5,1200.0,4.0,2.0,240.0,0.0,0.0,0.0,1.0
27.0,302.0,4,1410.0,2.0,0.0,280.0,0.0,0.0,0.0,1.0
80.0,504.0,3,1680.0,3.0,3.0,130.0,0.0,0.0,0.0,1.0
49.0,520.0,3,3500.0,4.0,2.0,500.0,0.0,0.0,0.0,1.0
80.0,1035.0,3,1700.0,3.0,2.0,93.5,0.0,0.0,0.0,1.0
80.0,1035.0,4,2200.0,2.0,0.0,150.0,0.0,0.0,1.0,0.0
80.0,892.0,3,1595.0,3.0,1.0,105.0,1.0,0.0,0.0,0.0
61.0,528.0,3,1480.0,3.0,1.0,100.0,0.0,0.0,0.0,1.0
80.0,299.0,3,1092.0,3.0,1.0,95.0,0.0,0.0,0.0,1.0
80.0,158.0,3,1866.0,4.0,2.0,245.0,0.0,0.0,0.0,1.0
80.0,700.0,3,3895.0,3.0,2.0,390.0,0.0,0.0,0.0,1.0
20.0,1034.0,3,1683.0,3.0,2.0,115.0,0.0,0.0,0.0,1.0
80.0,900.0,2,545.0,2.0,1.0,22.34,0.0,0.0,0.0,1.0
80.0,459.0,2,1340.0,2.0,2.0,73.0,1.0,0.0,0.0,0.0
80.0,71.0,3,1100.0,3.0,2.0,53.0,1.0,0.0,0.0,0.0
80.0,1175.0,1,2000.0,1.0,0.0,200.0,0.0,0.0,0.0,1.0
80.0,75.0,2,1185.0,2.0,2.0,56.0,0.0,0.0,1.0,0.0
80.0,317.0,2,1025.0,2.0,2.0,27.68,1.0,0.0,0.0,0.0
80.0,214.0,3,1730.0,3.0,1.0,95.0,1.0,0.0,0.0,0.0
80.0,378.0,3,1450.0,3.0,1.0,88.6,0.0,0.0,0.0,1.0
80.0,275.0,3,1862.0,4.0,1.0,110.0,0.0,0.0,0.0,1.0
31.0,70.0,4,4000.0,5.0,1.0,578.0,0.0,0.0,0.0,1.0
80.0,711.0,3,2430.0,5.0,2.0,180.0,1.0,0.0,0.0,0.0
80.0,182.0,1,863.0,1.0,0.0,40.55,0.0,0.0,1.0,0.0
80.0,1175.0,2,1170.0,2.0,3.0,50.0,0.0,0.0,0.0,1.0
80.0,557.0,2,1075.0,2.0,2.0,50.0,0.0,0.0,0.0,1.0
80.0,1021.0,2,1060.0,2.0,1.0,34.0,0.0,0.0,0.0,1.0
80.0,1060.0,2,850.0,2.0,2.0,32.0,1.0,0.0,0.0,0.0
28.0,891.0,2,935.0,2.0,1.0,45.9,0.0,0.0,0.0,1.0
80.0,137.0,4,1905.0,3.0,1.0,86.0,0.0,0.0,0.0,1.0
80.0,834.0,6,2000.0,6.0,3.0,300.0,1.0,0.0,0.0,0.0
80.0,106.0,2,1125.0,2.0,1.0,47.0,0.0,0.0,0.0,1.0
34.0,1184.0,6,600.0,6.0,2.0,75.0,1.0,0.0,0.0,0.0
80.0,1232.0,4,1500.0,4.0,1.0,105.0,1.0,0.0,0.0,0.0
45.0,234.0,3,1725.0,3.0,3.0,85.0,0.0,0.0,0.0,1.0
40.0,213.0,2,1120.0,2.0,3.0,36.0,0.0,0.0,0.0,1.0
80.0,75.0,3,1750.0,2.0,2.0,75.0,1.0,0.0,0.0,0.0
80.0,610.0,3,2000.0,3.0,2.0,77.0,0.0,0.0,1.0,0.0
80.0,1021.0,3,1745.0,3.0,3.0,98.0,1.0,0.0,0.0,0.0
80.0,1274.0,5,750.0,3.0,1.0,95.0,0.0,0.0,0.0,1.0
80.0,582.0,3,1270.0,2.0,2.0,55.25,0.0,0.0,0.0,1.0
80.0,41.0,5,5384.0,5.0,3.0,420.0,0.0,0.0,1.0,0.0
28.0,1248.0,2,1180.0,2.0,2.0,72.0,0.0,0.0,0.0,1.0
80.0,230.0,2,1130.0,2.0,1.0,75.0,0.0,0.0,1.0,0.0
34.0,910.0,4,2774.0,4.0,3.0,197.0,0.0,0.0,0.0,1.0
80.0,800.0,3,1723.0,3.0,2.0,95.0,0.0,0.0,1.0,0.0
80.0,979.0,2,1175.0,2.0,2.0,70.5,0.0,0.0,1.0,0.0
80.0,850.0,3,1607.0,2.0,2.0,112.0,0.0,0.0,0.0,1.0
80.0,5.0,2,1334.0,2.0,1.0,62.0,1.0,0.0,0.0,0.0
80.0,179.0,5,2800.0,5.0,3.0,130.0,0.0,0.0,0.0,1.0
80.0,784.0,3,1138.0,3.0,2.0,128.0,0.0,0.0,0.0,1.0
80.0,70.0,2,1113.0,2.0,1.0,70.0,0.0,0.0,0.0,1.0
80.0,1257.0,3,1300.0,2.0,2.0,58.0,1.0,0.0,0.0,0.0
26.0,920.0,4,2400.0,4.0,1.0,350.0,0.0,0.0,0.0,1.0
80.0,81.0,2,1200.0,2.0,2.0,60.0,0.0,0.0,1.0,0.0
80.0,702.0,3,1900.0,3.0,2.0,190.0,0.0,0.0,1.0,0.0
80.0,557.0,4,5150.0,4.0,3.0,559.0,0.0,0.0,0.0,1.0
34.0,674.0,5,1200.0,5.0,1.0,290.0,0.0,0.0,0.0,1.0
80.0,704.0,4,2956.0,5.0,1.0,234.0,0.0,0.0,0.0,1.0
80.0,992.0,5,1100.0,5.0,1.0,165.0,0.0,0.0,1.0,0.0
80.0,112.0,2,1398.0,2.0,1.0,97.0,0.0,0.0,0.0,1.0
80.0,909.0,2,1152.0,1.0,0.0,66.0,0.0,0.0,1.0,0.0
80.0,582.0,4,1200.0,5.0,1.0,325.0,1.0,0.0,0.0,0.0
80.0,1175.0,2,1110.0,2.0,2.0,44.95,0.0,0.0,1.0,0.0
80.0,415.0,2,1116.0,2.0,1.0,47.0,0.0,0.0,0.0,1.0
80.0,520.0,2,1061.0,2.0,1.0,33.84,0.0,0.0,0.0,1.0
80.0,537.0,1,620.0,1.0,1.0,86.8,0.0,0.0,0.0,1.0
80.0,547.0,3,1300.0,2.0,2.0,52.0,0.0,0.0,0.0,1.0
80.0,492.0,2,1270.0,2.0,2.0,57.0,1.0,0.0,0.0,0.0
40.0,511.0,2,966.0,2.0,2.0,50.0,0.0,0.0,0.0,1.0
80.0,531.0,4,1200.0,4.0,1.0,110.0,0.0,0.0,0.0,1.0
42.0,124.0,4,1320.0,4.0,3.0,249.0,0.0,0.0,1.0,0.0
80.0,623.0,4,3596.0,5.0,1.0,297.0,1.0,0.0,0.0,0.0
80.0,714.0,3,1630.0,3.0,2.0,131.0,0.0,0.0,0.0,1.0
80.0,604.0,5,600.0,6.0,3.0,72.0,0.0,0.0,0.0,1.0
80.0,604.0,4,600.0,4.0,2.0,60.0,0.0,0.0,0.0,1.0
80.0,910.0,2,1202.0,2.0,1.0,65.0,1.0,0.0,0.0,0.0
80.0,1175.0,4,1200.0,4.0,2.0,250.0,0.0,0.0,0.0,1.0
80.0,1021.0,2,1300.0,2.0,2.0,80.0,1.0,0.0,0.0,0.0
80.0,426.0,6,1200.0,6.0,2.0,330.0,0.0,0.0,0.0,1.0
80.0,1045.0,3,1360.0,2.0,1.0,70.0,0.0,0.0,0.0,1.0
80.0,97.0,2,1155.0,2.0,1.0,69.18,0.0,0.0,0.0,1.0
80.0,770.0,3,2378.0,3.0,1.0,310.0,0.0,0.0,0.0,1.0
33.0,813.0,2,1011.0,2.0,2.0,38.0,0.0,0.0,1.0,0.0
80.0,214.0,2,1203.0,2.0,2.0,72.0,0.0,0.0,0.0,1.0
80.0,1035.0,3,1645.0,3.0,2.0,113.0,0.0,0.0,0.0,1.0
72.0,75.0,3,1364.0,2.0,3.0,50.0,0.0,0.0,0.0,1.0
42.0,224.0,2,1200.0,1.0,1.0,36.0,0.0,0.0,1.0,0.0
80.0,1144.0,1,1050.0,2.0,2.0,41.0,0.0,0.0,0.0,1.0
80.0,22.0,3,1365.0,3.0,3.0,66.0,0.0,0.0,0.0,1.0
80.0,192.0,3,1252.0,3.0,3.0,70.0,1.0,0.0,0.0,0.0
22.0,420.0,3,1221.0,3.0,2.0,65.0,0.0,0.0,0.0,1.0
80.0,123.0,2,1065.0,2.0,1.0,58.0,0.0,0.0,1.0,0.0
80.0,797.0,3,1270.0,2.0,1.0,55.25,0.0,0.0,0.0,1.0
80.0,457.0,2,1032.0,2.0,2.0,45.0,1.0,0.0,0.0,0.0
80.0,1111.0,4,2900.0,4.0,2.0,325.0,0.0,0.0,0.0,1.0
80.0,210.0,3,1515.0,2.0,3.0,69.0,1.0,0.0,0.0,0.0
80.0,1248.0,2,1427.0,2.0,2.0,52.0,0.0,0.0,0.0,1.0
80.0,901.0,2,940.0,2.0,2.0,50.0,0.0,0.0,1.0,0.0
80.0,1192.0,5,800.0,5.0,1.0,95.0,0.0,0.0,0.0,1.0
80.0,1042.0,3,1460.0,2.0,2.0,80.0,1.0,0.0,0.0,0.0
80.0,106.0,3,2275.0,4.0,2.0,175.0,0.0,0.0,0.0,1.0
80.0,676.0,3,1522.0,3.0,2.0,90.0,1.0,0.0,0.0,0.0
80.0,415.0,3,3210.0,4.0,2.0,380.0,0.0,0.0,0.0,1.0
80.0,1248.0,2,1185.0,2.0,2.0,42.67,0.0,0.0,0.0,1.0
80.0,511.0,13,5425.0,13.0,0.0,275.0,1.0,0.0,0.0,0.0
80.0,317.0,3,1800.0,3.0,2.0,125.0,0.0,0.0,1.0,0.0
34.0,1212.0,2,940.0,2.0,1.0,44.0,0.0,0.0,0.0,1.0
80.0,561.0,4,1200.0,4.0,2.0,135.0,0.0,0.0,1.0,0.0
48.0,1090.0,3,1530.0,3.0,2.0,71.0,0.0,0.0,0.0,1.0
80.0,414.0,2,1050.0,2.0,1.0,48.0,1.0,0.0,0.0,0.0
26.0,150.0,2,929.0,2.0,2.0,49.0,0.0,0.0,1.0,0.0
80.0,972.0,4,3750.0,5.0,3.0,145.0,0.0,0.0,0.0,1.0
80.0,415.0,3,1530.0,3.0,3.0,75.0,0.0,0.0,1.0,0.0
80.0,1144.0,2,900.0,2.0,1.0,48.0,0.0,0.0,0.0,1.0
80.0,221.0,2,978.0,2.0,1.0,34.22,1.0,0.0,0.0,0.0
80.0,464.0,4,4041.0,4.0,2.0,345.0,0.0,0.0,0.0,1.0
80.0,1257.0,1,770.0,1.0,2.0,43.82,0.0,0.0,0.0,1.0
80.0,668.0,2,1066.0,2.0,3.0,55.0,0.0,0.0,0.0,1.0
38.0,106.0,1,635.0,1.0,0.0,28.0,0.0,0.0,0.0,1.0
32.0,910.0,2,1015.0,2.0,1.0,45.0,0.0,0.0,0.0,1.0
80.0,96.0,2,1175.0,2.0,0.0,54.05,0.0,0.0,0.0,1.0
80.0,1248.0,4,1200.0,4.0,2.0,130.0,0.0,0.0,0.0,1.0
80.0,944.0,2,1188.0,2.0,1.0,50.0,0.0,0.0,0.0,1.0
80.0,850.0,5,2400.0,5.0,2.0,700.0,0.0,0.0,0.0,1.0
26.0,82.0,1,620.0,1.0,1.0,25.0,0.0,0.0,0.0,1.0
80.0,276.0,2,1210.0,2.0,0.0,75.0,0.0,0.0,0.0,1.0
80.0,517.0,3,1000.0,3.0,1.0,90.0,0.0,0.0,1.0,0.0
80.0,1044.0,3,1500.0,2.0,1.0,99.0,0.0,0.0,1.0,0.0
80.0,624.0,4,1800.0,3.0,2.0,190.0,0.0,0.0,0.0,1.0
80.0,699.0,2,1185.0,2.0,2.0,43.66,1.0,0.0,0.0,0.0
65.0,662.0,3,1600.0,3.0,3.0,130.0,0.0,0.0,0.0,1.0
80.0,675.0,2,1100.0,2.0,1.0,28.0,0.0,0.0,1.0,0.0
52.0,892.0,2,1300.0,2.0,2.0,69.23,0.0,0.0,0.0,1.0
80.0,587.0,2,1100.0,2.0,1.0,68.0,0.0,0.0,0.0,1.0
80.0,224.0,2,860.0,2.0,1.0,28.93,0.0,0.0,0.0,1.0
80.0,600.0,2,1007.0,2.0,1.0,64.0,0.0,0.0,1.0,0.0
80.0,1258.0,2,1100.0,2.0,2.0,48.0,0.0,0.0,0.0,1.0
80.0,797.0,2,1187.0,2.0,1.0,38.0,0.0,0.0,0.0,1.0
31.0,234.0,2,1150.0,2.0,2.0,72.0,1.0,0.0,0.0,0.0
80.0,472.0,3,2400.0,3.0,2.0,252.0,0.0,0.0,0.0,1.0
80.0,1035.0,2,1180.0,2.0,3.0,41.94,0.0,0.0,0.0,1.0
34.0,877.0,3,1820.0,3.0,2.0,85.2,0.0,0.0,0.0,1.0
80.0,1228.0,6,1200.0,6.0,3.0,180.0,1.0,0.0,0.0,0.0
80.0,390.0,3,2400.0,6.0,2.0,775.0,0.0,0.0,1.0,0.0
80.0,1114.0,4,3628.0,4.0,1.0,246.0,0.0,0.0,1.0,0.0
80.0,1278.0,3,1430.0,3.0,2.0,70.0,0.0,0.0,1.0,0.0
80.0,1248.0,2,700.0,2.0,1.0,40.0,0.0,0.0,0.0,1.0
80.0,797.0,2,1200.0,1.0,0.0,70.0,0.0,0.0,0.0,1.0
80.0,528.0,2,1165.0,2.0,1.0,40.77,0.0,0.0,0.0,1.0
80.0,520.0,3,1569.0,3.0,2.0,118.0,0.0,0.0,0.0,1.0
80.0,230.0,3,1950.0,4.0,3.0,95.0,0.0,0.0,1.0,0.0
80.0,487.0,2,1200.0,3.0,1.0,70.0,0.0,0.0,1.0,0.0
80.0,317.0,3,2437.0,3.0,2.0,125.0,1.0,0.0,0.0,0.0
80.0,699.0,2,950.0,2.0,2.0,46.7,0.0,0.0,0.0,1.0
80.0,711.0,3,1685.0,3.0,3.0,115.0,0.0,0.0,0.0,1.0
80.0,1248.0,4,3270.0,4.0,3.0,205.0,0.0,0.0,1.0,0.0
80.0,1144.0,2,1314.0,2.0,2.0,110.0,1.0,0.0,0.0,0.0
80.0,70.0,3,1250.0,3.0,2.0,40.0,1.0,0.0,0.0,0.0
80.0,69.0,2,1130.0,2.0,2.0,68.0,0.0,0.0,1.0,0.0
80.0,968.0,6,1200.0,9.0,3.0,122.0,0.0,0.0,0.0,1.0
80.0,282.0,6,890.0,5.0,2.0,160.0,0.0,0.0,0.0,1.0
80.0,1025.0,3,857.0,3.0,2.0,95.0,0.0,0.0,1.0,0.0
80.0,583.0,3,2247.0,3.0,1.0,145.0,0.0,0.0,0.0,1.0
63.0,662.0,3,1550.0,3.0,2.0,85.0,0.0,0.0,0.0,1.0
80.0,711.0,3,1715.0,2.0,2.0,100.0,1.0,0.0,0.0,0.0
80.0,929.0,2,1053.0,2.0,1.0,53.0,1.0,0.0,0.0,0.0
80.0,1035.0,3,1200.0,3.0,0.0,50.0,0.0,0.0,0.0,1.0
80.0,175.0,3,1800.0,2.0,1.0,230.0,1.0,0.0,0.0,0.0
80.0,504.0,5,2400.0,4.0,0.0,97.0,0.0,0.0,0.0,1.0
80.0,1035.0,2,1245.0,1.0,3.0,60.0,0.0,0.0,0.0,1.0
31.0,250.0,2,1320.0,2.0,1.0,160.0,0.0,0.0,0.0,1.0
33.0,315.0,4,3940.0,5.0,3.0,265.0,0.0,0.0,1.0,0.0
80.0,1157.0,3,1241.0,2.0,1.0,65.0,0.0,0.0,1.0,0.0
80.0,96.0,3,2980.0,4.0,2.0,260.0,0.0,0.0,0.0,1.0
24.0,202.0,6,600.0,5.0,3.0,130.0,0.0,0.0,0.0,1.0
80.0,292.0,2,1090.0,2.0,2.0,57.0,0.0,0.0,0.0,1.0
80.0,533.0,3,1390.0,2.0,1.0,50.0,0.0,0.0,0.0,1.0
34.0,1144.0,8,600.0,4.0,3.0,175.0,0.0,0.0,0.0,1.0
28.0,511.0,3,2750.0,5.0,2.0,275.0,0.0,0.0,0.0,1.0
80.0,245.0,3,1100.0,2.0,1.0,52.97,0.0,0.0,1.0,0.0
80.0,72.0,2,1350.0,2.0,2.0,103.0,0.0,0.0,0.0,1.0
80.0,192.0,2,800.0,2.0,2.0,55.0,0.0,0.0,0.0,1.0
18.0,1144.0,3,1787.0,3.0,2.0,116.0,0.0,0.0,0.0,1.0
63.0,1137.0,3,2400.0,3.0,2.0,220.0,0.0,0.0,0.0,1.0
46.0,1144.0,4,3700.0,4.0,2.0,325.0,0.0,0.0,0.0,1.0
80.0,440.0,3,1691.0,3.0,2.0,93.01,1.0,0.0,0.0,0.0
80.0,1248.0,4,2119.0,4.0,3.0,111.0,0.0,0.0,0.0,1.0
80.0,702.0,3,2325.0,3.0,1.0,95.0,0.0,0.0,0.0,1.0
26.0,797.0,5,570.0,5.0,0.0,80.0,0.0,0.0,0.0,1.0
80.0,1149.0,3,1896.0,3.0,2.0,102.0,0.0,0.0,0.0,1.0
80.0,304.0,3,1540.0,3.0,2.0,48.51,0.0,0.0,1.0,0.0
80.0,1035.0,2,1244.0,2.0,2.0,95.0,0.0,0.0,0.0,1.0
80.0,892.0,3,1365.0,2.0,2.0,65.0,1.0,0.0,0.0,0.0
80.0,1248.0,1,580.0,1.0,1.0,27.5,0.0,0.0,0.0,1.0
80.0,771.0,3,1355.0,3.0,2.0,83.87,0.0,0.0,0.0,1.0
80.0,705.0,3,1500.0,4.0,2.0,180.0,0.0,0.0,0.0,1.0
80.0,992.0,2,1513.0,2.0,3.0,62.0,0.0,0.0,1.0,0.0
80.0,1034.0,2,1175.0,2.0,1.0,41.13,0.0,0.0,0.0,1.0
80.0,590.0,3,2087.0,4.0,2.0,139.0,0.0,0.0,0.0,1.0
80.0,1231.0,3,2273.0,3.0,2.0,145.0,0.0,0.0,0.0,1.0
34.0,363.0,3,2050.0,3.0,2.0,150.0,0.0,0.0,0.0,1.0
80.0,452.0,2,1200.0,2.0,1.0,75.0,0.0,0.0,1.0,0.0
80.0,305.0,2,1190.0,2.0,3.0,59.0,1.0,0.0,0.0,0.0
32.0,892.0,4,600.0,3.0,2.0,85.0,0.0,0.0,0.0,1.0
80.0,514.0,2,1019.0,2.0,2.0,49.86,1.0,0.0,0.0,0.0
80.0,395.0,3,1830.0,3.0,2.0,133.0,0.0,0.0,0.0,1.0
80.0,192.0,7,4278.0,7.0,1.0,299.0,0.0,0.0,0.0,1.0
80.0,200.0,2,1028.0,2.0,1.0,56.0,0.0,0.0,0.0,1.0
80.0,845.0,2,1300.0,2.0,2.0,100.0,1.0,0.0,0.0,0.0
80.0,951.0,2,1160.0,2.0,1.0,67.0,0.0,0.0,0.0,1.0
63.0,1144.0,3,1505.0,3.0,2.0,78.0,0.0,0.0,0.0,1.0
80.0,784.0,2,1250.0,2.0,1.0,55.55,1.0,0.0,0.0,0.0
80.0,547.0,1,400.0,2.0,1.0,50.0,0.0,0.0,0.0,1.0
80.0,983.0,2,1175.0,2.0,1.0,41.68,0.0,0.0,0.0,1.0
80.0,529.0,2,1100.0,2.0,2.0,57.6,0.0,0.0,0.0,1.0
26.0,415.0,3,2159.0,3.0,2.0,120.0,0.0,0.0,0.0,1.0
80.0,1199.0,2,1230.0,2.0,1.0,56.45,0.0,0.0,0.0,1.0
80.0,554.0,3,1200.0,4.0,2.0,180.0,1.0,0.0,0.0,0.0
80.0,719.0,5,3100.0,6.0,1.0,165.0,0.0,0.0,0.0,1.0
80.0,635.0,5,5020.0,7.0,0.0,287.0,1.0,0.0,0.0,0.0
80.0,711.0,1,1200.0,1.0,0.0,48.0,1.0,0.0,0.0,0.0
80.0,845.0,2,1340.0,2.0,1.0,71.0,0.0,0.0,1.0,0.0
80.0,542.0,3,1750.0,2.0,2.0,89.0,0.0,0.0,0.0,1.0
80.0,1050.0,2,1400.0,2.0,1.0,100.0,0.0,0.0,1.0,0.0
80.0,229.0,3,1350.0,3.0,0.0,60.0,0.0,0.0,0.0,1.0
80.0,972.0,3,1675.0,3.0,3.0,62.0,0.0,0.0,0.0,1.0
80.0,70.0,2,1340.0,2.0,1.0,66.33,1.0,0.0,0.0,0.0
80.0,989.0,2,600.0,1.0,0.0,68.0,0.0,0.0,0.0,1.0
80.0,1259.0,2,1276.0,2.0,2.0,76.0,0.0,0.0,1.0,0.0
80.0,210.0,3,1738.0,2.0,3.0,76.0,0.0,0.0,1.0,0.0
80.0,254.0,2,1190.0,2.0,2.0,59.9,1.0,0.0,0.0,0.0
80.0,124.0,2,1128.0,2.0,1.0,65.45,0.0,0.0,1.0,0.0
80.0,328.0,2,1250.0,2.0,1.0,55.0,0.0,0.0,0.0,1.0
34.0,662.0,2,1450.0,2.0,2.0,90.0,0.0,0.0,0.0,1.0
80.0,415.0,2,1084.0,2.0,1.0,53.0,0.0,0.0,0.0,1.0
80.0,214.0,4,2150.0,4.0,2.0,90.0,0.0,0.0,0.0,1.0
80.0,1212.0,4,6000.0,4.0,0.0,625.0,0.0,0.0,0.0,1.0
80.0,686.0,4,600.0,3.0,0.0,77.0,0.0,0.0,0.0,1.0
80.0,223.0,2,1250.0,2.0,2.0,65.0,0.0,0.0,1.0,0.0
80.0,96.0,3,2400.0,4.0,1.0,240.0,0.0,0.0,0.0,1.0
63.0,491.0,3,1304.0,3.0,0.0,65.0,0.0,0.0,0.0,1.0
80.0,454.0,3,1640.0,3.0,2.0,268.0,1.0,0.0,0.0,0.0
80.0,922.0,2,980.0,2.0,1.0,77.44,0.0,0.0,1.0,0.0
43.0,662.0,2,1275.0,2.0,2.0,49.5,0.0,0.0,0.0,1.0
34.0,134.0,1,10030.0,1.0,1.0,150.0,0.0,0.0,0.0,1.0
80.0,1248.0,3,2500.0,4.0,0.0,140.0,0.0,0.0,1.0,0.0
80.0,641.0,4,3600.0,4.0,0.0,225.0,0.0,0.0,0.0,1.0
80.0,817.0,3,2400.0,4.0,0.0,95.0,0.0,0.0,1.0,0.0
80.0,1175.0,3,2300.0,3.0,2.0,280.0,0.0,0.0,0.0,1.0
80.0,993.0,3,1450.0,2.0,2.0,70.18,0.0,0.0,1.0,0.0
80.0,420.0,2,890.0,2.0,1.0,40.0,0.0,0.0,0.0,1.0
80.0,1263.0,2,1340.0,2.0,3.0,85.0,1.0,0.0,0.0,0.0
80.0,525.0,3,1100.0,2.0,1.0,75.0,0.0,0.0,0.0,1.0
80.0,1175.0,2,750.0,2.0,1.0,40.0,1.0,0.0,0.0,0.0
80.0,74.0,4,700.0,4.0,2.0,125.0,0.0,0.0,1.0,0.0
80.0,143.0,2,1300.0,2.0,2.0,66.0,0.0,0.0,0.0,1.0
37.0,1137.0,2,1301.0,2.0,1.0,120.0,0.0,0.0,0.0,1.0
80.0,797.0,9,3200.0,8.0,1.0,130.0,0.0,0.0,0.0,1.0
65.0,662.0,3,1900.0,2.0,1.0,92.0,0.0,0.0,0.0,1.0
80.0,1112.0,2,1299.0,2.0,1.0,105.0,0.0,0.0,0.0,1.0
32.0,186.0,3,1250.0,3.0,3.0,40.0,0.0,0.0,0.0,1.0
80.0,1174.0,4,1600.0,4.0,2.0,300.0,0.0,0.0,1.0,0.0
80.0,688.0,2,925.0,2.0,1.0,55.0,1.0,0.0,0.0,0.0
80.0,1257.0,3,3900.0,3.0,3.0,250.0,0.0,0.0,0.0,1.0
80.0,126.0,2,1107.0,2.0,1.0,45.0,0.0,0.0,1.0,0.0
80.0,633.0,2,1400.0,2.0,2.0,160.0,0.0,0.0,0.0,1.0
80.0,797.0,2,1300.0,2.0,1.0,67.0,0.0,0.0,0.0,1.0
80.0,441.0,2,570.0,2.0,1.0,62.0,0.0,0.0,0.0,1.0
80.0,1144.0,3,1715.0,3.0,2.0,95.0,0.0,0.0,0.0,1.0
80.0,420.0,2,1200.0,2.0,1.0,55.0,0.0,0.0,0.0,1.0
80.0,458.0,6,1200.0,5.0,1.0,280.0,0.0,0.0,1.0,0.0
80.0,1175.0,2,703.0,2.0,1.0,60.0,0.0,0.0,0.0,1.0
80.0,1035.0,2,921.0,2.0,2.0,29.47,0.0,0.0,0.0,1.0
80.0,1070.0,2,1144.0,2.0,2.0,65.0,0.0,0.0,0.0,1.0
80.0,504.0,1,525.0,1.0,1.0,26.01,0.0,0.0,0.0,1.0
80.0,688.0,3,1400.0,2.0,2.0,56.0,1.0,0.0,0.0,0.0
26.0,201.0,1,661.0,1.0,1.0,33.0,0.0,0.0,0.0,1.0
80.0,702.0,6,1200.0,6.0,2.0,160.0,0.0,0.0,1.0,0.0
80.0,346.0,5,1200.0,5.0,2.0,70.0,1.0,0.0,0.0,0.0
80.0,719.0,3,1705.0,3.0,1.0,91.0,1.0,0.0,0.0,0.0
34.0,1034.0,5,1035.0,5.0,1.0,170.0,0.0,0.0,1.0,0.0
28.0,415.0,3,1430.0,2.0,0.0,55.0,1.0,0.0,0.0,0.0
26.0,1248.0,2,1240.0,2.0,2.0,55.0,0.0,0.0,0.0,1.0
80.0,604.0,3,1325.0,2.0,2.0,60.8,1.0,0.0,0.0,0.0
39.0,533.0,2,1230.0,2.0,2.0,44.0,0.0,0.0,0.0,1.0
80.0,719.0,2,1000.0,2.0,3.0,28.0,1.0,0.0,0.0,0.0
80.0,903.0,4,740.0,2.0,1.0,24.5,0.0,0.0,1.0,0.0
80.0,925.0,3,1330.0,2.0,2.0,46.45,0.0,0.0,0.0,1.0
11.0,819.0,4,3005.0,5.0,1.0,275.0,0.0,0.0,0.0,1.0
80.0,713.0,3,1300.0,3.0,2.0,170.0,0.0,0.0,0.0,1.0
80.0,1203.0,2,1243.0,2.0,2.0,46.0,0.0,0.0,1.0,0.0
40.0,1248.0,4,936.0,2.0,1.0,60.84,0.0,0.0,0.0,1.0
27.0,417.0,3,1500.0,2.0,2.0,100.0,1.0,0.0,0.0,0.0
80.0,321.0,3,1200.0,4.0,1.0,156.0,0.0,0.0,1.0,0.0
61.0,1248.0,2,1073.0,2.0,2.0,72.0,0.0,0.0,0.0,1.0
80.0,1263.0,2,1300.0,2.0,2.0,56.0,0.0,0.0,0.0,1.0
80.0,206.0,4,4201.0,4.0,3.0,435.0,0.0,0.0,0.0,1.0
80.0,108.0,2,1065.0,2.0,1.0,30.75,0.0,0.0,0.0,1.0
80.0,415.0,2,1216.0,2.0,1.0,66.88,0.0,0.0,0.0,1.0
34.0,972.0,3,1252.0,3.0,2.0,59.0,0.0,0.0,0.0,1.0
80.0,925.0,2,1196.0,2.0,1.0,44.8,0.0,0.0,1.0,0.0
80.0,193.0,2,1027.0,2.0,2.0,44.0,0.0,0.0,0.0,1.0
27.0,1248.0,3,610.0,2.0,1.0,75.0,0.0,0.0,0.0,1.0
80.0,334.0,3,1270.0,2.0,2.0,57.15,0.0,0.0,0.0,1.0
33.0,203.0,2,1171.0,2.0,2.0,39.0,0.0,0.0,1.0,0.0
80.0,573.0,3,1215.0,2.0,3.0,48.6,1.0,0.0,0.0,0.0
80.0,1070.0,1,600.0,1.0,0.0,20.0,0.0,0.0,0.0,1.0
27.0,537.0,2,1180.0,2.0,1.0,77.0,0.0,0.0,0.0,1.0
80.0,464.0,2,1160.0,2.0,1.0,33.51,1.0,0.0,0.0,0.0
28.0,1035.0,4,4382.0,4.0,3.0,400.0,0.0,0.0,0.0,1.0
80.0,415.0,3,2140.0,3.0,2.0,139.0,0.0,0.0,0.0,1.0
28.0,1257.0,3,1500.0,3.0,1.0,100.0,0.0,0.0,0.0,1.0
74.0,1183.0,2,1008.0,2.0,2.0,52.0,0.0,0.0,0.0,1.0
80.0,983.0,3,1921.0,4.0,3.0,129.0,1.0,0.0,0.0,0.0
80.0,1149.0,2,1127.0,2.0,2.0,32.0,0.0,0.0,0.0,1.0
80.0,587.0,3,1621.0,3.0,1.0,124.0,0.0,0.0,0.0,1.0
80.0,784.0,3,2400.0,3.0,0.0,360.0,0.0,0.0,0.0,1.0
80.0,292.0,3,1030.0,2.0,2.0,77.25,0.0,0.0,0.0,1.0
80.0,843.0,2,1314.0,2.0,1.0,84.0,0.0,0.0,0.0,1.0
40.0,531.0,3,1220.0,3.0,1.0,56.0,0.0,0.0,0.0,1.0
80.0,504.0,4,600.0,3.0,1.0,97.0,0.0,0.0,0.0,1.0
80.0,415.0,3,1590.0,2.0,3.0,85.0,0.0,0.0,0.0,1.0
80.0,464.0,2,703.0,2.0,1.0,49.5,0.0,0.0,0.0,1.0
80.0,981.0,3,1795.0,3.0,2.0,64.62,0.0,0.0,0.0,1.0
80.0,540.0,4,3000.0,3.0,0.0,132.0,0.0,0.0,0.0,1.0
26.0,720.0,4,4395.0,4.0,2.0,242.0,0.0,0.0,0.0,1.0
80.0,1035.0,2,825.0,2.0,1.0,35.0,0.0,0.0,0.0,1.0
80.0,784.0,4,4025.0,6.0,1.0,350.0,0.0,0.0,0.0,1.0
80.0,797.0,3,1254.0,2.0,1.0,70.0,1.0,0.0,0.0,0.0
80.0,763.0,3,2040.0,3.0,2.0,114.0,0.0,0.0,0.0,1.0
80.0,1111.0,3,2215.0,4.0,2.0,154.0,0.0,0.0,0.0,1.0
80.0,200.0,2,1478.0,2.0,2.0,125.0,0.0,0.0,0.0,1.0
80.0,378.0,3,2475.0,4.0,3.0,337.0,0.0,0.0,0.0,1.0
80.0,624.0,3,1669.0,3.0,2.0,298.0,0.0,0.0,1.0,0.0
34.0,422.0,3,1820.0,3.0,2.0,79.5,0.0,0.0,1.0,0.0
80.0,1248.0,3,1623.0,3.0,1.0,89.0,0.0,0.0,0.0,1.0
80.0,492.0,2,1243.0,2.0,2.0,46.0,0.0,0.0,0.0,1.0
80.0,381.0,2,1200.0,2.0,2.0,40.5,0.0,0.0,0.0,1.0
80.0,1034.0,3,1613.0,3.0,3.0,72.0,1.0,0.0,0.0,0.0
28.0,150.0,2,1293.0,2.0,2.0,80.0,0.0,0.0,1.0,0.0
80.0,968.0,2,1065.0,2.0,2.0,28.5,0.0,0.0,0.0,1.0
80.0,1035.0,2,940.0,2.0,1.0,69.57,0.0,0.0,0.0,1.0
80.0,622.0,3,1181.0,2.0,1.0,65.0,0.0,0.0,1.0,0.0
27.0,417.0,3,2215.0,3.0,2.0,275.0,1.0,0.0,0.0,0.0
80.0,686.0,1,1100.0,2.0,1.0,75.0,1.0,0.0,0.0,0.0
27.0,1248.0,2,1050.0,2.0,1.0,36.0,0.0,0.0,0.0,1.0
80.0,381.0,3,1260.0,2.0,1.0,75.0,0.0,0.0,0.0,1.0
80.0,1238.0,5,2800.0,3.0,2.0,425.0,0.0,0.0,0.0,1.0
80.0,132.0,3,1500.0,3.0,2.0,56.0,1.0,0.0,0.0,0.0
80.0,84.0,6,1200.0,6.0,3.0,132.0,0.0,0.0,0.0,1.0
80.0,962.0,2,1000.0,2.0,0.0,66.0,0.0,0.0,1.0,0.0
80.0,1134.0,3,1530.0,3.0,3.0,73.0,0.0,0.0,1.0,0.0
80.0,644.0,2,1140.0,2.0,2.0,46.0,0.0,0.0,0.0,1.0
80.0,504.0,3,1864.0,3.0,3.0,115.0,0.0,0.0,0.0,1.0
80.0,650.0,3,1575.0,3.0,3.0,55.0,0.0,0.0,0.0,1.0
80.0,861.0,3,1200.0,3.0,1.0,105.0,0.0,0.0,0.0,1.0
80.0,516.0,2,945.0,2.0,1.0,45.0,0.0,0.0,0.0,1.0
80.0,351.0,3,1691.0,3.0,2.0,100.0,1.0,0.0,0.0,0.0
80.0,415.0,2,1200.0,2.0,3.0,135.0,0.0,0.0,0.0,1.0
80.0,1035.0,3,1220.0,3.0,1.0,35.25,0.0,0.0,0.0,1.0
80.0,101.0,1,600.0,1.0,1.0,35.0,0.0,0.0,0.0,1.0
80.0,1175.0,2,1160.0,2.0,2.0,39.0,0.0,0.0,0.0,1.0
80.0,189.0,3,1950.0,2.0,1.0,89.5,0.0,0.0,0.0,1.0
80.0,662.0,3,1650.0,3.0,1.0,85.0,1.0,0.0,0.0,0.0
27.0,119.0,4,2400.0,4.0,1.0,150.0,0.0,0.0,0.0,1.0
80.0,711.0,2,795.0,1.0,1.0,32.6,0.0,0.0,0.0,1.0
80.0,1134.0,5,800.0,5.0,1.0,95.0,0.0,0.0,1.0,0.0
80.0,153.0,5,1400.0,5.0,1.0,97.0,0.0,0.0,0.0,1.0
80.0,266.0,3,2285.0,4.0,1.0,165.0,0.0,0.0,0.0,1.0
29.0,910.0,2,1243.0,2.0,2.0,46.0,0.0,0.0,0.0,1.0
80.0,994.0,2,1263.0,2.0,1.0,51.5,0.0,0.0,0.0,1.0
80.0,96.0,5,1200.0,4.0,2.0,115.0,0.0,0.0,0.0,1.0
80.0,582.0,3,1345.0,2.0,1.0,69.0,0.0,0.0,0.0,1.0
80.0,998.0,5,4400.0,5.0,3.0,240.0,1.0,0.0,0.0,0.0
80.0,76.0,3,1360.0,2.0,1.0,58.0,0.0,0.0,1.0,0.0
80.0,635.0,2,1026.0,2.0,1.0,60.55,0.0,0.0,0.0,1.0
80.0,426.0,2,1050.0,2.0,2.0,38.0,0.0,0.0,1.0,0.0
80.0,29.0,3,1460.0,3.0,3.0,76.0,1.0,0.0,0.0,0.0
80.0,1257.0,3,1525.0,2.0,2.0,91.48,0.0,0.0,0.0,1.0
80.0,796.0,3,1843.0,3.0,2.0,85.0,0.0,0.0,1.0,0.0
34.0,972.0,2,1000.0,2.0,3.0,25.0,0.0,0.0,0.0,1.0
80.0,511.0,3,1642.0,2.0,1.0,115.0,0.0,0.0,0.0,1.0
80.0,234.0,3,1200.0,2.0,0.0,66.0,0.0,0.0,0.0,1.0
80.0,240.0,2,975.0,2.0,1.0,60.0,0.0,0.0,1.0,0.0
80.0,1263.0,3,1075.0,2.0,1.0,44.0,0.0,0.0,0.0,1.0
80.0,119.0,2,1210.0,2.0,1.0,77.93,0.0,0.0,0.0,1.0
80.0,663.0,3,2000.0,3.0,2.0,100.0,0.0,0.0,0.0,1.0
80.0,960.0,2,1225.0,2.0,0.0,68.0,0.0,0.0,0.0,1.0
80.0,975.0,2,1290.0,2.0,1.0,80.04,1.0,0.0,0.0,0.0
80.0,729.0,2,1220.0,2.0,0.0,56.0,1.0,0.0,0.0,0.0
80.0,200.0,1,1500.0,2.0,0.0,85.0,1.0,0.0,0.0,0.0
80.0,604.0,2,1361.0,2.0,2.0,79.0,0.0,0.0,0.0,1.0
80.0,706.0,5,2801.25,4.0,1.0,462.0,0.0,0.0,1.0,0.0
80.0,587.0,2,1394.0,2.0,2.0,85.0,0.0,0.0,1.0,0.0
80.0,72.0,2,870.0,2.0,1.0,27.0,1.0,0.0,0.0,0.0
80.0,797.0,4,5000.0,5.0,3.0,300.0,0.0,0.0,0.0,1.0
80.0,1111.0,2,1222.0,2.0,2.0,98.0,0.0,0.0,0.0,1.0
80.0,983.0,2,1420.0,2.0,1.0,99.39,0.0,0.0,0.0,1.0
80.0,182.0,3,1846.0,3.0,2.0,135.0,0.0,0.0,1.0,0.0
80.0,954.0,2,1688.12,2.0,1.0,270.0,1.0,0.0,0.0,0.0
80.0,587.0,2,1167.0,2.0,2.0,64.08,0.0,0.0,0.0,1.0
26.0,1035.0,2,902.0,2.0,2.0,25.0,0.0,0.0,0.0,1.0
80.0,1114.0,4,2422.0,4.0,3.0,135.0,1.0,0.0,0.0,0.0
80.0,350.0,2,1050.0,2.0,2.0,52.5,0.0,0.0,0.0,1.0
80.0,1216.0,2,1000.0,2.0,0.0,50.0,0.0,0.0,1.0,0.0
80.0,513.0,2,1260.0,2.0,0.0,58.0,0.0,0.0,0.0,1.0
80.0,70.0,3,3000.0,3.0,2.0,450.0,0.0,0.0,0.0,1.0
80.0,547.0,2,939.0,2.0,2.0,39.0,0.0,0.0,1.0,0.0
34.0,1035.0,9,1590.0,6.0,1.0,150.0,0.0,0.0,0.0,1.0
80.0,96.0,1,600.0,1.0,0.0,37.0,0.0,0.0,0.0,1.0
80.0,547.0,2,1298.0,2.0,1.0,59.0,0.0,0.0,0.0,1.0
33.0,921.0,3,1710.0,3.0,2.0,135.0,0.0,0.0,0.0,1.0
80.0,192.0,2,1000.0,2.0,1.0,45.0,0.0,0.0,0.0,1.0
80.0,588.0,3,3350.0,3.0,3.0,150.0,0.0,0.0,0.0,1.0
30.0,415.0,2,1200.0,4.0,1.0,138.0,0.0,0.0,0.0,1.0
38.0,124.0,2,1100.0,2.0,2.0,68.0,0.0,0.0,1.0,0.0
80.0,676.0,1,615.0,1.0,1.0,46.0,0.0,0.0,0.0,1.0
80.0,520.0,2,1350.0,2.0,1.0,85.0,0.0,0.0,0.0,1.0
29.0,1248.0,4,5000.0,5.0,2.0,325.0,0.0,0.0,0.0,1.0
80.0,513.0,3,2700.0,3.0,1.0,501.0,0.0,0.0,0.0,1.0
80.0,1037.0,6,4000.0,6.0,2.0,460.0,0.0,0.0,0.0,1.0
80.0,673.0,3,1718.0,3.0,2.0,130.0,0.0,0.0,0.0,1.0
80.0,109.0,3,1680.0,3.0,2.0,112.0,0.0,0.0,0.0,1.0
80.0,507.0,2,1500.0,2.0,0.0,90.0,0.0,0.0,0.0,1.0
80.0,1175.0,3,1157.0,2.0,1.0,72.0,0.0,0.0,0.0,1.0
80.0,700.0,2,1179.0,2.0,1.0,51.0,0.0,0.0,0.0,1.0
28.0,402.0,2,1315.0,2.0,0.0,60.48,0.0,0.0,0.0,1.0
80.0,528.0,2,1105.0,2.0,2.0,28.18,1.0,0.0,0.0,0.0
80.0,519.0,3,1800.0,3.0,2.0,175.0,1.0,0.0,0.0,0.0
80.0,802.0,2,1010.0,2.0,1.0,52.0,1.0,0.0,0.0,0.0
28.0,415.0,1,630.0,1.0,1.0,46.0,1.0,0.0,0.0,0.0
40.0,417.0,2,1200.0,2.0,1.0,36.1,0.0,0.0,0.0,1.0
28.0,415.0,2,1025.0,2.0,1.0,60.0,1.0,0.0,0.0,0.0
80.0,725.0,2,1195.0,2.0,2.0,59.0,0.0,0.0,1.0,0.0
80.0,488.0,2,1012.0,2.0,1.0,58.0,0.0,0.0,0.0,1.0
80.0,290.0,3,1884.0,4.0,2.0,118.0,0.0,0.0,0.0,1.0
80.0,504.0,2,1090.0,2.0,1.0,37.0,0.0,0.0,0.0,1.0
80.0,1241.0,3,1300.0,3.0,2.0,77.99,0.0,0.0,0.0,1.0
80.0,1241.0,4,2950.0,4.0,2.0,250.0,0.0,0.0,0.0,1.0
80.0,698.0,3,1710.0,3.0,3.0,85.0,0.0,0.0,0.0,1.0
80.0,112.0,3,1500.0,3.0,1.0,68.0,0.0,0.0,0.0,1.0
80.0,639.0,3,1310.0,2.0,2.0,53.0,0.0,0.0,0.0,1.0
80.0,72.0,2,674.0,1.0,1.0,19.9,1.0,0.0,0.0,0.0
80.0,1144.0,3,1350.0,3.0,2.0,70.0,0.0,0.0,0.0,1.0
80.0,819.0,3,1464.0,2.0,2.0,115.0,1.0,0.0,0.0,0.0
80.0,1149.0,3,715.0,2.0,1.0,29.0,0.0,0.0,0.0,1.0
80.0,1035.0,3,1400.0,2.0,1.0,40.45,0.0,0.0,0.0,1.0
34.0,1248.0,3,1625.0,2.0,2.0,48.75,0.0,0.0,0.0,1.0
80.0,124.0,2,1065.0,2.0,1.0,30.76,0.0,0.0,1.0,0.0
80.0,1264.0,6,510.0,4.0,1.0,70.0,0.0,0.0,0.0,1.0
63.0,418.0,3,1385.0,3.0,3.0,90.0,1.0,0.0,0.0,0.0
28.0,970.0,2,1040.0,2.0,1.0,50.0,0.0,0.0,0.0,1.0
80.0,310.0,3,1817.0,3.0,2.0,110.0,1.0,0.0,0.0,0.0
80.0,662.0,2,1205.0,2.0,1.0,47.0,0.0,0.0,0.0,1.0
80.0,400.0,2,1070.0,2.0,2.0,33.43,0.0,0.0,0.0,1.0
80.0,1257.0,2,1070.0,2.0,1.0,52.0,1.0,0.0,0.0,0.0
34.0,417.0,2,1340.0,2.0,1.0,75.0,0.0,0.0,0.0,1.0
80.0,59.0,2,980.0,2.0,2.0,35.0,0.0,0.0,1.0,0.0
80.0,275.0,2,1006.0,2.0,0.0,44.0,0.0,0.0,1.0,0.0
27.0,415.0,2,1098.0,2.0,1.0,71.0,0.0,0.0,0.0,1.0
33.0,714.0,2,1200.0,2.0,1.0,53.5,0.0,0.0,1.0,0.0
80.0,1067.0,4,4190.0,4.0,1.0,325.0,1.0,0.0,0.0,0.0
80.0,986.0,2,1019.0,2.0,1.0,62.0,0.0,0.0,1.0,0.0
80.0,382.0,2,1150.0,2.0,2.0,40.21,0.0,0.0,1.0,0.0
69.0,662.0,3,1733.5,3.0,1.0,120.0,0.0,0.0,0.0,1.0
80.0,214.0,2,1415.0,2.0,2.0,120.0,0.0,0.0,0.0,1.0
80.0,845.0,3,1750.0,3.0,2.0,58.0,0.0,0.0,1.0,0.0
31.0,290.0,3,1537.0,3.0,2.0,81.0,0.0,0.0,0.0,1.0
33.0,504.0,2,1050.0,2.0,2.0,45.0,0.0,0.0,0.0,1.0
80.0,1035.0,3,1452.0,3.0,3.0,55.6,0.0,0.0,0.0,1.0
80.0,472.0,2,1246.0,2.0,1.0,95.0,0.0,0.0,0.0,1.0
80.0,1111.0,3,1890.0,4.0,2.0,85.0,0.0,0.0,0.0,1.0
40.0,1035.0,2,972.0,2.0,1.0,40.0,0.0,0.0,0.0,1.0
80.0,173.0,4,10624.0,4.0,2.0,2340.0,0.0,0.0,1.0,0.0
80.0,504.0,4,1500.0,5.0,3.0,160.0,0.0,0.0,0.0,1.0
80.0,511.0,1,630.0,1.0,1.0,33.7,1.0,0.0,0.0,0.0
80.0,75.0,8,1050.0,5.0,0.0,80.0,0.0,0.0,0.0,1.0
80.0,512.0,3,1255.0,2.0,1.0,60.0,1.0,0.0,0.0,0.0
80.0,441.0,4,1900.0,4.0,2.0,185.0,0.0,0.0,0.0,1.0
80.0,516.0,3,2440.0,3.0,1.0,142.0,0.0,0.0,0.0,1.0
80.0,465.0,3,1938.0,3.0,3.0,92.69,0.0,0.0,1.0,0.0
80.0,747.0,3,1711.0,3.0,2.0,125.0,0.0,0.0,1.0,0.0
80.0,214.0,5,1200.0,4.0,3.0,240.0,0.0,0.0,0.0,1.0
80.0,662.0,2,1392.0,2.0,1.0,95.0,0.0,0.0,0.0,1.0
80.0,457.0,2,1225.0,2.0,1.0,77.0,0.0,0.0,0.0,1.0
80.0,885.0,4,3418.0,3.0,1.0,235.0,0.0,0.0,0.0,1.0
80.0,137.0,3,1750.0,3.0,2.0,120.0,0.0,0.0,0.0,1.0
80.0,968.0,3,1260.0,2.0,1.0,80.0,0.0,0.0,0.0,1.0
80.0,700.0,1,691.0,1.0,1.0,31.1,1.0,0.0,0.0,0.0
80.0,1248.0,4,2400.0,3.0,2.0,400.0,1.0,0.0,0.0,0.0
33.0,1257.0,2,1285.0,2.0,1.0,78.0,0.0,0.0,0.0,1.0
80.0,210.0,3,1590.0,3.0,2.0,96.0,0.0,0.0,1.0,0.0
80.0,852.0,3,1571.0,3.0,2.0,65.0,1.0,0.0,0.0,0.0
28.0,415.0,5,2800.0,5.0,1.0,220.0,1.0,0.0,0.0,0.0
27.0,504.0,2,1060.0,2.0,1.0,48.66,0.0,0.0,0.0,1.0
54.0,186.0,2,1255.0,2.0,1.0,58.0,0.0,0.0,0.0,1.0
80.0,1035.0,4,702.0,4.0,0.0,65.0,0.0,0.0,0.0,1.0
80.0,1153.0,3,2400.0,2.0,2.0,185.0,0.0,0.0,0.0,1.0
80.0,797.0,3,1520.0,2.0,3.0,81.0,1.0,0.0,0.0,0.0
80.0,573.0,3,1530.0,2.0,1.0,70.99,0.0,0.0,0.0,1.0
80.0,729.0,2,1170.0,2.0,1.0,45.51,1.0,0.0,0.0,0.0
80.0,513.0,3,1580.0,3.0,2.0,75.0,0.0,0.0,0.0,1.0
80.0,878.0,3,1777.26,3.0,2.0,89.0,1.0,0.0,0.0,0.0
80.0,725.0,2,1303.0,2.0,2.0,55.78,1.0,0.0,0.0,0.0
40.0,587.0,2,1680.0,2.0,3.0,59.0,0.0,0.0,0.0,1.0
80.0,662.0,3,1495.0,2.0,1.0,70.0,1.0,0.0,0.0,0.0
80.0,714.0,3,1835.0,3.0,1.0,108.0,0.0,0.0,0.0,1.0
80.0,58.0,3,610.0,3.0,1.0,60.0,0.0,0.0,0.0,1.0
80.0,743.0,2,1080.0,2.0,2.0,38.0,1.0,0.0,0.0,0.0
31.0,542.0,2,1025.0,2.0,1.0,29.61,0.0,0.0,0.0,1.0
80.0,324.0,2,1225.0,2.0,1.0,67.48,0.0,0.0,0.0,1.0
80.0,624.0,1,656.0,1.0,1.0,34.77,0.0,0.0,0.0,1.0
80.0,1204.0,2,994.0,2.0,2.0,45.0,0.0,0.0,0.0,1.0
80.0,1230.0,2,1025.0,2.0,1.0,65.0,1.0,0.0,0.0,0.0
32.0,1035.0,2,1156.0,2.0,2.0,52.0,1.0,0.0,0.0,0.0
80.0,511.0,2,1250.0,2.0,2.0,60.0,0.0,0.0,0.0,1.0
32.0,573.0,4,3092.0,4.0,3.0,230.0,0.0,0.0,0.0,1.0
26.0,1257.0,3,1930.0,4.0,2.0,122.0,1.0,0.0,0.0,0.0
80.0,70.0,2,1020.0,2.0,1.0,70.0,0.0,0.0,0.0,1.0
80.0,968.0,3,1310.0,2.0,1.0,70.0,0.0,0.0,1.0,0.0
80.0,1257.0,1,612.5,1.0,0.0,27.565,0.0,0.0,1.0,0.0
80.0,1035.0,2,1322.0,2.0,3.0,70.0,1.0,0.0,0.0,0.0
80.0,234.0,2,1160.0,2.0,2.0,57.0,0.0,0.0,0.0,1.0
80.0,112.0,2,1100.0,2.0,2.0,48.0,0.0,0.0,0.0,1.0
28.0,1187.0,3,1720.0,3.0,3.0,150.0,0.0,0.0,0.0,1.0
54.0,180.0,3,1689.0,3.0,2.0,103.0,0.0,0.0,0.0,1.0
80.0,466.0,2,1090.0,2.0,1.0,47.42,0.0,0.0,1.0,0.0
52.0,582.0,2,2000.0,2.0,0.0,75.0,0.0,0.0,0.0,1.0
80.0,639.0,2,1155.0,2.0,2.0,69.0,0.0,0.0,0.0,1.0
80.0,450.0,6,4000.0,6.0,0.0,230.0,0.0,0.0,1.0,0.0
37.0,302.0,4,3913.0,5.0,0.0,176.0,0.0,0.0,0.0,1.0
34.0,770.0,3,3520.0,5.0,2.0,320.0,0.0,0.0,0.0,1.0
43.0,662.0,2,1125.0,2.0,2.0,39.98,0.0,0.0,0.0,1.0
80.0,598.0,3,1847.0,3.0,3.0,92.0,0.0,0.0,0.0,1.0
80.0,652.0,3,1515.0,2.0,1.0,76.0,0.0,0.0,0.0,1.0
80.0,1066.0,8,3450.0,7.0,2.0,225.0,0.0,0.0,0.0,1.0
22.0,1035.0,5,2500.0,3.0,1.0,120.0,0.0,0.0,0.0,1.0
80.0,1276.0,2,1130.0,2.0,2.0,55.0,0.0,0.0,0.0,1.0
31.0,1257.0,2,1049.0,2.0,1.0,51.0,0.0,0.0,0.0,1.0
80.0,759.0,3,2650.0,4.0,0.0,175.0,0.0,0.0,0.0,1.0
52.0,892.0,2,850.0,2.0,1.0,25.4,0.0,0.0,0.0,1.0
80.0,346.0,3,1842.0,3.0,2.0,115.0,0.0,0.0,0.0,1.0
80.0,1080.0,5,2600.0,5.0,3.0,370.0,0.0,0.0,0.0,1.0
80.0,1175.0,2,1282.0,2.0,1.0,72.0,1.0,0.0,0.0,0.0
80.0,119.0,2,800.0,2.0,1.0,40.0,0.0,0.0,0.0,1.0
80.0,415.0,4,1200.0,4.0,2.0,240.0,0.0,0.0,0.0,1.0
80.0,968.0,3,1190.0,2.0,2.0,30.35,0.0,0.0,0.0,1.0
80.0,1137.0,3,1318.0,2.0,1.0,68.0,0.0,0.0,0.0,1.0
80.0,234.0,2,1698.0,2.0,1.0,105.0,1.0,0.0,0.0,0.0
80.0,784.0,3,2030.0,2.0,1.0,182.0,0.0,0.0,0.0,1.0
80.0,150.0,3,1276.0,2.0,1.0,31.9,0.0,0.0,0.0,1.0
40.0,127.0,3,1555.0,2.0,1.0,67.0,0.0,0.0,0.0,1.0
80.0,887.0,3,1881.0,3.0,2.0,145.0,0.0,0.0,0.0,1.0
80.0,668.0,3,2900.0,3.0,2.0,325.0,0.0,0.0,0.0,1.0
80.0,511.0,3,1890.0,3.0,2.0,109.0,0.0,0.0,0.0,1.0
80.0,910.0,5,900.0,5.0,1.0,135.0,0.0,0.0,0.0,1.0
80.0,830.0,2,935.0,2.0,1.0,32.0,0.0,0.0,0.0,1.0
28.0,1144.0,2,1000.0,2.0,3.0,58.0,0.0,0.0,0.0,1.0
80.0,995.0,3,1510.0,3.0,2.0,75.0,1.0,0.0,0.0,0.0
80.0,587.0,2,1120.0,2.0,1.0,50.0,0.0,0.0,0.0,1.0
80.0,1021.0,2,930.0,2.0,1.0,25.99,0.0,0.0,1.0,0.0
26.0,845.0,3,1160.0,2.0,2.0,42.0,0.0,0.0,1.0,0.0
80.0,394.0,2,1419.0,2.0,2.0,48.1,1.0,0.0,0.0,0.0
80.0,1263.0,2,1175.0,2.0,2.0,62.0,0.0,0.0,1.0,0.0
28.0,504.0,3,1350.0,2.0,1.0,63.0,0.0,0.0,0.0,1.0
37.0,511.0,3,2215.0,3.0,2.0,330.0,0.0,0.0,0.0,1.0
80.0,1144.0,2,996.0,2.0,1.0,24.9,0.0,0.0,0.0,1.0
26.0,707.0,2,1076.0,2.0,1.0,30.13,0.0,0.0,0.0,1.0
28.0,417.0,4,2180.0,4.0,3.0,115.0,1.0,0.0,0.0,0.0
31.0,304.0,3,1715.0,3.0,3.0,112.0,0.0,0.0,1.0,0.0
80.0,1181.0,2,1072.0,2.0,2.0,45.0,0.0,0.0,0.0,1.0
80.0,1248.0,2,1230.0,2.0,1.0,80.0,0.0,0.0,0.0,1.0
80.0,1035.0,3,1600.0,2.0,1.0,65.0,0.0,0.0,0.0,1.0
80.0,276.0,3,1411.0,3.0,1.0,93.25,0.0,0.0,0.0,1.0
80.0,793.0,5,3600.0,5.0,3.0,145.0,1.0,0.0,0.0,0.0
80.0,525.0,3,2404.0,3.0,2.0,138.0,0.0,0.0,1.0,0.0
31.0,534.0,4,1200.0,4.0,1.0,190.0,0.0,0.0,0.0,1.0
80.0,1035.0,3,1200.0,3.0,2.0,226.0,0.0,0.0,0.0,1.0
80.0,304.0,3,1208.0,3.0,1.0,45.0,1.0,0.0,0.0,0.0
52.0,203.0,5,1700.0,5.0,2.0,300.0,0.0,0.0,0.0,1.0
80.0,635.0,2,1225.0,2.0,1.0,69.84,0.0,0.0,0.0,1.0
80.0,692.0,2,1162.0,2.0,1.0,69.0,1.0,0.0,0.0,0.0
80.0,350.0,3,1262.0,2.0,1.0,65.0,0.0,0.0,1.0,0.0
80.0,1163.0,2,1050.0,2.0,2.0,35.0,0.0,0.0,0.0,1.0
80.0,1035.0,2,1160.0,2.0,1.0,33.51,0.0,0.0,0.0,1.0
15.0,179.0,3,1500.0,3.0,1.0,61.95,0.0,0.0,0.0,1.0
45.0,541.0,3,1610.0,3.0,3.0,85.0,0.0,0.0,1.0,0.0
34.0,417.0,2,1340.0,2.0,2.0,41.0,0.0,0.0,0.0,1.0
80.0,400.0,3,2275.0,4.0,2.0,182.0,0.0,0.0,0.0,1.0
80.0,415.0,2,1162.0,2.0,1.0,58.0,0.0,0.0,0.0,1.0
80.0,686.0,2,1500.0,2.0,0.0,145.0,1.0,0.0,0.0,0.0
80.0,561.0,4,3150.0,3.0,1.0,135.0,0.0,0.0,0.0,1.0
80.0,555.0,2,1170.0,2.0,2.0,65.0,0.0,0.0,0.0,1.0
36.0,520.0,2,980.0,2.0,1.0,25.0,0.0,0.0,0.0,1.0
80.0,505.0,3,1800.0,3.0,2.0,60.0,1.0,0.0,0.0,0.0
80.0,234.0,3,1423.0,2.0,1.0,71.73,1.0,0.0,0.0,0.0
80.0,520.0,2,1106.0,2.0,3.0,40.0,0.0,0.0,0.0,1.0
54.0,186.0,2,1105.0,2.0,2.0,27.6,0.0,0.0,0.0,1.0
80.0,1263.0,4,7500.0,6.0,2.0,1800.0,0.0,0.0,0.0,1.0
80.0,772.0,2,1255.0,2.0,1.0,56.7,0.0,0.0,0.0,1.0
80.0,473.0,3,1525.0,2.0,2.0,65.0,1.0,0.0,0.0,0.0
31.0,1169.0,2,1061.0,2.0,1.0,38.95,0.0,0.0,0.0,1.0
80.0,516.0,2,600.0,2.0,2.0,29.5,1.0,0.0,0.0,0.0
80.0,910.0,3,1400.0,2.0,2.0,40.45,0.0,0.0,0.0,1.0
80.0,838.0,3,2100.0,3.0,2.0,145.0,1.0,0.0,0.0,0.0
80.0,547.0,2,660.0,1.0,1.0,16.5,0.0,0.0,0.0,1.0
34.0,119.0,2,633.0,1.0,1.0,18.0,0.0,0.0,0.0,1.0
80.0,639.0,2,1260.0,2.0,3.0,120.0,0.0,0.0,0.0,1.0
80.0,520.0,2,907.0,2.0,0.0,55.43,0.0,0.0,0.0,1.0
80.0,1256.0,3,2047.0,3.0,2.0,67.55,1.0,0.0,0.0,0.0
80.0,90.0,4,2597.0,4.0,3.0,189.0,0.0,0.0,0.0,1.0
80.0,1035.0,2,1211.0,2.0,1.0,63.0,0.0,0.0,0.0,1.0
80.0,1034.0,3,1904.0,3.0,2.0,129.0,0.0,0.0,0.0,1.0
80.0,1263.0,2,1205.0,2.0,1.0,73.87,0.0,0.0,0.0,1.0
80.0,327.0,2,1164.0,2.0,2.0,64.08,0.0,0.0,1.0,0.0
23.0,1089.0,2,1410.0,2.0,2.0,73.0,0.0,0.0,0.0,1.0
80.0,1150.0,2,1150.0,2.0,1.0,42.0,0.0,0.0,0.0,1.0
80.0,507.0,2,1170.0,2.0,2.0,53.11,0.0,0.0,0.0,1.0
80.0,540.0,2,1420.0,2.0,1.0,62.0,0.0,0.0,0.0,1.0
31.0,72.0,2,1125.0,2.0,2.0,45.0,0.0,1.0,0.0,0.0
80.0,507.0,3,1789.0,3.0,3.0,75.0,0.0,0.0,0.0,1.0
80.0,270.0,2,1021.0,2.0,1.0,76.0,1.0,0.0,0.0,0.0
80.0,960.0,2,1074.0,2.0,2.0,26.85,0.0,0.0,0.0,1.0
80.0,400.0,2,1222.0,2.0,3.0,48.0,0.0,0.0,0.0,1.0
80.0,1144.0,3,1981.0,3.0,1.0,134.0,1.0,0.0,0.0,0.0
80.0,743.0,2,1103.0,2.0,2.0,55.0,0.0,0.0,0.0,1.0
80.0,552.0,2,1201.0,2.0,1.0,65.0,0.0,0.0,0.0,1.0
37.0,302.0,2,970.0,2.0,1.0,36.0,0.0,0.0,0.0,1.0
80.0,946.0,2,920.0,2.0,2.0,33.0,0.0,0.0,1.0,0.0
80.0,415.0,3,1520.0,3.0,3.0,85.0,1.0,0.0,0.0,0.0
80.0,1248.0,3,675.0,3.0,2.0,75.0,0.0,0.0,1.0,0.0
80.0,182.0,3,1268.0,2.0,1.0,75.0,0.0,0.0,1.0,0.0
31.0,983.0,1,660.0,1.0,0.0,30.0,0.0,0.0,0.0,1.0
80.0,1263.0,3,1755.0,3.0,2.0,115.0,0.0,0.0,0.0,1.0
45.0,1035.0,2,945.0,2.0,1.0,35.0,0.0,0.0,0.0,1.0
31.0,417.0,1,500.0,1.0,1.0,33.0,1.0,0.0,0.0,0.0
80.0,41.0,4,2820.0,4.0,0.0,153.5,0.0,0.0,1.0,0.0
80.0,656.0,4,1632.0,3.0,0.0,140.0,0.0,0.0,0.0,1.0
31.0,972.0,2,1167.0,2.0,2.0,37.5,0.0,0.0,0.0,1.0
80.0,1035.0,2,1276.0,2.0,2.0,80.0,0.0,0.0,0.0,1.0
80.0,441.0,2,1234.0,2.0,2.0,51.0,0.0,0.0,0.0,1.0
80.0,1034.0,2,1180.0,2.0,1.0,75.0,1.0,0.0,0.0,0.0
80.0,662.0,3,1370.0,2.0,2.0,87.0,0.0,0.0,0.0,1.0
80.0,975.0,2,1015.0,2.0,2.0,25.88,0.0,0.0,0.0,1.0
80.0,355.0,9,1200.0,9.0,3.0,230.0,0.0,0.0,0.0,1.0
80.0,153.0,3,1400.0,3.0,1.0,90.0,1.0,0.0,0.0,0.0
80.0,269.0,5,1500.0,6.0,3.0,155.0,1.0,0.0,0.0,0.0
43.0,986.0,2,1050.0,2.0,0.0,40.0,0.0,0.0,0.0,1.0
75.0,528.0,2,1251.0,2.0,1.0,46.0,0.0,0.0,0.0,1.0
80.0,851.0,3,1677.0,3.0,1.0,92.13,0.0,0.0,0.0,1.0
80.0,511.0,2,1346.0,2.0,1.0,67.38,1.0,0.0,0.0,0.0
80.0,770.0,2,1090.0,2.0,1.0,31.48,0.0,0.0,1.0,0.0
46.0,124.0,5,1200.0,4.0,3.0,240.0,0.0,0.0,1.0,0.0
80.0,845.0,3,1290.0,2.0,3.0,51.1,0.0,0.0,1.0,0.0
80.0,1281.0,5,7514.0,7.0,1.0,1500.0,0.0,0.0,1.0,0.0
80.0,1194.0,3,1881.0,3.0,2.0,145.0,0.0,0.0,0.0,1.0
80.0,290.0,2,1150.0,2.0,2.0,52.0,0.0,0.0,0.0,1.0
80.0,116.0,3,2690.0,3.0,2.0,295.0,0.0,0.0,0.0,1.0
63.0,1137.0,3,1200.0,2.0,2.0,42.0,0.0,0.0,0.0,1.0
80.0,1074.0,2,933.445408,2.0,2.0,40.0,1.0,0.0,0.0,0.0
80.0,1060.0,3,2735.0,4.0,2.0,340.0,0.0,0.0,0.0,1.0
80.0,784.0,2,950.0,2.0,0.0,65.0,1.0,0.0,0.0,0.0
34.0,228.0,3,1491.0,3.0,3.0,40.5,0.0,0.0,0.0,1.0
80.0,944.0,2,1050.0,2.0,1.0,51.66,0.0,0.0,1.0,0.0
80.0,415.0,3,1660.0,3.0,2.0,131.0,1.0,0.0,0.0,0.0
80.0,1149.0,2,1134.0,2.0,2.0,55.0,0.0,0.0,0.0,1.0
80.0,632.0,2,1100.0,2.0,1.0,60.0,0.0,0.0,1.0,0.0
80.0,1035.0,4,800.0,4.0,1.0,60.0,1.0,0.0,0.0,0.0
43.0,533.0,2,1200.0,2.0,1.0,36.1,0.0,0.0,0.0,1.0
80.0,1248.0,4,1200.0,4.0,3.0,240.0,0.0,0.0,0.0,1.0
80.0,402.0,3,980.0,3.0,1.0,80.0,0.0,0.0,0.0,1.0
80.0,1238.0,2,1080.0,2.0,1.0,37.8,0.0,0.0,0.0,1.0
80.0,751.0,1,705.0,2.0,1.0,50.0,0.0,0.0,0.0,1.0
26.0,797.0,3,1200.0,2.0,2.0,35.0,0.0,0.0,0.0,1.0
63.0,662.0,2,1200.0,2.0,1.0,50.0,0.0,0.0,0.0,1.0
80.0,26.0,3,1804.0,3.0,2.0,127.0,0.0,0.0,1.0,0.0
80.0,70.0,2,750.0,2.0,0.0,20.0,0.0,0.0,0.0,1.0
80.0,1258.0,2,420.0,1.0,1.0,25.0,0.0,0.0,0.0,1.0
32.0,119.0,4,2800.0,4.0,2.0,252.0,0.0,0.0,0.0,1.0
80.0,855.0,2,1090.0,2.0,2.0,38.37,0.0,0.0,0.0,1.0
80.0,720.0,2,1500.0,2.0,0.0,230.0,0.0,0.0,0.0,1.0
80.0,1258.0,3,1287.0,3.0,1.0,55.0,0.0,0.0,1.0,0.0
80.0,420.0,3,2215.0,4.0,2.0,157.0,1.0,0.0,0.0,0.0
80.0,513.0,4,2800.0,4.0,1.0,375.0,0.0,0.0,0.0,1.0
80.0,829.0,2,1045.0,2.0,2.0,42.15,0.0,0.0,0.0,1.0
34.0,29.0,2,1263.0,2.0,1.0,47.36,0.0,0.0,0.0,1.0
80.0,1035.0,3,1431.0,3.0,2.0,85.0,0.0,0.0,1.0,0.0
80.0,188.0,2,999.0,2.0,2.0,32.9,1.0,0.0,0.0,0.0
80.0,356.0,3,1650.0,3.0,2.0,85.5,0.0,0.0,0.0,1.0
80.0,221.0,3,1535.0,3.0,1.0,72.0,0.0,0.0,0.0,1.0
80.0,537.0,4,2524.0,5.0,2.0,180.0,1.0,0.0,0.0,0.0
33.0,214.0,3,1300.0,3.0,2.0,69.0,1.0,0.0,0.0,0.0
52.0,662.0,3,600.0,3.0,2.0,125.0,0.0,1.0,0.0,0.0
80.0,133.0,3,2095.0,3.0,2.0,150.0,1.0,0.0,0.0,0.0
80.0,259.0,1,284.0,1.0,1.0,8.0,0.0,0.0,1.0,0.0
80.0,74.0,1,500.0,1.0,1.0,14.0,0.0,0.0,1.0,0.0
80.0,112.0,2,1265.0,2.0,2.0,68.0,1.0,0.0,0.0,0.0
80.0,668.0,2,1215.0,2.0,1.0,44.96,0.0,0.0,0.0,1.0
80.0,632.0,2,2200.0,2.0,0.0,180.0,0.0,0.0,0.0,1.0
80.0,75.0,2,1028.0,2.0,1.0,51.0,1.0,0.0,0.0,0.0
80.0,1134.0,3,1835.0,2.0,1.0,92.0,0.0,0.0,1.0,0.0
50.0,1063.0,3,1800.0,3.0,3.0,65.0,0.0,0.0,0.0,1.0
80.0,108.0,3,2077.0,3.0,3.0,175.0,0.0,0.0,0.0,1.0
80.0,587.0,4,2880.0,3.0,2.0,211.0,0.0,0.0,1.0,0.0
80.0,1035.0,6,499.0,5.0,0.0,89.0,1.0,0.0,0.0,0.0
80.0,29.0,2,708.0,2.0,1.0,31.15,0.0,0.0,0.0,1.0
37.0,250.0,2,1200.0,2.0,3.0,120.0,0.0,0.0,0.0,1.0
80.0,504.0,2,925.0,2.0,1.0,46.25,0.0,0.0,0.0,1.0
80.0,96.0,3,2826.0,3.0,1.0,148.0,0.0,0.0,0.0,1.0
27.0,65.0,1,458.0,1.0,0.0,33.66,0.0,0.0,0.0,1.0
40.0,1248.0,4,3500.0,4.0,0.0,150.0,0.0,0.0,0.0,1.0
80.0,492.0,4,5400.0,4.0,1.0,250.0,1.0,0.0,0.0,0.0
80.0,1155.0,4,1000.0,5.0,2.0,200.0,0.0,0.0,0.0,1.0
47.0,1035.0,3,1450.0,2.0,1.0,90.0,0.0,0.0,0.0,1.0
59.0,960.0,2,1100.0,2.0,1.0,65.0,0.0,0.0,0.0,1.0
32.0,1248.0,2,1185.0,2.0,3.0,55.0,1.0,0.0,0.0,0.0
80.0,282.0,4,1900.0,4.0,2.0,80.0,0.0,0.0,0.0,1.0
80.0,58.0,2,1200.0,2.0,1.0,70.0,1.0,0.0,0.0,0.0
80.0,230.0,1,660.0,1.0,1.0,35.0,0.0,0.0,0.0,1.0
80.0,968.0,3,1920.0,4.0,2.0,121.0,0.0,0.0,0.0,1.0
40.0,363.0,2,1200.0,2.0,0.0,130.0,0.0,0.0,0.0,1.0
80.0,415.0,4,3418.0,2.0,1.0,222.0,0.0,0.0,1.0,0.0
26.0,358.0,4,4550.0,2.0,1.0,240.0,0.0,0.0,0.0,1.0
80.0,415.0,2,1205.0,2.0,1.0,68.32,0.0,0.0,0.0,1.0
80.0,381.0,2,1200.0,2.0,2.0,46.0,0.0,0.0,0.0,1.0
80.0,415.0,3,1421.0,2.0,2.0,73.0,1.0,0.0,0.0,0.0
27.0,417.0,3,1250.0,3.0,3.0,48.9,1.0,0.0,0.0,0.0
80.0,6.0,1,524.0,1.0,1.0,29.0,1.0,0.0,0.0,0.0
80.0,743.0,5,4200.0,5.0,1.0,245.0,0.0,0.0,0.0,1.0
80.0,232.0,3,1540.0,3.0,1.0,90.0,0.0,0.0,0.0,1.0
80.0,1248.0,2,984.0,2.0,1.0,45.91,0.0,0.0,0.0,1.0
27.0,1248.0,2,985.0,2.0,1.0,50.17,1.0,0.0,0.0,0.0
80.0,909.0,4,2830.0,4.0,3.0,161.0,0.0,0.0,0.0,1.0
80.0,5.0,2,1140.0,2.0,3.0,60.0,0.0,0.0,0.0,1.0
80.0,464.0,5,3600.0,5.0,3.0,130.0,0.0,0.0,0.0,1.0
80.0,1111.0,3,1410.0,2.0,3.0,44.42,0.0,0.0,0.0,1.0
80.0,652.0,3,1700.0,2.0,2.0,86.0,0.0,0.0,0.0,1.0
80.0,356.0,2,1360.0,2.0,0.0,62.425,0.0,0.0,0.0,1.0
80.0,415.0,4,1800.0,3.0,2.0,700.0,0.0,0.0,0.0,1.0
63.0,214.0,2,1333.0,2.0,1.0,86.65,0.0,0.0,0.0,1.0
80.0,1248.0,2,1258.0,2.0,1.0,85.5,0.0,0.0,0.0,1.0
80.0,948.0,3,1458.0,2.0,2.0,87.0,0.0,0.0,1.0,0.0
80.0,1248.0,2,1386.0,2.0,1.0,85.0,0.0,0.0,0.0,1.0
80.0,152.0,2,1140.0,2.0,1.0,32.92,0.0,0.0,0.0,1.0
80.0,797.0,1,550.0,1.0,1.0,27.0,1.0,0.0,0.0,0.0
80.0,1185.0,2,1200.0,2.0,3.0,83.0,1.0,0.0,0.0,0.0
80.0,502.0,2,1081.0,2.0,1.0,39.0,0.0,0.0,0.0,1.0
52.0,511.0,4,2135.0,3.0,2.0,149.0,0.0,0.0,0.0,1.0
80.0,624.0,4,2500.0,4.0,0.0,100.0,0.0,0.0,0.0,1.0
80.0,203.0,2,1178.0,2.0,1.0,80.0,0.0,0.0,1.0,0.0
80.0,192.0,2,991.0,2.0,2.0,40.0,0.0,0.0,0.0,1.0
80.0,65.0,3,1493.0,2.0,3.0,90.0,0.0,0.0,0.0,1.0
80.0,483.0,3,2495.0,3.0,3.0,130.0,0.0,0.0,0.0,1.0
80.0,1049.0,2,1080.0,2.0,1.0,31.99,1.0,0.0,0.0,0.0
80.0,644.0,2,814.0,2.0,1.0,53.0,1.0,0.0,0.0,0.0
80.0,417.0,2,1025.0,2.0,1.0,50.0,0.0,0.0,0.0,1.0
52.0,892.0,2,1115.0,2.0,1.0,61.0,0.0,0.0,0.0,1.0
28.0,637.0,4,3075.0,2.0,3.0,188.0,0.0,0.0,0.0,1.0
80.0,262.0,7,1900.0,3.0,0.0,162.0,0.0,0.0,0.0,1.0
80.0,1263.0,3,1760.0,3.0,2.0,160.0,0.0,0.0,0.0,1.0
31.0,1248.0,7,4000.0,8.0,1.0,150.0,0.0,0.0,0.0,1.0
80.0,333.0,4,3090.0,4.0,1.0,350.0,0.0,0.0,1.0,0.0
45.0,911.0,4,2700.0,4.0,3.0,295.0,1.0,0.0,0.0,0.0
80.0,677.0,2,1175.0,2.0,2.0,52.86,0.0,0.0,0.0,1.0
80.0,452.0,4,4235.0,5.0,3.0,364.0,0.0,0.0,0.0,1.0
80.0,533.0,2,1100.0,2.0,2.0,45.0,0.0,0.0,0.0,1.0
80.0,276.0,8,1200.0,7.0,1.0,175.0,0.0,0.0,0.0,1.0
80.0,686.0,2,1450.0,2.0,2.0,50.75,0.0,0.0,0.0,1.0
80.0,624.0,3,1810.0,3.0,3.0,131.0,1.0,0.0,0.0,0.0
80.0,1175.0,3,1426.0,2.0,3.0,71.0,0.0,0.0,0.0,1.0
80.0,784.0,3,2400.0,2.0,3.0,195.0,0.0,0.0,0.0,1.0
32.0,892.0,2,1100.0,2.0,1.0,70.0,0.0,0.0,0.0,1.0
80.0,72.0,1,650.0,1.0,1.0,35.0,0.0,0.0,0.0,1.0
80.0,266.0,3,1350.0,3.0,2.0,47.25,0.0,0.0,0.0,1.0
80.0,275.0,2,900.0,2.0,1.0,27.0,1.0,0.0,0.0,0.0
80.0,240.0,2,1360.0,2.0,3.0,110.0,0.0,0.0,1.0,0.0
80.0,1239.0,1,674.0,1.0,1.0,36.85,0.0,0.0,1.0,0.0
80.0,784.0,3,1655.0,3.0,2.0,110.0,0.0,0.0,1.0,0.0
80.0,843.0,2,1300.0,2.0,2.0,95.0,1.0,0.0,0.0,0.0
71.0,662.0,1,936.0,1.0,0.0,53.0,0.0,0.0,0.0,1.0
28.0,304.0,2,1277.0,2.0,2.0,92.0,0.0,0.0,0.0,1.0
80.0,520.0,2,1200.0,2.0,1.0,54.0,0.0,0.0,0.0,1.0
80.0,1033.0,2,1015.0,2.0,1.0,39.08,0.0,0.0,0.0,1.0
80.0,587.0,2,1153.0,2.0,2.0,60.0,0.0,0.0,0.0,1.0
80.0,1218.0,2,1035.0,2.0,1.0,51.5,0.0,0.0,0.0,1.0
79.0,973.0,5,3300.0,3.0,1.0,255.0,0.0,0.0,1.0,0.0
26.0,415.0,2,1150.0,2.0,1.0,46.0,0.0,0.0,0.0,1.0
80.0,533.0,2,1020.0,2.0,1.0,80.0,0.0,0.0,0.0,1.0
80.0,663.0,4,3715.0,6.0,0.0,212.5,0.0,0.0,0.0,1.0
80.0,75.0,2,1160.0,2.0,1.0,95.0,1.0,0.0,0.0,0.0
80.0,624.0,3,1075.0,2.0,1.0,31.0,0.0,0.0,0.0,1.0
80.0,415.0,2,1225.0,2.0,2.0,72.0,0.0,0.0,0.0,1.0
80.0,238.0,4,5000.0,5.0,3.0,950.0,0.0,0.0,1.0,0.0
80.0,401.0,2,1600.0,2.0,1.0,160.0,0.0,0.0,1.0,0.0
80.0,960.0,2,600.0,1.0,0.0,90.0,0.0,0.0,0.0,1.0
80.0,652.0,3,1350.0,3.0,2.0,60.0,1.0,0.0,0.0,0.0
80.0,833.0,3,1300.0,3.0,1.0,69.0,0.0,0.0,1.0,0.0
80.0,1144.0,2,830.0,2.0,1.0,36.28,0.0,0.0,0.0,1.0
80.0,520.0,2,1155.0,2.0,1.0,69.18,1.0,0.0,0.0,0.0
40.0,1248.0,4,3126.0,5.0,3.0,345.0,0.0,0.0,0.0,1.0
80.0,201.0,2,905.0,2.0,2.0,55.0,0.0,0.0,1.0,0.0
28.0,1144.0,3,1375.0,2.0,0.0,75.0,0.0,0.0,0.0,1.0
80.0,914.0,2,1575.0,2.0,1.0,31.11,0.0,0.0,1.0,0.0
80.0,250.0,2,1140.0,2.0,2.0,33.84,0.0,0.0,0.0,1.0
80.0,391.0,3,1550.0,2.0,2.0,60.0,0.0,0.0,0.0,1.0
80.0,627.0,2,957.0,2.0,1.0,55.0,0.0,0.0,0.0,1.0
80.0,532.0,2,890.0,2.0,2.0,45.0,0.0,0.0,0.0,1.0
80.0,300.0,4,3000.0,4.0,2.0,235.0,0.0,0.0,0.0,1.0
80.0,70.0,2,1070.0,2.0,1.0,55.0,0.0,0.0,0.0,1.0
80.0,1248.0,5,2400.0,5.0,1.0,150.0,0.0,0.0,0.0,1.0
80.0,587.0,4,2400.0,4.0,2.0,595.0,1.0,0.0,0.0,0.0
80.0,1134.0,2,925.0,2.0,1.0,37.0,0.0,0.0,1.0,0.0
80.0,70.0,2,1415.0,2.0,2.0,60.0,0.0,0.0,1.0,0.0
80.0,234.0,1,500.0,2.0,0.0,80.0,0.0,0.0,0.0,1.0
63.0,662.0,2,1225.0,2.0,1.0,37.0,0.0,0.0,0.0,1.0
80.0,1059.0,4,2000.0,4.0,0.0,90.0,0.0,0.0,0.0,1.0
80.0,972.0,1,840.0,1.0,1.0,57.0,0.0,0.0,0.0,1.0
80.0,1089.0,9,1560.0,9.0,1.0,200.0,0.0,0.0,0.0,1.0
40.0,70.0,3,1732.0,3.0,1.0,112.0,0.0,0.0,0.0,1.0
80.0,648.0,1,1200.0,1.0,0.0,45.0,0.0,0.0,0.0,1.0
80.0,1257.0,2,1260.0,2.0,1.0,69.9,0.0,0.0,0.0,1.0
80.0,1034.0,2,1092.0,2.0,1.0,49.0,0.0,0.0,0.0,1.0
40.0,228.0,2,827.0,2.0,0.0,34.0,0.0,0.0,0.0,1.0
80.0,492.0,2,1357.0,2.0,2.0,54.0,0.0,0.0,0.0,1.0
80.0,1144.0,2,650.0,1.0,1.0,40.0,0.0,0.0,0.0,1.0
80.0,838.0,3,1370.0,2.0,1.0,54.79,0.0,0.0,1.0,0.0
80.0,417.0,3,1725.0,3.0,2.0,106.0,1.0,0.0,0.0,0.0
80.0,1248.0,2,1000.0,2.0,0.0,70.0,0.0,0.0,0.0,1.0
80.0,213.0,1,1350.0,1.0,0.0,55.0,0.0,0.0,0.0,1.0
80.0,224.0,4,3200.0,4.0,2.0,350.0,0.0,0.0,0.0,1.0
80.0,972.0,3,1717.0,3.0,2.0,110.0,0.0,0.0,0.0,1.0
80.0,234.0,2,700.0,2.0,1.0,34.0,0.0,0.0,0.0,1.0
50.0,1240.0,2,800.0,2.0,1.0,32.0,0.0,0.0,0.0,1.0
26.0,363.0,3,2367.0,4.0,3.0,340.0,0.0,0.0,0.0,1.0
28.0,250.0,3,1415.0,2.0,1.0,65.0,0.0,1.0,0.0,0.0
80.0,451.0,3,1976.0,3.0,1.0,145.0,0.0,0.0,1.0,0.0
80.0,624.0,2,883.0,2.0,1.0,37.01,1.0,0.0,0.0,0.0
80.0,1248.0,1,700.0,1.0,1.0,38.0,0.0,0.0,1.0,0.0
80.0,693.0,3,1445.0,3.0,1.0,50.0,0.0,0.0,0.0,1.0
80.0,230.0,3,2082.0,3.0,2.0,104.0,0.0,0.0,0.0,1.0
80.0,1258.0,2,1140.0,2.0,2.0,46.0,1.0,0.0,0.0,0.0
80.0,200.0,2,933.0,2.0,1.0,66.0,1.0,0.0,0.0,0.0
80.0,1026.0,4,800.0,5.0,1.0,95.5,1.0,0.0,0.0,0.0
80.0,483.0,2,1155.0,2.0,1.0,57.0,0.0,0.0,0.0,1.0
80.0,528.0,2,1130.0,2.0,1.0,36.0,0.0,0.0,0.0,1.0
80.0,1134.0,2,1200.0,2.0,2.0,73.2,0.0,0.0,1.0,0.0
29.0,415.0,2,1055.0,2.0,1.0,43.0,0.0,0.0,1.0,0.0
80.0,1087.0,3,1555.0,3.0,2.0,125.0,1.0,0.0,0.0,0.0
80.0,234.0,3,1420.0,3.0,2.0,62.0,0.0,0.0,0.0,1.0
80.0,536.0,3,2214.0,3.0,2.0,350.0,0.0,0.0,1.0,0.0
80.0,417.0,1,658.0,1.0,1.0,26.91,0.0,0.0,0.0,1.0
80.0,1056.0,2,896.9,2.0,1.0,78.74,0.0,0.0,0.0,1.0
68.0,662.0,4,4000.0,3.0,2.0,750.0,0.0,0.0,0.0,1.0
80.0,1034.0,2,1035.0,2.0,2.0,40.0,0.0,0.0,0.0,1.0
27.0,281.0,4,2064.0,5.0,2.0,225.0,0.0,0.0,0.0,1.0
80.0,1035.0,3,1839.0,3.0,3.0,160.0,1.0,0.0,0.0,0.0
80.0,376.0,2,1200.0,2.0,2.0,44.0,0.0,0.0,1.0,0.0
26.0,135.0,1,488.0,1.0,1.0,20.0,0.0,0.0,0.0,1.0
80.0,1248.0,3,1200.0,2.0,1.0,198.0,0.0,0.0,1.0,0.0
80.0,1258.0,5,2760.0,5.0,1.0,140.0,0.0,0.0,0.0,1.0
80.0,923.0,2,993.0,2.0,2.0,42.0,0.0,0.0,0.0,1.0
80.0,1175.0,2,1225.0,2.0,1.0,45.0,0.0,0.0,0.0,1.0
80.0,711.0,2,900.0,2.0,0.0,55.0,0.0,0.0,0.0,1.0
80.0,1172.0,9,1200.0,13.0,1.0,150.0,0.0,0.0,0.0,1.0
80.0,1171.0,2,825.0,2.0,1.0,32.0,0.0,0.0,0.0,1.0
26.0,192.0,4,3596.0,4.0,2.0,359.0,0.0,0.0,0.0,1.0
80.0,937.0,6,1350.0,4.0,1.0,203.0,0.0,0.0,0.0,1.0
80.0,904.0,3,1800.0,3.0,3.0,92.0,0.0,0.0,0.0,1.0
80.0,203.0,2,925.0,2.0,1.0,100.0,0.0,0.0,1.0,0.0
80.0,986.0,2,1167.0,2.0,1.0,63.0,0.0,0.0,1.0,0.0
80.0,662.0,2,1150.0,2.0,1.0,41.0,0.0,0.0,0.0,1.0
80.0,703.0,1,650.0,1.0,1.0,50.0,0.0,0.0,0.0,1.0
80.0,531.0,1,675.0,1.0,1.0,27.0,1.0,0.0,0.0,0.0
80.0,213.0,2,2260.0,3.0,1.0,90.0,0.0,0.0,0.0,1.0
28.0,663.0,1,720.0,1.0,0.0,32.39,0.0,0.0,0.0,1.0
80.0,711.0,3,4800.0,4.0,2.0,600.0,1.0,0.0,0.0,0.0
80.0,573.0,2,1100.0,2.0,1.0,58.0,0.0,1.0,0.0,0.0
33.0,1035.0,2,550.0,1.0,1.0,20.0,0.0,0.0,0.0,1.0
26.0,415.0,3,1330.0,2.0,1.0,58.0,0.0,0.0,0.0,1.0
80.0,303.0,2,1320.0,2.0,1.0,160.0,0.0,0.0,0.0,1.0
40.0,656.0,3,1685.0,4.0,2.0,185.0,0.0,0.0,0.0,1.0
80.0,276.0,6,2400.0,5.0,2.0,75.0,0.0,0.0,0.0,1.0
80.0,250.0,3,1770.0,3.0,3.0,108.0,0.0,0.0,0.0,1.0
80.0,662.0,3,2100.0,3.0,3.0,125.0,0.0,0.0,0.0,1.0
80.0,221.0,2,1000.0,2.0,3.0,42.0,0.0,0.0,0.0,1.0
80.0,267.0,4,600.0,5.0,1.0,105.0,1.0,0.0,0.0,0.0
26.0,1035.0,4,2916.0,5.0,1.0,230.0,0.0,0.0,0.0,1.0
80.0,972.0,3,1419.59,2.0,1.0,65.0,0.0,0.0,0.0,1.0
80.0,275.0,3,1400.0,3.0,1.0,81.0,1.0,0.0,0.0,0.0
32.0,573.0,2,750.0,2.0,1.0,37.49,0.0,0.0,0.0,1.0
28.0,1248.0,2,1070.0,2.0,1.0,87.0,1.0,0.0,0.0,0.0
80.0,511.0,3,1536.0,3.0,1.0,107.0,0.0,0.0,0.0,1.0
80.0,1257.0,3,1710.0,3.0,2.0,210.0,0.0,0.0,0.0,1.0
80.0,223.0,3,2400.0,3.0,3.0,196.0,1.0,0.0,0.0,0.0
80.0,1257.0,3,1773.5,2.0,1.0,102.92,1.0,0.0,0.0,0.0
80.0,547.0,2,1342.0,2.0,1.0,72.0,0.0,0.0,0.0,1.0
80.0,4.0,3,1600.0,3.0,2.0,130.0,0.0,0.0,0.0,1.0
80.0,377.0,1,938.0,1.0,1.0,50.0,0.0,0.0,0.0,1.0
80.0,415.0,3,1820.0,3.0,2.0,99.0,1.0,0.0,0.0,0.0
80.0,714.0,4,2439.0,4.0,3.0,170.0,0.0,0.0,0.0,1.0
80.0,1035.0,3,1665.0,3.0,2.0,78.0,0.0,0.0,1.0,0.0
80.0,892.0,3,1850.0,3.0,2.0,150.0,0.0,0.0,0.0,1.0
80.0,797.0,2,1091.0,2.0,1.0,40.0,0.0,0.0,0.0,1.0
80.0,1248.0,2,1346.0,2.0,1.0,74.03,0.0,0.0,0.0,1.0
80.0,391.0,3,1720.0,3.0,2.0,224.0,0.0,0.0,0.0,1.0
80.0,206.0,4,3675.0,4.0,3.0,176.0,0.0,0.0,1.0,0.0
80.0,415.0,2,1060.0,2.0,2.0,33.95,0.0,0.0,0.0,1.0
80.0,1035.0,2,1059.0,2.0,1.0,57.0,0.0,0.0,0.0,1.0
34.0,324.0,2,1299.0,2.0,1.0,97.0,0.0,0.0,0.0,1.0
80.0,84.0,3,1491.0,3.0,2.0,85.0,1.0,0.0,0.0,0.0
80.0,507.0,2,1200.0,2.0,2.0,85.0,1.0,0.0,0.0,0.0
80.0,511.0,4,2088.0,5.0,0.0,110.0,1.0,0.0,0.0,0.0
80.0,1248.0,1,581.0,1.0,1.0,29.0,0.0,0.0,0.0,1.0
80.0,250.0,2,1296.0,2.0,2.0,70.0,0.0,0.0,0.0,1.0
26.0,77.0,2,1125.0,2.0,1.0,55.0,0.0,0.0,1.0,0.0
80.0,1114.0,3,1275.0,3.0,1.0,70.0,0.0,0.0,0.0,1.0
80.0,1248.0,2,1095.0,2.0,2.0,55.0,1.0,0.0,0.0,0.0
26.0,1164.0,5,10000.0,4.0,2.0,975.0,0.0,0.0,0.0,1.0
40.0,573.0,2,1330.0,2.0,2.0,74.0,0.0,0.0,0.0,1.0
80.0,106.0,2,1135.0,2.0,2.0,60.0,0.0,0.0,0.0,1.0
80.0,1263.0,1,516.0,1.0,1.0,39.0,0.0,0.0,0.0,1.0
80.0,199.0,2,1194.0,2.0,1.0,51.0,1.0,0.0,0.0,0.0
28.0,415.0,5,2250.0,5.0,1.0,240.0,1.0,0.0,0.0,0.0
80.0,547.0,2,770.0,1.0,1.0,38.0,0.0,0.0,0.0,1.0
80.0,1149.0,4,3930.0,5.0,2.0,330.0,0.0,0.0,0.0,1.0
80.0,990.0,3,1355.0,3.0,2.0,54.2,1.0,0.0,0.0,0.0
80.0,587.0,8,3000.0,8.0,0.0,150.0,0.0,0.0,0.0,1.0
80.0,624.0,4,2569.0,4.0,1.0,175.0,0.0,0.0,0.0,1.0
28.0,1248.0,4,3758.0,4.0,2.0,450.0,0.0,0.0,0.0,1.0
80.0,797.0,2,1116.0,2.0,3.0,51.91,0.0,0.0,0.0,1.0
80.0,281.0,3,1707.0,3.0,2.0,115.0,0.0,0.0,0.0,1.0
80.0,531.0,5,1200.0,5.0,1.0,225.0,0.0,0.0,0.0,1.0
34.0,1144.0,2,1070.0,2.0,2.0,49.0,0.0,0.0,0.0,1.0
80.0,542.0,4,6000.0,4.0,1.0,410.0,0.0,0.0,0.0,1.0
80.0,986.0,3,1240.0,2.0,1.0,83.0,1.0,0.0,0.0,0.0
34.0,415.0,2,1300.0,2.0,1.0,91.65,0.0,0.0,0.0,1.0
80.0,531.0,2,1700.0,2.0,2.0,76.0,1.0,0.0,0.0,0.0
80.0,829.0,3,1383.0,2.0,2.0,76.18,0.0,0.0,1.0,0.0
80.0,1232.0,5,3000.0,4.0,3.0,170.0,0.0,0.0,0.0,1.0
80.0,533.0,2,1200.0,2.0,1.0,34.65,0.0,0.0,1.0,0.0
80.0,415.0,2,935.0,2.0,3.0,45.0,0.0,0.0,0.0,1.0
80.0,714.0,3,2072.0,4.0,2.0,151.0,0.0,0.0,0.0,1.0
80.0,41.0,4,2200.0,3.0,1.0,225.0,0.0,1.0,0.0,0.0
33.0,533.0,1,615.0,1.0,1.0,46.0,0.0,0.0,1.0,0.0
80.0,78.0,2,1116.0,2.0,1.0,45.0,0.0,0.0,0.0,1.0
26.0,43.0,3,1639.0,3.0,2.0,107.0,1.0,0.0,0.0,0.0
80.0,714.0,3,1839.0,3.0,2.0,130.0,0.0,0.0,0.0,1.0
80.0,221.0,2,1300.0,2.0,2.0,63.0,0.0,1.0,0.0,0.0
80.0,415.0,1,625.0,1.0,1.0,27.0,0.0,0.0,0.0,1.0
80.0,342.0,1,933.0,1.0,1.0,61.0,1.0,0.0,0.0,0.0
80.0,35.0,3,2289.0,3.0,3.0,180.0,0.0,0.0,1.0,0.0
52.0,1248.0,3,2316.0,3.0,0.0,125.0,1.0,0.0,0.0,0.0
80.0,217.0,2,1005.0,2.0,1.0,39.77,0.0,0.0,0.0,1.0
80.0,128.0,2,1080.0,2.0,1.0,38.0,0.0,0.0,1.0,0.0
80.0,668.0,7,1200.0,5.0,3.0,185.0,0.0,0.0,0.0,1.0
34.0,531.0,2,910.0,2.0,3.0,36.0,0.0,0.0,0.0,1.0
80.0,1175.0,2,1200.0,2.0,0.0,73.0,0.0,0.0,0.0,1.0
80.0,426.0,2,1110.0,2.0,1.0,39.9,1.0,0.0,0.0,0.0
32.0,888.0,2,1142.0,2.0,2.0,56.0,1.0,0.0,0.0,0.0
31.0,534.0,5,4000.0,4.0,3.0,240.0,0.0,0.0,0.0,1.0
80.0,524.0,3,1800.0,3.0,1.0,204.0,0.0,0.0,1.0,0.0
80.0,52.0,2,1005.0,2.0,1.0,55.0,0.0,0.0,1.0,0.0
80.0,714.0,3,1626.6,3.0,1.0,133.0,0.0,0.0,0.0,1.0
20.0,415.0,2,1074.0,2.0,2.0,54.0,0.0,0.0,0.0,1.0
80.0,668.0,2,1230.0,2.0,0.0,80.0,0.0,0.0,0.0,1.0
80.0,29.0,2,660.0,1.0,1.0,23.0,0.0,0.0,0.0,1.0
80.0,221.0,2,1007.0,2.0,2.0,48.0,0.0,0.0,0.0,1.0
80.0,1175.0,4,1050.0,6.0,1.0,74.0,0.0,0.0,0.0,1.0
80.0,968.0,3,1820.0,3.0,2.0,113.0,0.0,0.0,0.0,1.0
32.0,75.0,2,1100.0,2.0,1.0,60.0,0.0,0.0,0.0,1.0
80.0,604.0,2,1348.0,2.0,0.0,100.0,0.0,0.0,0.0,1.0
80.0,545.0,2,1230.0,2.0,2.0,66.25,1.0,0.0,0.0,0.0
80.0,662.0,3,1176.0,2.0,1.0,37.62,0.0,0.0,0.0,1.0
80.0,1149.0,3,1590.0,3.0,2.0,57.0,0.0,0.0,0.0,1.0
80.0,504.0,2,1200.0,2.0,1.0,78.0,0.0,0.0,0.0,1.0
80.0,968.0,2,1298.0,2.0,1.0,65.0,0.0,0.0,0.0,1.0
80.0,266.0,2,1161.0,2.0,1.0,55.15,0.0,0.0,0.0,1.0
80.0,70.0,4,1350.0,4.0,0.0,175.0,0.0,0.0,0.0,1.0
80.0,415.0,5,1200.0,5.0,2.0,138.0,1.0,0.0,0.0,0.0
80.0,823.0,2,1285.0,2.0,1.0,60.0,0.0,0.0,0.0,1.0
80.0,633.0,3,1644.0,3.0,2.0,92.59,0.0,0.0,0.0,1.0
80.0,417.0,3,1819.0,3.0,1.0,150.0,1.0,0.0,0.0,0.0
80.0,1248.0,2,1205.0,2.0,1.0,85.0,1.0,0.0,0.0,0.0
80.0,813.0,3,2350.0,3.0,3.0,300.0,0.0,0.0,0.0,1.0
80.0,108.0,2,1050.0,2.0,1.0,42.0,0.0,0.0,1.0,0.0
80.0,633.0,2,1270.0,2.0,2.0,62.0,0.0,0.0,0.0,1.0
80.0,610.0,3,1240.0,2.0,2.0,39.89,0.0,0.0,1.0,0.0
80.0,218.0,3,1221.0,3.0,3.0,70.0,0.0,0.0,0.0,1.0
80.0,154.0,3,840.0,2.0,2.0,35.0,0.0,0.0,0.0,1.0
80.0,65.0,2,1339.0,2.0,2.0,63.0,1.0,0.0,0.0,0.0
80.0,476.0,4,4303.0,5.0,1.0,300.0,0.0,0.0,0.0,1.0
34.0,417.0,2,1315.0,2.0,1.0,85.0,1.0,0.0,0.0,0.0
28.0,520.0,2,1250.0,2.0,2.0,68.0,0.0,0.0,0.0,1.0
36.0,308.0,2,850.0,2.0,1.0,27.0,0.0,0.0,0.0,1.0
80.0,714.0,3,1600.0,2.0,2.0,110.0,0.0,0.0,0.0,1.0
80.0,1134.0,2,1250.0,2.0,1.0,62.0,0.0,0.0,1.0,0.0
80.0,968.0,3,1312.0,2.0,1.0,56.5,0.0,0.0,0.0,1.0
80.0,935.0,4,3000.0,4.0,0.0,134.0,0.0,0.0,1.0,0.0
80.0,1144.0,2,1300.0,2.0,2.0,28.0,0.0,0.0,0.0,1.0
80.0,266.0,3,1990.0,3.0,3.0,98.0,0.0,0.0,0.0,1.0
80.0,668.0,2,760.0,2.0,2.0,38.5,1.0,0.0,0.0,0.0
80.0,1164.0,4,5000.0,4.0,2.0,536.0,0.0,0.0,0.0,1.0
27.0,520.0,3,1614.0,2.0,2.0,59.0,0.0,0.0,0.0,1.0
80.0,773.0,4,1500.0,3.0,2.0,162.0,0.0,0.0,1.0,0.0
80.0,818.0,3,1182.0,2.0,1.0,60.1,0.0,0.0,1.0,0.0
60.0,662.0,2,1053.0,2.0,1.0,46.29,0.0,0.0,0.0,1.0
38.0,1257.0,1,750.0,1.0,1.0,105.0,0.0,0.0,0.0,1.0
80.0,636.0,3,2000.0,3.0,3.0,125.0,0.0,0.0,0.0,1.0
80.0,324.0,3,1940.0,4.0,3.0,116.0,1.0,0.0,0.0,0.0
80.0,676.0,3,1590.0,3.0,2.0,105.0,0.0,0.0,0.0,1.0
80.0,108.0,2,1035.0,2.0,2.0,52.79,0.0,0.0,0.0,1.0
80.0,391.0,2,1075.0,2.0,2.0,53.0,0.0,0.0,0.0,1.0
80.0,865.0,2,900.0,2.0,0.0,55.0,0.0,0.0,0.0,1.0
80.0,1186.0,3,1260.0,2.0,1.0,62.0,0.0,0.0,0.0,1.0
80.0,945.0,6,1200.0,5.0,0.0,260.0,0.0,0.0,0.0,1.0
42.0,303.0,3,1702.0,3.0,2.0,107.0,0.0,0.0,0.0,1.0
80.0,302.0,3,1080.0,2.0,2.0,65.0,0.0,0.0,0.0,1.0
80.0,910.0,2,1189.0,2.0,1.0,45.0,0.0,0.0,0.0,1.0
80.0,720.0,2,1035.0,2.0,1.0,39.0,1.0,0.0,0.0,0.0
80.0,1111.0,2,1200.0,2.0,1.0,36.0,0.0,0.0,0.0,1.0
80.0,729.0,8,4482.0,6.0,2.0,852.0,1.0,0.0,0.0,0.0
56.0,276.0,3,1200.0,3.0,0.0,200.0,0.0,0.0,0.0,1.0
80.0,742.0,3,1300.0,3.0,1.0,69.0,0.0,0.0,0.0,1.0
26.0,415.0,2,1330.0,2.0,1.0,93.65,0.0,0.0,0.0,1.0
80.0,482.0,3,1210.0,2.0,1.0,65.0,0.0,0.0,0.0,1.0
80.0,1263.0,3,1350.0,2.0,2.0,54.2,0.0,0.0,0.0,1.0
80.0,275.0,3,1900.0,2.0,2.0,65.0,0.0,0.0,0.0,1.0
28.0,415.0,3,1935.0,4.0,2.0,125.0,1.0,0.0,0.0,0.0
80.0,507.0,3,1410.0,3.0,3.0,90.0,0.0,0.0,0.0,1.0
80.0,481.0,2,1469.0,2.0,2.0,99.14,0.0,0.0,0.0,1.0
80.0,435.0,2,986.0,2.0,1.0,30.0,0.0,0.0,0.0,1.0
80.0,1144.0,3,1460.0,2.0,2.0,87.0,0.0,0.0,0.0,1.0
48.0,1248.0,3,1260.0,2.0,2.0,85.05,1.0,0.0,0.0,0.0
42.0,797.0,3,1345.0,2.0,2.0,39.5,0.0,0.0,0.0,1.0
80.0,166.0,2,980.0,2.0,1.0,57.0,0.0,0.0,0.0,1.0
80.0,768.0,2,1164.0,2.0,2.0,75.0,0.0,0.0,1.0,0.0
80.0,344.0,2,929.0,1.0,2.0,51.0,0.0,0.0,1.0,0.0
80.0,845.0,2,1065.0,2.0,1.0,70.0,0.0,0.0,1.0,0.0
80.0,671.0,2,1172.0,2.0,0.0,56.725,0.0,0.0,0.0,1.0
80.0,179.0,3,3000.0,3.0,1.0,265.0,0.0,0.0,0.0,1.0
80.0,624.0,2,1020.0,2.0,1.0,30.27,0.0,0.0,0.0,1.0
80.0,1034.0,3,1362.0,3.0,1.0,62.63,0.0,0.0,0.0,1.0
34.0,247.0,1,672.0,1.0,1.0,36.85,0.0,0.0,0.0,1.0
80.0,415.0,3,1746.0,3.0,3.0,115.0,0.0,0.0,0.0,1.0
80.0,1034.0,2,1025.0,2.0,1.0,29.6,0.0,0.0,0.0,1.0
80.0,1035.0,2,1532.0,2.0,1.0,65.0,0.0,0.0,0.0,1.0
40.0,1144.0,3,1200.0,2.0,2.0,120.0,0.0,0.0,0.0,1.0
80.0,711.0,2,1250.0,2.0,2.0,65.0,0.0,0.0,0.0,1.0
46.0,1144.0,2,1188.0,2.0,1.0,39.0,0.0,0.0,0.0,1.0
33.0,186.0,4,3565.0,4.0,0.0,218.0,0.0,0.0,0.0,1.0
80.0,719.0,2,1170.0,2.0,2.0,85.0,0.0,1.0,0.0,0.0
80.0,70.0,3,1800.0,3.0,2.0,150.0,0.0,0.0,0.0,1.0
80.0,464.0,2,1000.0,2.0,1.0,35.0,0.0,0.0,0.0,1.0
80.0,95.0,3,2600.0,3.0,1.0,375.0,1.0,0.0,0.0,0.0
80.0,1034.0,5,1200.0,4.0,3.0,240.0,0.0,0.0,0.0,1.0
80.0,275.0,4,2507.0,4.0,2.0,155.0,0.0,0.0,0.0,1.0
80.0,624.0,2,1061.0,2.0,1.0,34.0,0.0,0.0,0.0,1.0
80.0,1052.0,2,1290.0,2.0,2.0,69.0,0.0,0.0,0.0,1.0
80.0,624.0,2,1200.0,2.0,1.0,42.6,0.0,1.0,0.0,0.0
29.0,1248.0,2,1120.0,2.0,2.0,39.29,0.0,0.0,0.0,1.0
80.0,1080.0,1,418.0,1.0,1.0,12.0,0.0,0.0,0.0,1.0
80.0,972.0,3,1333.0,3.0,1.0,50.0,0.0,0.0,0.0,1.0
80.0,1175.0,3,1691.0,3.0,2.0,119.0,0.0,0.0,0.0,1.0
80.0,292.0,1,747.0,1.0,0.0,34.355,0.0,0.0,0.0,1.0
80.0,49.0,3,1700.0,3.0,3.0,250.0,0.0,0.0,0.0,1.0
80.0,504.0,3,2030.0,4.0,1.0,125.0,1.0,0.0,0.0,0.0
80.0,60.0,2,1012.0,2.0,1.0,70.0,1.0,0.0,0.0,0.0
80.0,1274.0,3,1245.0,2.0,1.0,60.0,0.0,0.0,0.0,1.0
49.0,582.0,3,1765.0,3.0,2.0,118.0,0.0,0.0,0.0,1.0
80.0,344.0,2,1110.0,2.0,2.0,36.25,0.0,0.0,0.0,1.0
80.0,986.0,2,967.0,2.0,1.0,47.8,1.0,0.0,0.0,0.0
26.0,415.0,2,1044.0,2.0,2.0,36.0,0.0,0.0,0.0,1.0
80.0,61.0,3,1518.0,3.0,3.0,80.0,0.0,0.0,0.0,1.0
28.0,415.0,3,1300.0,2.0,2.0,57.0,1.0,0.0,0.0,0.0
42.0,1062.0,3,1798.0,3.0,3.0,73.0,0.0,0.0,0.0,1.0
80.0,108.0,2,866.28,2.0,0.0,36.38,0.0,0.0,0.0,1.0
52.0,1186.0,4,3410.0,5.0,3.0,253.0,0.0,0.0,0.0,1.0
80.0,677.0,2,1179.0,2.0,2.0,56.0,0.0,0.0,0.0,1.0
80.0,797.0,5,3600.0,5.0,1.0,510.0,0.0,0.0,0.0,1.0
80.0,896.0,2,1125.0,2.0,1.0,48.0,0.0,0.0,0.0,1.0
80.0,512.0,3,2098.0,3.0,1.0,210.0,0.0,0.0,0.0,1.0
80.0,320.0,3,2400.0,3.0,1.0,270.0,0.0,0.0,0.0,1.0
80.0,714.0,3,1976.0,3.0,2.0,92.0,0.0,0.0,0.0,1.0
54.0,186.0,2,1190.0,2.0,2.0,61.8,0.0,0.0,0.0,1.0
80.0,212.0,3,1800.0,3.0,3.0,192.0,0.0,0.0,1.0,0.0
34.0,845.0,3,1761.0,3.0,1.0,84.52,0.0,0.0,1.0,0.0
80.0,251.0,3,1700.0,3.0,3.0,120.0,0.0,1.0,0.0,0.0
80.0,1035.0,4,900.0,4.0,1.0,70.0,0.0,0.0,0.0,1.0
80.0,1152.0,2,1128.0,2.0,1.0,64.8,0.0,0.0,1.0,0.0
28.0,511.0,3,2000.0,3.0,2.0,85.0,0.0,0.0,0.0,1.0
80.0,1144.0,3,1220.0,2.0,1.0,35.25,0.0,0.0,0.0,1.0
80.0,537.0,1,509.0,1.0,1.0,20.0,0.0,0.0,0.0,1.0
45.0,1144.0,3,1852.0,4.0,2.0,122.0,0.0,0.0,0.0,1.0
80.0,1208.0,2,1045.0,2.0,1.0,40.65,0.0,0.0,0.0,1.0
80.0,662.0,4,3535.0,4.0,2.0,215.0,0.0,0.0,0.0,1.0
80.0,700.0,2,1102.0,2.0,2.0,53.67,0.0,0.0,0.0,1.0
24.0,375.0,4,1800.0,3.0,2.0,82.0,0.0,0.0,0.0,1.0
28.0,415.0,3,1436.0,2.0,2.0,75.0,1.0,0.0,0.0,0.0
80.0,784.0,3,1397.0,2.0,1.0,52.0,1.0,0.0,0.0,0.0
80.0,508.0,2,1140.0,2.0,2.0,56.0,1.0,0.0,0.0,0.0
80.0,472.0,1,645.0,1.0,1.0,55.0,1.0,0.0,0.0,0.0
80.0,124.0,5,2350.0,5.0,1.0,325.0,0.0,0.0,0.0,1.0
80.0,214.0,3,1200.0,3.0,2.0,225.0,0.0,0.0,0.0,1.0
80.0,829.0,3,2050.0,3.0,2.0,135.0,1.0,0.0,0.0,0.0
80.0,516.0,2,1335.0,2.0,1.0,95.0,0.0,0.0,0.0,1.0
80.0,1035.0,2,2100.0,1.0,1.0,200.0,0.0,0.0,0.0,1.0
80.0,451.0,3,1255.0,3.0,2.0,77.68,1.0,0.0,0.0,0.0
40.0,511.0,2,1140.0,2.0,1.0,59.0,0.0,0.0,0.0,1.0
80.0,903.0,3,2376.0,3.0,1.0,240.0,0.0,0.0,0.0,1.0
80.0,533.0,1,663.0,1.0,1.0,46.0,0.0,0.0,0.0,1.0
80.0,714.0,2,1276.0,2.0,0.0,146.0,0.0,0.0,0.0,1.0
80.0,568.0,3,1450.0,3.0,3.0,60.9,0.0,0.0,0.0,1.0
80.0,415.0,3,1400.0,3.0,3.0,66.0,1.0,0.0,0.0,0.0
80.0,532.0,2,1339.0,2.0,1.0,53.56,0.0,0.0,0.0,1.0
43.0,662.0,3,1220.0,2.0,1.0,35.23,0.0,0.0,0.0,1.0
80.0,397.0,3,2200.0,3.0,2.0,275.0,1.0,0.0,0.0,0.0
80.0,667.0,2,1305.0,2.0,2.0,52.0,0.0,0.0,0.0,1.0
47.0,302.0,3,1740.0,3.0,3.0,80.0,0.0,0.0,0.0,1.0
80.0,1105.0,2,680.0,1.0,1.0,21.0,0.0,0.0,0.0,1.0
27.0,483.0,2,1154.0,2.0,2.0,47.0,0.0,0.0,0.0,1.0
80.0,47.0,2,1200.0,2.0,2.0,40.0,0.0,0.0,0.0,1.0
80.0,38.0,2,1155.0,2.0,2.0,54.5,0.0,0.0,0.0,1.0
80.0,1111.0,3,1525.0,2.0,3.0,63.0,0.0,0.0,0.0,1.0
58.0,27.0,1,600.0,1.0,1.0,125.0,0.0,0.0,0.0,1.0
80.0,684.0,4,2470.0,5.0,2.0,192.0,0.0,0.0,0.0,1.0
80.0,520.0,2,1100.0,2.0,1.0,60.0,0.0,0.0,0.0,1.0
80.0,547.0,2,1250.0,2.0,2.0,65.0,1.0,0.0,0.0,0.0
80.0,1192.0,2,1400.0,2.0,1.0,70.0,0.0,0.0,0.0,1.0
63.0,419.0,3,1600.0,3.0,2.0,100.0,1.0,0.0,0.0,0.0
80.0,735.0,2,1060.0,2.0,1.0,55.0,0.0,0.0,0.0,1.0
80.0,1035.0,2,1272.0,2.0,2.0,50.0,1.0,0.0,0.0,0.0
26.0,1144.0,2,1296.0,2.0,2.0,105.0,0.0,0.0,0.0,1.0
80.0,534.0,4,2100.0,3.0,2.0,280.0,0.0,0.0,1.0,0.0
63.0,662.0,3,1945.0,3.0,3.0,115.0,0.0,0.0,0.0,1.0
80.0,583.0,3,1033.0,2.0,2.0,30.47,1.0,0.0,0.0,0.0
80.0,1144.0,3,2300.0,2.0,1.0,69.0,0.0,0.0,0.0,1.0
80.0,1257.0,2,1235.0,2.0,2.0,52.76,0.0,0.0,0.0,1.0
65.0,662.0,3,2100.0,3.0,1.0,270.0,0.0,0.0,0.0,1.0
80.0,751.0,2,850.0,2.0,1.0,42.5,0.0,0.0,0.0,1.0
80.0,65.0,3,1880.0,3.0,2.0,110.0,0.0,0.0,0.0,1.0
80.0,604.0,4,2450.0,4.0,2.0,368.0,0.0,0.0,0.0,1.0
80.0,573.0,2,1060.0,2.0,2.0,52.0,0.0,0.0,0.0,1.0
80.0,892.0,3,2041.0,3.0,3.0,138.0,0.0,0.0,0.0,1.0
80.0,733.0,2,1050.0,2.0,2.0,125.0,0.0,0.0,0.0,1.0
80.0,214.0,2,1037.0,2.0,1.0,36.28,0.0,0.0,0.0,1.0
63.0,415.0,2,1150.0,2.0,1.0,39.0,0.0,0.0,0.0,1.0
80.0,1144.0,2,1184.0,2.0,1.0,62.0,0.0,0.0,0.0,1.0
80.0,1093.0,3,1680.0,3.0,2.0,126.0,1.0,0.0,0.0,0.0
80.0,401.0,3,1411.0,3.0,2.0,100.0,0.0,0.0,1.0,0.0
80.0,214.0,5,900.0,5.0,0.0,55.0,1.0,0.0,0.0,0.0
80.0,635.0,2,900.0,2.0,2.0,41.0,1.0,0.0,0.0,0.0
80.0,513.0,4,3500.0,4.0,3.0,320.0,0.0,0.0,0.0,1.0
80.0,1190.0,3,1702.0,3.0,2.0,120.0,0.0,0.0,1.0,0.0
80.0,652.0,2,1185.0,2.0,2.0,45.0,0.0,0.0,1.0,0.0
80.0,635.0,3,1300.0,3.0,1.0,64.0,0.0,0.0,0.0,1.0
80.0,520.0,3,1545.0,3.0,2.0,65.0,1.0,0.0,0.0,0.0
33.0,72.0,3,1515.0,2.0,2.0,135.0,0.0,0.0,0.0,1.0
40.0,520.0,3,1300.0,3.0,3.0,55.0,1.0,0.0,0.0,0.0
55.0,426.0,2,1107.0,2.0,1.0,57.0,0.0,0.0,0.0,1.0
32.0,122.0,3,1720.0,3.0,2.0,106.0,1.0,0.0,0.0,0.0
80.0,1230.0,3,1540.0,3.0,2.0,150.0,0.0,0.0,1.0,0.0
43.0,214.0,2,1000.0,2.0,1.0,44.5,0.0,0.0,0.0,1.0
80.0,220.0,1,710.0,1.0,1.0,40.42,0.0,0.0,0.0,1.0
80.0,688.0,2,1100.0,2.0,1.0,38.0,1.0,0.0,0.0,0.0
80.0,1297.0,4,3200.0,4.0,0.0,270.0,0.0,0.0,0.0,1.0
80.0,1104.0,2,900.0,2.0,2.0,160.0,1.0,0.0,0.0,0.0
80.0,1175.0,2,1250.0,2.0,0.0,48.0,1.0,0.0,0.0,0.0
80.0,591.0,5,2400.0,4.0,3.0,130.0,0.0,0.0,1.0,0.0
80.0,504.0,3,1584.01,3.0,1.0,104.0,0.0,0.0,0.0,1.0
80.0,1266.0,4,875.0,4.0,0.0,150.0,0.0,0.0,1.0,0.0
79.0,1257.0,4,1200.0,6.0,3.0,60.0,0.0,0.0,1.0,0.0
27.0,520.0,3,1485.0,2.0,2.0,70.0,0.0,0.0,0.0,1.0
80.0,587.0,3,1100.0,2.0,1.0,78.0,0.0,0.0,0.0,1.0
80.0,70.0,2,1245.0,2.0,1.0,59.0,1.0,0.0,0.0,0.0
80.0,1035.0,4,1880.0,4.0,0.0,154.0,0.0,0.0,0.0,1.0
80.0,1186.0,3,2214.0,3.0,3.0,350.0,0.0,0.0,0.0,1.0
26.0,415.0,2,1050.0,2.0,2.0,45.0,0.0,0.0,0.0,1.0
80.0,532.0,4,600.0,4.0,2.0,95.0,0.0,0.0,0.0,1.0
40.0,1257.0,3,1640.0,3.0,2.0,105.0,0.0,0.0,0.0,1.0
34.0,531.0,2,1165.0,2.0,1.0,65.0,0.0,0.0,0.0,1.0
80.0,415.0,2,1110.0,2.0,1.0,43.0,1.0,0.0,0.0,0.0
80.0,60.0,7,1200.0,5.0,2.0,200.0,0.0,0.0,0.0,1.0
80.0,972.0,4,4000.0,4.0,2.0,630.0,0.0,0.0,1.0,0.0
80.0,1257.0,4,4500.0,4.0,0.0,150.0,0.0,0.0,0.0,1.0
80.0,1248.0,4,600.0,4.0,3.0,65.0,0.0,0.0,0.0,1.0
80.0,402.0,2,1300.0,2.0,2.0,75.0,0.0,0.0,1.0,0.0
80.0,413.0,2,1200.0,1.0,0.0,42.0,0.0,0.0,0.0,1.0
80.0,302.0,2,1500.0,2.0,1.0,12.75,0.0,0.0,0.0,1.0
80.0,516.0,2,1232.0,2.0,1.0,69.61,0.0,0.0,0.0,1.0
80.0,413.0,3,1704.0,3.0,2.0,94.36,1.0,0.0,0.0,0.0
80.0,1250.0,3,1275.0,2.0,2.0,88.0,1.0,0.0,0.0,0.0
80.0,1144.0,3,1222.0,2.0,1.0,68.0,0.0,0.0,0.0,1.0
80.0,918.0,2,1155.0,2.0,2.0,39.0,0.0,0.0,0.0,1.0
56.0,276.0,2,1000.0,2.0,1.0,29.95,0.0,0.0,0.0,1.0
80.0,1157.0,2,1200.0,2.0,1.0,45.0,0.0,0.0,0.0,1.0
80.0,275.0,3,1517.0,3.0,2.0,71.28,0.0,0.0,1.0,0.0
80.0,1085.0,2,1166.0,2.0,1.0,37.29,0.0,0.0,0.0,1.0
80.0,886.0,2,870.0,2.0,2.0,24.0,0.0,0.0,0.0,1.0
80.0,520.0,5,4000.0,5.0,2.0,170.0,0.0,0.0,0.0,1.0
35.0,304.0,4,1350.0,4.0,1.0,230.0,0.0,0.0,1.0,0.0
80.0,688.0,4,3019.0,6.0,1.0,190.0,1.0,0.0,0.0,0.0
80.0,1035.0,3,1345.0,3.0,1.0,58.0,1.0,0.0,0.0,0.0
80.0,547.0,3,900.0,3.0,1.0,75.0,1.0,0.0,0.0,0.0
31.0,250.0,4,3800.0,5.0,2.0,170.0,0.0,0.0,0.0,1.0
80.0,426.0,3,971.0,2.0,2.0,38.0,0.0,0.0,0.0,1.0
80.0,1035.0,2,1255.0,2.0,1.0,52.32,0.0,0.0,0.0,1.0
80.0,650.0,2,1810.0,2.0,2.0,65.0,1.0,0.0,0.0,0.0
80.0,657.0,2,1300.0,2.0,1.0,58.0,0.0,0.0,0.0,1.0
80.0,771.0,2,1185.0,2.0,2.0,45.0,0.0,0.0,0.0,1.0
80.0,561.0,2,1350.0,2.0,3.0,68.0,0.0,0.0,0.0,1.0
80.0,1144.0,3,1590.0,3.0,0.0,76.16,1.0,0.0,0.0,0.0
80.0,800.0,7,3000.0,6.0,3.0,180.0,0.0,0.0,1.0,0.0
80.0,1035.0,4,1560.0,3.0,2.0,149.0,0.0,0.0,0.0,1.0
80.0,1089.0,3,1650.0,3.0,1.0,126.0,0.0,0.0,0.0,1.0
80.0,986.0,3,1645.0,3.0,2.0,87.0,0.0,0.0,0.0,1.0
80.0,643.0,3,1748.0,3.0,1.0,103.0,0.0,0.0,0.0,1.0
80.0,482.0,3,1200.0,3.0,1.0,67.77,0.0,0.0,0.0,1.0
80.0,1035.0,2,1170.0,2.0,3.0,50.0,0.0,0.0,0.0,1.0
34.0,534.0,4,3420.0,4.0,2.0,225.0,0.0,0.0,0.0,1.0
80.0,284.0,3,1320.0,2.0,2.0,65.0,1.0,0.0,0.0,0.0
80.0,1175.0,3,1610.0,3.0,2.0,84.53,0.0,0.0,0.0,1.0
80.0,1144.0,3,1870.0,3.0,3.0,180.0,0.0,0.0,1.0,0.0
80.0,717.0,3,1510.0,2.0,1.0,110.0,0.0,0.0,1.0,0.0
80.0,636.0,6,2700.0,7.0,3.0,110.0,0.0,0.0,0.0,1.0
80.0,487.0,3,1305.0,2.0,1.0,45.68,0.0,0.0,0.0,1.0
80.0,1258.0,3,1500.0,2.0,1.0,70.0,1.0,0.0,0.0,0.0
80.0,686.0,2,1149.0,2.0,1.0,130.0,1.0,0.0,0.0,0.0
80.0,1257.0,4,1948.0,4.0,2.0,129.0,0.0,0.0,0.0,1.0
80.0,1248.0,3,1448.0,3.0,1.0,70.0,0.0,0.0,0.0,1.0
80.0,528.0,2,1242.0,2.0,1.0,78.0,0.0,0.0,1.0,0.0
80.0,192.0,2,1268.0,2.0,1.0,58.0,0.0,0.0,0.0,1.0
30.0,143.0,2,1101.0,2.0,1.0,50.0,0.0,0.0,0.0,1.0
80.0,533.0,2,1255.0,2.0,3.0,65.0,1.0,0.0,0.0,0.0
34.0,891.0,3,1362.0,3.0,1.0,62.63,0.0,0.0,0.0,1.0
28.0,302.0,3,984.0,3.0,2.0,140.0,0.0,0.0,0.0,1.0
80.0,192.0,2,1089.0,2.0,1.0,32.67,0.0,0.0,0.0,1.0
80.0,119.0,2,800.0,1.0,3.0,95.0,0.0,0.0,0.0,1.0
80.0,845.0,3,1345.0,2.0,1.0,57.0,1.0,0.0,0.0,0.0
80.0,388.0,8,3600.0,9.0,3.0,125.0,0.0,0.0,0.0,1.0
80.0,1257.0,4,1650.0,2.0,1.0,140.0,0.0,0.0,0.0,1.0
80.0,507.0,2,950.0,2.0,1.0,45.0,0.0,0.0,0.0,1.0
42.0,834.0,2,1068.0,2.0,1.0,43.0,0.0,0.0,0.0,1.0
80.0,150.0,2,860.0,1.0,2.0,31.0,1.0,0.0,0.0,0.0
36.0,214.0,8,3000.0,5.0,1.0,130.0,0.0,0.0,0.0,1.0
80.0,842.0,3,1756.0,3.0,2.0,66.73,0.0,0.0,0.0,1.0
80.0,451.0,2,1205.0,2.0,1.0,41.0,0.0,0.0,0.0,1.0
80.0,573.0,8,1120.0,8.0,1.0,155.0,0.0,0.0,0.0,1.0
80.0,817.0,3,1800.0,3.0,2.0,125.0,0.0,0.0,1.0,0.0
80.0,511.0,4,8321.0,5.0,2.0,2912.0,0.0,0.0,0.0,1.0
80.0,1089.0,3,1604.0,3.0,0.0,68.0,1.0,0.0,0.0,0.0
80.0,83.0,4,2732.0,4.0,3.0,204.0,0.0,0.0,0.0,1.0
80.0,1248.0,2,1015.0,2.0,2.0,25.88,0.0,0.0,0.0,1.0
80.0,5.0,3,1200.0,2.0,2.0,42.0,0.0,0.0,0.0,1.0
80.0,1257.0,2,1010.0,2.0,2.0,38.0,0.0,0.0,1.0,0.0
80.0,624.0,2,1250.0,3.0,0.0,170.0,0.0,0.0,0.0,1.0
34.0,417.0,2,1010.0,2.0,1.0,41.0,0.0,0.0,0.0,1.0
80.0,1036.0,2,1050.0,2.0,2.0,33.1,1.0,0.0,0.0,0.0
80.0,875.0,3,1710.0,3.0,2.0,85.0,0.0,0.0,0.0,1.0
40.0,1001.0,3,1248.52,3.0,2.0,115.0,0.0,0.0,0.0,1.0
34.0,910.0,1,410.0,1.0,1.0,10.0,0.0,0.0,0.0,1.0
31.0,972.0,3,1656.0,2.0,1.0,62.93,0.0,0.0,0.0,1.0
80.0,662.0,3,1451.0,3.0,1.0,68.0,0.0,0.0,0.0,1.0
27.0,534.0,6,1200.0,3.0,0.0,175.0,0.0,0.0,0.0,1.0
34.0,542.0,2,1250.0,2.0,2.0,93.0,0.0,0.0,0.0,1.0
80.0,1173.0,3,4395.0,3.0,3.0,240.0,1.0,0.0,0.0,0.0
80.0,145.0,4,4600.0,6.0,2.0,650.0,1.0,0.0,0.0,0.0
80.0,507.0,3,1340.0,2.0,3.0,42.0,0.0,0.0,0.0,1.0
28.0,1186.0,2,1100.0,2.0,2.0,38.5,0.0,0.0,0.0,1.0
80.0,686.0,4,6000.0,6.0,1.0,700.0,1.0,0.0,0.0,0.0
26.0,1144.0,3,1700.0,3.0,1.0,71.0,1.0,0.0,0.0,0.0
80.0,380.0,6,1200.0,5.0,0.0,150.0,0.0,0.0,0.0,1.0
28.0,550.0,2,1096.0,2.0,1.0,43.0,1.0,0.0,0.0,0.0
80.0,92.0,2,1160.0,2.0,1.0,33.5,0.0,0.0,0.0,1.0
80.0,568.0,3,1936.0,3.0,2.0,139.0,0.0,0.0,1.0,0.0
80.0,154.0,3,1269.0,2.0,2.0,63.0,1.0,0.0,0.0,0.0
80.0,1089.0,3,3500.0,3.0,1.0,630.0,0.0,0.0,0.0,1.0
80.0,648.0,3,1586.0,3.0,1.0,125.0,0.0,0.0,0.0,1.0
80.0,1257.0,2,1376.0,2.0,1.0,124.0,0.0,0.0,0.0,1.0
80.0,1144.0,3,1452.0,3.0,3.0,56.5,0.0,0.0,0.0,1.0
80.0,604.0,3,1538.0,3.0,1.0,107.0,0.0,0.0,1.0,0.0
80.0,1248.0,3,1427.0,2.0,1.0,130.0,0.0,0.0,1.0,0.0
80.0,624.0,2,935.0,2.0,0.0,40.0,0.0,0.0,0.0,1.0
80.0,1142.0,2,1220.0,2.0,3.0,65.0,0.0,0.0,0.0,1.0
80.0,520.0,2,1197.0,2.0,1.0,77.0,1.0,0.0,0.0,0.0
80.0,380.0,2,674.0,1.0,1.0,19.9,0.0,0.0,0.0,1.0
80.0,465.0,1,410.0,1.0,1.0,15.0,0.0,0.0,0.0,1.0
80.0,1045.0,3,1573.0,3.0,1.0,90.0,0.0,0.0,0.0,1.0
80.0,757.0,2,1135.0,2.0,2.0,58.0,0.0,0.0,0.0,1.0
80.0,1035.0,3,1400.0,2.0,1.0,40.43,0.0,0.0,0.0,1.0
80.0,1175.0,1,1200.0,1.0,0.0,65.0,0.0,0.0,0.0,1.0
80.0,536.0,3,1800.0,3.0,0.0,95.0,1.0,0.0,0.0,0.0
80.0,1080.0,3,2045.0,3.0,2.0,108.0,0.0,0.0,0.0,1.0
80.0,492.0,2,1268.0,2.0,1.0,56.0,0.0,0.0,0.0,1.0
80.0,829.0,2,883.0,2.0,1.0,39.0,1.0,0.0,0.0,0.0
80.0,604.0,3,1600.0,3.0,3.0,100.0,1.0,0.0,0.0,0.0
80.0,1257.0,2,1056.0,2.0,2.0,70.0,0.0,0.0,0.0,1.0
80.0,1134.0,10,1200.0,11.0,1.0,105.0,1.0,0.0,0.0,0.0
80.0,982.0,4,4500.0,4.0,1.0,330.0,1.0,0.0,0.0,0.0
80.0,49.0,2,1204.0,2.0,2.0,58.0,1.0,0.0,0.0,0.0
80.0,234.0,3,1410.0,2.0,1.0,54.0,0.0,0.0,0.0,1.0
80.0,472.0,2,1460.0,2.0,1.0,80.3,1.0,0.0,0.0,0.0
80.0,278.0,2,1100.0,2.0,1.0,41.18,1.0,0.0,0.0,0.0
28.0,186.0,2,1310.0,2.0,1.0,88.0,0.0,0.0,0.0,1.0
80.0,972.0,3,1600.0,3.0,2.0,90.0,0.0,0.0,0.0,1.0
80.0,1248.0,2,1250.0,2.0,2.0,55.0,0.0,0.0,0.0,1.0
80.0,1143.0,3,1665.0,3.0,2.0,74.93,0.0,0.0,0.0,1.0
27.0,531.0,3,1345.0,2.0,1.0,57.0,0.0,0.0,0.0,1.0
26.0,986.0,5,2000.0,5.0,2.0,240.0,0.0,0.0,0.0,1.0
80.0,1144.0,2,1416.0,2.0,2.0,67.0,0.0,0.0,0.0,1.0
80.0,519.0,2,1145.0,2.0,2.0,46.0,0.0,0.0,0.0,1.0
45.0,892.0,10,7200.0,10.0,3.0,200.0,0.0,0.0,0.0,1.0
80.0,954.0,3,1231.0,3.0,2.0,58.0,0.0,0.0,0.0,1.0
80.0,1149.0,3,1664.0,3.0,0.0,73.95,0.0,0.0,0.0,1.0
80.0,1161.0,3,2000.0,3.0,1.0,76.0,1.0,0.0,0.0,0.0
80.0,770.0,2,972.0,2.0,2.0,43.0,0.0,0.0,1.0,0.0
52.0,610.0,4,4500.0,4.0,3.0,345.0,0.0,0.0,0.0,1.0
80.0,704.0,2,1185.0,2.0,1.0,47.39,0.0,0.0,0.0,1.0
80.0,1233.0,3,1750.0,3.0,2.0,81.0,0.0,0.0,1.0,0.0
80.0,552.0,3,3155.0,4.0,1.0,316.0,1.0,0.0,0.0,0.0
80.0,1137.0,2,1007.0,2.0,1.0,68.0,0.0,0.0,0.0,1.0
80.0,662.0,3,1700.0,3.0,2.0,200.0,0.0,0.0,0.0,1.0
80.0,214.0,2,1250.0,2.0,2.0,85.0,0.0,0.0,0.0,1.0
80.0,927.0,2,1200.0,2.0,1.0,54.0,0.0,0.0,1.0,0.0
80.0,552.0,2,994.0,2.0,1.0,42.28,1.0,0.0,0.0,0.0
80.0,630.0,2,1150.0,2.0,2.0,40.0,0.0,0.0,0.0,1.0
80.0,662.0,2,1220.0,2.0,2.0,46.0,0.0,0.0,0.0,1.0
80.0,304.0,2,1441.0,2.0,1.0,115.0,0.0,0.0,0.0,1.0
80.0,892.0,2,1157.0,2.0,2.0,47.32,0.0,0.0,0.0,1.0
80.0,266.0,6,1300.0,6.0,3.0,150.0,0.0,0.0,0.0,1.0
37.0,520.0,2,1400.0,2.0,2.0,105.0,0.0,0.0,0.0,1.0
80.0,651.0,3,1370.07,3.0,1.0,65.0,0.0,0.0,1.0,0.0
29.0,1089.0,5,1200.0,4.0,1.0,130.0,1.0,0.0,0.0,0.0
80.0,70.0,2,900.0,2.0,1.0,40.0,0.0,0.0,0.0,1.0
80.0,1035.0,1,418.0,1.0,1.0,17.0,0.0,0.0,0.0,1.0
80.0,1037.0,3,1200.0,3.0,1.0,80.0,0.0,0.0,0.0,1.0
28.0,150.0,2,1200.0,2.0,3.0,43.0,0.0,0.0,1.0,0.0
80.0,1035.0,2,1062.0,2.0,1.0,42.48,0.0,0.0,0.0,1.0
80.0,26.0,2,1120.0,2.0,1.0,51.0,0.0,0.0,1.0,0.0
26.0,213.0,2,1012.0,2.0,1.0,44.0,0.0,0.0,1.0,0.0
80.0,520.0,3,1500.0,2.0,1.0,200.0,0.0,0.0,0.0,1.0
80.0,1134.0,4,950.0,4.0,1.0,180.0,1.0,0.0,0.0,0.0
80.0,735.0,2,675.0,2.0,2.0,13.5,0.0,0.0,1.0,0.0
40.0,135.0,2,1430.0,2.0,2.0,78.0,0.0,0.0,0.0,1.0
80.0,968.0,3,1195.0,2.0,1.0,56.0,0.0,0.0,1.0,0.0
80.0,673.0,3,2640.0,5.0,1.0,150.0,0.0,0.0,0.0,1.0
80.0,720.0,3,1075.0,2.0,1.0,42.0,1.0,0.0,0.0,0.0
80.0,290.0,3,1570.0,3.0,0.0,75.99,1.0,0.0,0.0,0.0
80.0,259.0,6,782.0,4.0,2.0,85.0,0.0,0.0,1.0,0.0
80.0,688.0,2,1011.0,2.0,1.0,59.0,0.0,0.0,0.0,1.0
80.0,228.0,3,1450.0,2.0,1.0,102.0,0.0,0.0,0.0,1.0
80.0,891.0,2,1129.0,2.0,1.0,69.0,0.0,0.0,0.0,1.0
80.0,381.0,2,1126.0,2.0,1.0,36.0,1.0,0.0,0.0,0.0
80.0,1248.0,3,1200.0,3.0,1.0,110.0,0.0,0.0,0.0,1.0
80.0,686.0,3,1180.0,2.0,2.0,45.0,0.0,0.0,0.0,1.0
80.0,972.0,3,600.0,4.0,2.0,125.0,0.0,0.0,0.0,1.0
34.0,119.0,4,940.0,4.0,2.0,45.0,0.0,0.0,0.0,1.0
80.0,581.0,3,1933.0,3.0,2.0,140.0,1.0,0.0,0.0,0.0
80.0,944.0,2,1082.0,2.0,2.0,64.0,0.0,0.0,1.0,0.0
80.0,234.0,8,2400.0,8.0,1.0,250.0,0.0,0.0,0.0,1.0
80.0,431.0,1,610.0,1.0,0.0,28.0,1.0,0.0,0.0,0.0
80.0,173.0,4,1560.0,4.0,1.0,160.0,1.0,0.0,0.0,0.0
80.0,492.0,3,1300.0,3.0,3.0,77.99,0.0,0.0,0.0,1.0
80.0,587.0,4,3850.0,6.0,0.0,205.0,0.0,0.0,0.0,1.0
80.0,214.0,2,1125.0,2.0,1.0,46.0,0.0,0.0,0.0,1.0
80.0,1079.0,6,2400.0,7.0,2.0,107.0,1.0,0.0,0.0,0.0
80.0,302.0,2,777.4,2.0,0.0,25.0,1.0,0.0,0.0,0.0
32.0,1248.0,4,2500.0,3.0,1.0,65.0,0.0,0.0,0.0,1.0
34.0,855.0,3,1798.0,3.0,1.0,150.0,0.0,0.0,0.0,1.0
80.0,1248.0,3,1864.0,3.0,2.0,120.0,0.0,0.0,0.0,1.0
80.0,941.0,2,1115.0,2.0,1.0,51.91,0.0,0.0,0.0,1.0
80.0,192.0,1,400.0,1.0,1.0,25.0,0.0,0.0,0.0,1.0
80.0,303.0,2,1200.0,2.0,1.0,70.0,0.0,0.0,1.0,0.0
80.0,582.0,2,992.0,2.0,2.0,24.8,0.0,0.0,0.0,1.0
80.0,516.0,2,950.0,2.0,3.0,57.0,0.0,0.0,0.0,1.0
63.0,662.0,4,1500.0,4.0,3.0,185.0,0.0,0.0,0.0,1.0
80.0,1085.0,2,1200.0,2.0,1.0,62.0,0.0,0.0,0.0,1.0
27.0,417.0,3,1735.0,3.0,2.0,70.0,1.0,0.0,0.0,0.0
80.0,1248.0,3,1750.0,3.0,3.0,172.0,1.0,0.0,0.0,0.0
80.0,1175.0,2,1009.0,2.0,2.0,56.0,0.0,0.0,0.0,1.0
80.0,97.0,3,1470.0,2.0,3.0,102.0,0.0,0.0,1.0,0.0
80.0,1035.0,3,1527.0,3.0,2.0,115.0,0.0,0.0,0.0,1.0
80.0,637.0,2,985.0,2.0,1.0,45.0,0.0,0.0,0.0,1.0
80.0,646.0,4,3300.0,4.0,2.0,135.0,0.0,0.0,0.0,1.0
80.0,703.0,2,1277.0,2.0,1.0,77.0,0.0,0.0,0.0,1.0
28.0,587.0,2,1100.0,2.0,1.0,62.0,0.0,0.0,0.0,1.0
80.0,725.0,3,1820.0,3.0,2.0,140.0,0.0,0.0,1.0,0.0
28.0,688.0,4,1530.0,3.0,3.0,87.0,0.0,0.0,0.0,1.0
80.0,1035.0,3,1886.0,3.0,2.0,205.0,0.0,0.0,0.0,1.0
30.0,688.0,3,1200.0,2.0,0.0,190.0,0.0,0.0,0.0,1.0
80.0,668.0,3,1880.0,4.0,2.0,110.0,0.0,0.0,0.0,1.0
80.0,70.0,2,1255.0,2.0,2.0,52.35,0.0,0.0,0.0,1.0
80.0,41.0,2,700.0,2.0,1.0,36.0,0.0,0.0,1.0,0.0
28.0,534.0,2,1140.0,2.0,2.0,46.0,0.0,0.0,0.0,1.0
80.0,1257.0,2,1025.0,2.0,1.0,29.6,0.0,0.0,0.0,1.0
80.0,507.0,4,3453.0,4.0,2.0,247.0,0.0,0.0,0.0,1.0
80.0,172.0,3,1490.0,2.0,2.0,59.6,0.0,0.0,1.0,0.0
80.0,41.0,4,1200.0,4.0,2.0,165.0,0.0,0.0,1.0,0.0
80.0,892.0,3,1850.0,3.0,2.0,140.0,0.0,0.0,0.0,1.0
80.0,214.0,2,1250.0,2.0,1.0,78.0,0.0,0.0,0.0,1.0
80.0,415.0,4,2400.0,3.0,1.0,108.0,0.0,0.0,0.0,1.0
32.0,269.0,4,3522.0,5.0,3.0,716.0,0.0,0.0,0.0,1.0
80.0,762.0,2,1244.0,2.0,2.0,88.0,0.0,0.0,1.0,0.0
80.0,662.0,4,623.0,4.0,1.0,75.0,0.0,0.0,0.0,1.0
60.0,203.0,2,1025.0,2.0,1.0,28.57,0.0,0.0,0.0,1.0
33.0,1248.0,2,1034.0,2.0,1.0,38.0,0.0,0.0,0.0,1.0
80.0,995.0,3,1191.0,2.0,2.0,33.34,1.0,0.0,0.0,0.0
80.0,1263.0,3,1719.0,3.0,2.0,71.0,0.0,0.0,0.0,1.0
80.0,1080.0,2,1035.0,2.0,1.0,39.33,0.0,0.0,0.0,1.0
80.0,624.0,4,1500.0,3.0,2.0,230.0,1.0,0.0,0.0,0.0
80.0,454.0,3,1470.0,2.0,2.0,84.22,1.0,0.0,0.0,0.0
80.0,604.0,2,1140.0,2.0,1.0,50.66,1.0,0.0,0.0,0.0
80.0,904.0,3,1752.12,3.0,2.0,125.0,0.0,0.0,1.0,0.0
80.0,1035.0,6,600.0,6.0,2.0,80.0,0.0,0.0,0.0,1.0
52.0,1186.0,4,600.0,3.0,1.0,84.0,0.0,0.0,0.0,1.0
80.0,693.0,3,2990.0,3.0,2.0,170.0,0.0,0.0,0.0,1.0
80.0,628.0,3,1660.0,3.0,2.0,85.0,0.0,0.0,0.0,1.0
80.0,240.0,3,1275.0,3.0,3.0,63.43,1.0,0.0,0.0,0.0
80.0,1087.0,3,1365.0,3.0,1.0,52.81,1.0,0.0,0.0,0.0
34.0,1013.0,3,1200.0,2.0,0.0,90.0,0.0,0.0,0.0,1.0
27.0,972.0,3,2546.0,3.0,1.0,170.0,0.0,0.0,0.0,1.0
45.0,511.0,3,1392.0,3.0,1.0,69.46,0.0,0.0,0.0,1.0
80.0,137.0,2,1245.0,2.0,1.0,59.76,0.0,0.0,0.0,1.0
80.0,266.0,5,1200.0,3.0,1.0,65.0,0.0,0.0,0.0,1.0
80.0,1074.0,2,1162.0,2.0,2.0,64.08,1.0,0.0,0.0,0.0
37.0,1186.0,3,1476.0,2.0,1.0,73.0,0.0,0.0,0.0,1.0
39.0,417.0,1,700.0,1.0,1.0,21.5,0.0,0.0,0.0,1.0
80.0,1035.0,6,3600.0,6.0,1.0,170.0,0.0,0.0,0.0,1.0
20.0,542.0,2,943.0,2.0,2.0,48.0,0.0,0.0,0.0,1.0
80.0,603.0,2,1150.0,2.0,1.0,170.0,1.0,0.0,0.0,0.0
45.0,797.0,2,1113.0,2.0,1.0,44.5,0.0,0.0,0.0,1.0
27.0,662.0,3,1615.0,3.0,2.0,69.43,0.0,0.0,0.0,1.0
48.0,1035.0,2,1279.0,2.0,3.0,100.0,0.0,0.0,0.0,1.0
80.0,987.0,2,1256.0,2.0,1.0,60.0,1.0,0.0,0.0,0.0
80.0,472.0,3,1805.0,3.0,2.0,280.0,0.0,0.0,0.0,1.0
80.0,774.0,3,1350.0,3.0,1.0,65.0,0.0,0.0,1.0,0.0
80.0,214.0,3,1525.0,3.0,2.0,68.63,0.0,0.0,0.0,1.0
52.0,1248.0,2,1357.0,2.0,1.0,123.0,0.0,0.0,0.0,1.0
80.0,304.0,3,1645.0,3.0,2.0,117.0,0.0,0.0,0.0,1.0
80.0,587.0,3,1777.26,3.0,2.0,92.0,1.0,0.0,0.0,0.0
80.0,1256.0,2,845.0,2.0,2.0,32.0,0.0,0.0,0.0,1.0
80.0,415.0,2,900.0,2.0,0.0,25.0,0.0,0.0,0.0,1.0
80.0,477.0,2,1210.0,2.0,1.0,64.15,0.0,0.0,1.0,0.0
34.0,1164.0,2,829.0,2.0,1.0,22.8,0.0,0.0,0.0,1.0
80.0,355.0,3,1879.0,3.0,2.0,155.0,0.0,0.0,0.0,1.0
80.0,492.0,3,1250.0,2.0,2.0,50.0,1.0,0.0,0.0,0.0
27.0,972.0,4,1200.0,2.0,2.0,35.0,0.0,0.0,0.0,1.0
80.0,230.0,3,1108.0,2.0,1.0,60.0,0.0,0.0,0.0,1.0
80.0,1186.0,3,1401.0,3.0,2.0,69.0,0.0,0.0,0.0,1.0
28.0,516.0,3,1157.0,2.0,1.0,75.0,0.0,0.0,0.0,1.0
80.0,284.0,2,1185.0,2.0,1.0,42.66,0.0,0.0,1.0,0.0
80.0,513.0,3,1751.0,3.0,2.0,115.0,1.0,0.0,0.0,0.0
80.0,1014.0,5,1550.0,3.0,1.0,250.0,0.0,0.0,1.0,0.0
80.0,202.0,3,1880.0,3.0,2.0,96.5,0.0,0.0,1.0,0.0
28.0,520.0,3,1322.5,3.0,0.0,40.985,0.0,0.0,0.0,1.0
80.0,476.0,2,1175.0,2.0,2.0,38.0,1.0,0.0,0.0,0.0
80.0,652.0,2,1407.0,2.0,1.0,98.49,0.0,0.0,0.0,1.0
28.0,891.0,2,1000.0,2.0,2.0,50.0,0.0,0.0,0.0,1.0
80.0,1144.0,3,1518.0,3.0,3.0,75.0,0.0,0.0,0.0,1.0
80.0,533.0,4,3600.0,4.0,2.0,300.0,0.0,0.0,0.0,1.0
80.0,834.0,2,1027.0,2.0,1.0,67.0,0.0,0.0,0.0,1.0
40.0,703.0,4,3730.0,6.0,2.0,430.0,0.0,0.0,0.0,1.0
80.0,144.0,2,1145.0,2.0,2.0,46.0,0.0,0.0,0.0,1.0
80.0,1080.0,2,1260.0,2.0,2.0,113.0,0.0,0.0,0.0,1.0
32.0,1248.0,3,1500.0,2.0,3.0,47.25,0.0,0.0,0.0,1.0
31.0,1248.0,3,1737.0,2.0,1.0,57.32,0.0,0.0,1.0,0.0
80.0,1035.0,4,3517.0,2.0,1.0,161.5,0.0,0.0,0.0,1.0
80.0,1035.0,3,1600.0,4.0,1.0,120.0,0.0,0.0,0.0,1.0
27.0,520.0,3,1500.0,3.0,2.0,135.0,0.0,0.0,0.0,1.0
80.0,639.0,2,1120.0,2.0,0.0,60.0,0.0,0.0,0.0,1.0
80.0,1037.0,3,1200.0,4.0,1.0,240.0,0.0,0.0,0.0,1.0
28.0,511.0,2,1030.0,2.0,1.0,46.5,0.0,0.0,0.0,1.0
80.0,214.0,6,2500.0,6.0,1.0,88.0,0.0,0.0,0.0,1.0
80.0,482.0,2,1057.0,2.0,1.0,35.0,0.0,0.0,0.0,1.0
80.0,972.0,4,2774.0,4.0,3.0,208.0,1.0,0.0,0.0,0.0
80.0,944.0,2,1460.0,2.0,2.0,38.5,1.0,0.0,0.0,0.0
80.0,1145.0,2,1075.0,2.0,1.0,53.7,1.0,0.0,0.0,0.0
80.0,516.0,3,1080.0,2.0,1.0,60.0,0.0,0.0,0.0,1.0
80.0,705.0,4,3626.0,5.0,3.0,788.0,0.0,0.0,1.0,0.0
80.0,567.0,6,5100.0,7.0,1.0,225.0,1.0,0.0,0.0,0.0
80.0,1144.0,2,1139.7,2.0,1.0,45.0,0.0,0.0,0.0,1.0
80.0,531.0,2,1074.0,2.0,1.0,42.8,0.0,0.0,0.0,1.0
31.0,1248.0,2,1200.0,2.0,1.0,46.13,0.0,0.0,1.0,0.0
28.0,415.0,4,2425.0,5.0,1.0,175.0,1.0,0.0,0.0,0.0
80.0,1038.0,2,1323.0,2.0,2.0,74.0,0.0,0.0,1.0,0.0
28.0,582.0,2,1232.0,2.0,1.0,69.61,0.0,0.0,0.0,1.0
80.0,850.0,2,900.0,2.0,1.0,40.0,0.0,0.0,0.0,1.0
34.0,1144.0,1,740.0,1.0,1.0,23.65,0.0,0.0,0.0,1.0
80.0,635.0,3,1920.0,3.0,2.0,134.0,0.0,0.0,0.0,1.0
80.0,891.0,3,1550.0,3.0,2.0,96.0,0.0,0.0,0.0,1.0
80.0,282.0,3,1588.0,2.0,3.0,90.0,0.0,0.0,0.0,1.0
26.0,676.0,3,2300.0,4.0,1.0,240.0,0.0,0.0,1.0,0.0
80.0,1257.0,9,3600.0,8.0,2.0,165.0,1.0,0.0,0.0,0.0
80.0,972.0,2,1308.0,2.0,1.0,86.0,0.0,0.0,1.0,0.0
80.0,873.0,3,1340.0,2.0,2.0,54.27,0.0,0.0,0.0,1.0
80.0,1175.0,10,3280.0,9.0,3.0,450.0,1.0,0.0,0.0,0.0
80.0,1257.0,4,2170.0,3.0,2.0,265.0,0.0,0.0,0.0,1.0
80.0,1164.0,3,1719.0,3.0,2.0,135.0,1.0,0.0,0.0,0.0
80.0,315.0,2,1107.83,2.0,1.0,41.51,0.0,0.0,1.0,0.0
21.0,650.0,2,1200.0,2.0,1.0,45.84,0.0,0.0,0.0,1.0
80.0,672.0,1,1090.0,2.0,1.0,31.48,0.0,0.0,1.0,0.0
16.0,1186.0,5,1500.0,5.0,2.0,210.0,0.0,0.0,0.0,1.0
36.0,1248.0,3,1660.0,3.0,2.0,104.0,0.0,0.0,0.0,1.0
80.0,1249.0,2,1247.0,2.0,1.0,58.56,0.0,0.0,0.0,1.0
80.0,60.0,3,1595.0,3.0,2.0,96.0,0.0,0.0,0.0,1.0
26.0,710.0,2,1175.0,2.0,2.0,50.0,1.0,0.0,0.0,0.0
80.0,752.0,8,1200.0,8.0,1.0,135.0,0.0,0.0,0.0,1.0
80.0,230.0,2,1184.0,2.0,1.0,78.0,1.0,0.0,0.0,0.0
80.0,1035.0,2,1100.0,2.0,2.0,55.0,0.0,0.0,0.0,1.0
74.0,214.0,2,935.0,2.0,0.0,78.0,0.0,0.0,0.0,1.0
80.0,230.0,2,1200.0,2.0,2.0,60.0,0.0,0.0,0.0,1.0
26.0,808.0,5,2400.0,5.0,1.0,408.0,0.0,0.0,1.0,0.0
80.0,714.0,2,1000.0,2.0,1.0,45.0,0.0,0.0,0.0,1.0
28.0,1248.0,2,1000.0,2.0,0.0,52.0,0.0,0.0,0.0,1.0
80.0,1134.0,3,1705.0,3.0,2.0,85.0,0.0,0.0,1.0,0.0
80.0,718.0,3,1060.0,2.0,2.0,58.3,0.0,0.0,0.0,1.0
80.0,848.0,4,2325.0,4.0,1.0,120.0,1.0,0.0,0.0,0.0
80.0,84.0,3,1347.0,2.0,2.0,55.0,0.0,0.0,0.0,1.0
80.0,1034.0,8,1200.0,8.0,3.0,250.0,1.0,0.0,0.0,0.0
80.0,579.0,2,1402.0,2.0,2.0,95.0,0.0,0.0,0.0,1.0
80.0,155.0,3,2280.0,4.0,2.0,125.0,0.0,0.0,0.0,1.0
80.0,326.0,2,1225.0,2.0,2.0,71.05,0.0,0.0,1.0,0.0
34.0,272.0,2,1080.0,2.0,1.0,53.0,0.0,0.0,0.0,1.0
80.0,540.0,7,4000.0,7.0,1.0,90.0,0.0,0.0,0.0,1.0
80.0,676.0,3,1919.0,3.0,0.0,300.0,1.0,0.0,0.0,0.0
80.0,260.0,2,1100.0,2.0,2.0,42.6,0.0,0.0,0.0,1.0
28.0,415.0,4,2500.0,4.0,3.0,225.0,1.0,0.0,0.0,0.0
80.0,1034.0,2,1200.0,2.0,2.0,78.0,0.0,0.0,1.0,0.0
80.0,503.0,3,1565.0,2.0,2.0,57.91,0.0,0.0,0.0,1.0
80.0,302.0,2,1200.0,3.0,0.0,78.0,1.0,0.0,0.0,0.0
80.0,317.0,3,1581.0,3.0,3.0,76.0,1.0,0.0,0.0,0.0
80.0,934.0,4,2882.0,5.0,1.0,200.0,0.0,0.0,1.0,0.0
80.0,45.0,5,1440.0,5.0,2.0,97.0,1.0,0.0,0.0,0.0
80.0,662.0,3,2180.0,3.0,3.0,273.0,0.0,0.0,0.0,1.0
80.0,1035.0,4,7000.0,8.0,1.0,450.0,0.0,0.0,0.0,1.0
30.0,1248.0,2,985.0,2.0,1.0,38.92,0.0,0.0,0.0,1.0
80.0,1213.0,2,950.0,2.0,2.0,35.0,0.0,0.0,0.0,1.0
80.0,648.0,2,1339.0,2.0,2.0,55.0,0.0,0.0,0.0,1.0
80.0,1144.0,3,1449.0,3.0,1.0,72.0,1.0,0.0,0.0,0.0
34.0,417.0,4,1200.0,4.0,2.0,180.0,0.0,0.0,0.0,1.0
80.0,106.0,2,1100.0,2.0,2.0,38.68,0.0,0.0,0.0,1.0
80.0,1085.0,2,1003.5,2.0,0.0,28.095,0.0,0.0,0.0,1.0
52.0,903.0,3,2700.0,3.0,2.0,200.0,0.0,0.0,0.0,1.0
80.0,1238.0,2,1100.0,2.0,3.0,55.0,0.0,0.0,0.0,1.0
80.0,417.0,2,1140.0,2.0,1.0,32.92,0.0,0.0,0.0,1.0
33.0,214.0,3,3009.0,3.0,2.0,330.0,0.0,0.0,0.0,1.0
80.0,637.0,8,3300.0,8.0,3.0,310.0,1.0,0.0,0.0,0.0
80.0,533.0,2,800.0,1.0,2.0,30.0,0.0,0.0,0.0,1.0
80.0,972.0,5,2000.0,4.0,0.0,65.0,0.0,0.0,0.0,1.0
42.0,192.0,4,1200.0,4.0,1.0,190.0,0.0,0.0,0.0,1.0
80.0,813.0,2,1300.0,2.0,3.0,95.0,0.0,0.0,1.0,0.0
80.0,191.0,2,1220.0,2.0,2.0,60.0,1.0,0.0,0.0,0.0
80.0,635.0,3,2289.0,3.0,2.0,178.0,0.0,0.0,0.0,1.0
80.0,596.0,2,1170.0,2.0,1.0,56.0,1.0,0.0,0.0,0.0
80.0,1225.0,2,1350.0,2.0,2.0,89.5,0.0,0.0,0.0,1.0
80.0,250.0,2,883.0,2.0,1.0,45.0,1.0,0.0,0.0,0.0
28.0,415.0,3,1698.0,3.0,2.0,125.0,1.0,0.0,0.0,0.0
49.0,1248.0,4,2187.5,4.0,0.0,105.0,0.0,0.0,0.0,1.0
80.0,75.0,2,1060.0,2.0,1.0,58.5,1.0,0.0,0.0,0.0
80.0,46.0,2,1185.0,2.0,2.0,75.0,1.0,0.0,0.0,0.0
31.0,983.0,3,2051.0,3.0,1.0,180.0,0.0,0.0,0.0,1.0
80.0,507.0,2,1404.0,2.0,1.0,72.0,1.0,0.0,0.0,0.0
45.0,520.0,2,1252.0,2.0,1.0,67.0,1.0,0.0,0.0,0.0
28.0,587.0,3,1885.0,3.0,1.0,125.0,0.0,0.0,0.0,1.0
80.0,673.0,6,3381.0,6.0,3.0,225.0,0.0,0.0,0.0,1.0
80.0,511.0,2,980.0,2.0,2.0,42.0,0.0,0.0,0.0,1.0
80.0,1263.0,3,2500.0,3.0,3.0,340.0,0.0,0.0,0.0,1.0
80.0,972.0,3,1420.0,3.0,1.0,66.0,0.0,0.0,0.0,1.0
80.0,1070.0,6,1166.0,6.0,1.0,135.0,0.0,0.0,0.0,1.0
80.0,480.0,3,2312.0,3.0,2.0,156.0,0.0,0.0,0.0,1.0
80.0,849.0,4,3000.0,4.0,1.0,130.0,0.0,0.0,1.0,0.0
80.0,370.0,2,1175.0,2.0,1.0,70.0,0.0,0.0,0.0,1.0
63.0,1144.0,2,1145.0,2.0,2.0,51.0,0.0,0.0,0.0,1.0
80.0,1248.0,2,970.0,2.0,1.0,52.5,0.0,0.0,0.0,1.0
80.0,1045.0,2,1125.0,2.0,1.0,32.49,1.0,0.0,0.0,0.0
40.0,686.0,3,1639.5,3.0,0.0,92.63,0.0,0.0,0.0,1.0
80.0,305.0,4,5000.0,4.0,1.0,300.0,0.0,0.0,0.0,1.0
80.0,1257.0,3,2150.0,3.0,3.0,240.0,1.0,0.0,0.0,0.0
80.0,214.0,3,1635.0,3.0,1.0,57.0,1.0,0.0,0.0,0.0
80.0,1144.0,3,3425.0,3.0,1.0,320.0,0.0,0.0,0.0,1.0
80.0,671.0,4,2950.0,4.0,3.0,253.0,0.0,0.0,1.0,0.0
80.0,513.0,1,1200.0,2.0,1.0,66.0,0.0,0.0,0.0,1.0
40.0,213.0,3,1335.0,2.0,2.0,73.43,0.0,0.0,0.0,1.0
80.0,1248.0,4,4450.0,6.0,0.0,449.0,1.0,0.0,0.0,0.0
80.0,533.0,2,1166.0,2.0,1.0,64.08,0.0,0.0,1.0,0.0
80.0,647.0,3,2390.0,3.0,1.0,372.0,0.0,0.0,1.0,0.0
80.0,848.0,3,1460.0,2.0,1.0,90.0,0.0,0.0,0.0,1.0
80.0,1248.0,3,1690.0,3.0,3.0,50.0,0.0,0.0,0.0,1.0
27.0,573.0,4,1386.0,3.0,2.0,93.0,0.0,0.0,0.0,1.0
80.0,1123.0,2,1090.0,2.0,2.0,32.0,0.0,0.0,0.0,1.0
80.0,532.0,3,1732.0,3.0,1.0,85.73,0.0,0.0,1.0,0.0
80.0,1042.0,2,1390.0,2.0,1.0,72.0,0.0,0.0,0.0,1.0
80.0,700.0,2,1095.0,2.0,1.0,85.41,0.0,0.0,0.0,1.0
80.0,212.0,1,416.0,1.0,1.0,17.19,0.0,0.0,1.0,0.0
80.0,1257.0,3,2400.0,2.0,3.0,50.0,0.0,0.0,0.0,1.0
40.0,265.0,3,1350.0,2.0,3.0,85.0,0.0,0.0,0.0,1.0
80.0,1257.0,3,1453.0,2.0,2.0,73.0,1.0,0.0,0.0,0.0
27.0,983.0,2,1226.0,2.0,1.0,65.0,0.0,0.0,0.0,1.0
80.0,692.0,4,784.0,2.0,2.0,165.0,0.0,0.0,0.0,1.0
14.0,1175.0,3,1168.0,2.0,1.0,68.0,0.0,0.0,0.0,1.0
80.0,1144.0,3,1776.0,3.0,2.0,124.0,0.0,0.0,0.0,1.0
80.0,969.0,3,1634.0,3.0,2.0,68.0,0.0,0.0,0.0,1.0
80.0,1149.0,2,860.0,2.0,0.0,56.0,0.0,0.0,0.0,1.0
80.0,516.0,3,2800.0,3.0,1.0,400.0,0.0,0.0,0.0,1.0
80.0,434.0,3,1650.0,3.0,2.0,95.0,0.0,0.0,1.0,0.0
80.0,533.0,2,1190.0,2.0,1.0,70.0,0.0,0.0,0.0,1.0
14.0,507.0,2,1133.0,2.0,1.0,33.99,0.0,0.0,0.0,1.0
28.0,555.0,3,1559.0,3.0,2.0,62.0,0.0,0.0,0.0,1.0
27.0,720.0,3,1448.0,4.0,0.0,118.0,0.0,0.0,0.0,1.0
80.0,492.0,4,6652.0,6.0,1.0,510.0,0.0,0.0,0.0,1.0
80.0,431.0,2,976.0,2.0,1.0,50.0,0.0,0.0,0.0,1.0
80.0,189.0,4,1350.0,4.0,3.0,240.0,0.0,0.0,0.0,1.0
80.0,582.0,3,1590.0,2.0,2.0,54.0,0.0,0.0,0.0,1.0
24.0,516.0,4,2940.0,6.0,2.0,201.0,0.0,0.0,1.0,0.0
80.0,415.0,3,1633.0,3.0,2.0,110.0,0.0,0.0,0.0,1.0
80.0,70.0,2,1151.0,2.0,2.0,46.0,0.0,0.0,0.0,1.0
80.0,170.0,3,1400.0,2.0,2.0,42.0,0.0,0.0,1.0,0.0
80.0,284.0,2,1037.0,2.0,1.0,36.0,1.0,0.0,0.0,0.0
80.0,771.0,2,1188.0,2.0,1.0,36.0,0.0,0.0,0.0,1.0
80.0,986.0,2,1060.0,2.0,1.0,52.0,1.0,0.0,0.0,0.0
80.0,784.0,3,2215.0,4.0,2.0,162.0,0.0,0.0,0.0,1.0
80.0,904.0,2,1255.0,2.0,2.0,54.5,1.0,0.0,0.0,0.0
80.0,504.0,3,2500.0,2.0,1.0,300.0,1.0,0.0,0.0,0.0
28.0,415.0,2,1075.0,2.0,1.0,53.7,1.0,0.0,0.0,0.0
80.0,547.0,4,2569.0,5.0,3.0,180.0,0.0,0.0,1.0,0.0
80.0,507.0,2,900.0,2.0,1.0,27.0,1.0,0.0,0.0,0.0
26.0,1144.0,2,1183.0,2.0,1.0,79.54,0.0,0.0,0.0,1.0
32.0,75.0,2,1100.0,2.0,2.0,44.0,0.0,0.0,0.0,1.0
24.0,192.0,3,1643.0,2.0,2.0,70.0,0.0,0.0,0.0,1.0
28.0,720.0,3,1500.0,2.0,2.0,120.0,0.0,0.0,0.0,1.0
80.0,109.0,2,1291.0,2.0,1.0,75.0,0.0,0.0,0.0,1.0
80.0,842.0,3,1150.0,3.0,2.0,80.0,1.0,0.0,0.0,0.0
80.0,378.0,2,1060.0,2.0,1.0,55.0,0.0,0.0,1.0,0.0
80.0,709.0,3,1575.0,2.0,2.0,110.0,1.0,0.0,0.0,0.0
31.0,302.0,5,1200.0,4.0,1.0,160.0,0.0,0.0,0.0,1.0
80.0,604.0,4,1700.0,3.0,2.0,55.0,0.0,0.0,0.0,1.0
80.0,429.0,2,1236.0,2.0,1.0,58.0,0.0,0.0,0.0,1.0
80.0,829.0,3,1350.0,2.0,2.0,39.0,1.0,0.0,0.0,0.0
80.0,743.0,3,2475.0,4.0,3.0,326.0,0.0,0.0,0.0,1.0
28.0,1120.0,6,3800.0,6.0,1.0,175.0,0.0,0.0,0.0,1.0
44.0,1034.0,4,4694.0,5.0,1.0,375.0,1.0,0.0,0.0,0.0
80.0,290.0,2,1200.0,2.0,1.0,34.66,0.0,0.0,0.0,1.0
80.0,542.0,4,1200.0,4.0,1.0,75.0,0.0,0.0,0.0,1.0
80.0,29.0,2,1225.0,2.0,2.0,56.0,1.0,0.0,0.0,0.0
80.0,72.0,2,1056.0,2.0,1.0,75.0,0.0,0.0,0.0,1.0
80.0,784.0,3,1240.0,2.0,2.0,42.85,0.0,0.0,0.0,1.0
63.0,662.0,3,1200.0,3.0,2.0,74.52,0.0,0.0,0.0,1.0
27.0,555.0,3,1850.0,3.0,2.0,110.0,0.0,0.0,1.0,0.0
40.0,1257.0,4,3150.0,4.0,3.0,180.0,0.0,0.0,0.0,1.0
80.0,1212.0,1,1200.0,1.0,0.0,39.82,0.0,0.0,0.0,1.0
80.0,1119.0,4,1018.0,4.0,1.0,150.0,1.0,0.0,0.0,0.0
63.0,662.0,5,3520.0,6.0,1.0,460.0,0.0,0.0,0.0,1.0
44.0,533.0,3,1185.0,2.0,2.0,30.22,0.0,1.0,0.0,0.0
80.0,600.0,2,918.0,2.0,2.0,56.0,1.0,0.0,0.0,0.0
80.0,1034.0,3,1330.0,2.0,2.0,68.0,0.0,0.0,1.0,0.0
80.0,1264.0,3,1540.0,2.0,3.0,70.0,0.0,0.0,0.0,1.0
80.0,725.0,2,1200.0,2.0,2.0,80.0,0.0,0.0,1.0,0.0
80.0,72.0,2,927.0,2.0,2.0,37.0,0.0,0.0,0.0,1.0
45.0,1155.0,4,2585.5,4.0,0.0,115.0,0.0,0.0,0.0,1.0
80.0,822.0,3,1400.0,2.0,2.0,78.0,0.0,0.0,1.0,0.0
80.0,1175.0,2,1345.0,2.0,2.0,106.0,0.0,0.0,0.0,1.0
80.0,633.0,4,1900.0,3.0,1.0,400.0,1.0,0.0,0.0,0.0
80.0,1021.0,2,1510.0,2.0,3.0,80.0,1.0,0.0,0.0,0.0
80.0,1134.0,2,302.0,2.0,1.0,25.0,0.0,0.0,1.0,0.0
80.0,504.0,1,525.0,2.0,1.0,27.0,0.0,0.0,0.0,1.0
80.0,172.0,3,1500.0,3.0,1.0,61.52,0.0,0.0,0.0,1.0
80.0,70.0,1,827.5,1.0,0.0,42.535,0.0,0.0,0.0,1.0
80.0,446.0,3,1100.0,2.0,2.0,72.0,0.0,0.0,1.0,0.0
80.0,84.0,3,1200.0,3.0,1.0,68.0,0.0,0.0,1.0,0.0
27.0,806.0,3,1100.0,3.0,2.0,53.0,0.0,0.0,0.0,1.0
80.0,511.0,4,2282.0,4.0,0.0,115.0,0.0,0.0,0.0,1.0
80.0,60.0,2,760.0,2.0,1.0,37.49,0.0,0.0,0.0,1.0
80.0,1035.0,3,2172.0,3.0,0.0,100.0,0.0,0.0,0.0,1.0
31.0,213.0,6,3800.0,6.0,1.0,390.0,0.0,0.0,0.0,1.0
80.0,234.0,4,600.0,2.0,1.0,72.0,0.0,0.0,0.0,1.0
80.0,981.0,3,3300.0,3.0,2.0,165.0,0.0,0.0,0.0,1.0
80.0,686.0,3,1242.0,3.0,1.0,51.0,0.0,0.0,0.0,1.0
80.0,252.0,1,410.0,1.0,1.0,48.0,1.0,0.0,0.0,0.0
45.0,1144.0,3,1245.0,2.0,2.0,43.58,0.0,0.0,0.0,1.0
80.0,504.0,2,1088.0,2.0,2.0,44.0,0.0,0.0,0.0,1.0
80.0,1260.0,2,1200.0,2.0,0.0,46.0,1.0,0.0,0.0,0.0
63.0,662.0,3,1995.0,3.0,1.0,100.0,0.0,0.0,0.0,1.0
80.0,813.0,2,1309.0,2.0,1.0,82.0,0.0,0.0,1.0,0.0
63.0,663.0,3,1717.0,3.0,2.0,200.0,0.0,0.0,0.0,1.0
80.0,983.0,3,2100.0,3.0,2.0,200.0,0.0,0.0,0.0,1.0
80.0,725.0,2,880.0,1.0,0.0,90.0,1.0,0.0,0.0,0.0
31.0,668.0,6,1200.0,6.0,1.0,95.0,0.0,0.0,0.0,1.0
80.0,893.0,3,1250.0,3.0,2.0,42.0,0.0,0.0,0.0,1.0
80.0,293.0,3,3520.0,5.0,2.0,240.0,1.0,0.0,0.0,0.0
80.0,504.0,2,1041.0,2.0,2.0,54.0,0.0,0.0,0.0,1.0
80.0,662.0,3,1505.0,2.0,2.0,60.0,0.0,0.0,0.0,1.0
80.0,568.0,3,1776.0,3.0,2.0,150.0,0.0,0.0,0.0,1.0
80.0,415.0,3,1767.0,3.0,2.0,89.0,0.0,0.0,0.0,1.0
80.0,807.0,2,1293.0,2.0,2.0,80.0,0.0,1.0,0.0,0.0
62.0,420.0,2,1320.0,2.0,1.0,50.0,0.0,0.0,0.0,1.0
80.0,1248.0,2,1280.0,2.0,2.0,68.48,0.0,0.0,1.0,0.0
80.0,1021.0,2,1245.0,2.0,1.0,83.05,1.0,0.0,0.0,0.0
80.0,228.0,2,1027.0,1.0,2.0,44.0,1.0,0.0,0.0,0.0
80.0,72.0,2,1200.0,2.0,1.0,46.17,0.0,0.0,1.0,0.0
46.0,1144.0,3,1100.0,3.0,2.0,58.0,1.0,0.0,0.0,0.0
80.0,522.0,3,1065.0,3.0,1.0,72.0,0.0,0.0,0.0,1.0
80.0,415.0,3,1814.0,3.0,1.0,129.0,1.0,0.0,0.0,0.0
80.0,173.0,3,1610.0,2.0,1.0,112.0,0.0,0.0,0.0,1.0
80.0,476.0,1,850.0,1.0,1.0,78.0,1.0,0.0,0.0,0.0
80.0,662.0,3,1600.0,3.0,3.0,79.0,0.0,0.0,0.0,1.0
80.0,668.0,3,3200.0,4.0,2.0,140.0,1.0,0.0,0.0,0.0
80.0,714.0,3,1250.0,2.0,1.0,77.13,0.0,0.0,0.0,1.0
31.0,415.0,2,1243.0,2.0,2.0,46.0,0.0,0.0,0.0,1.0
48.0,1248.0,3,1452.0,3.0,3.0,60.98,0.0,0.0,1.0,0.0
26.0,23.0,3,1475.0,3.0,3.0,75.0,0.0,0.0,1.0,0.0
80.0,492.0,2,1353.0,2.0,3.0,75.0,0.0,0.0,0.0,1.0
80.0,781.0,4,2100.0,3.0,0.0,210.0,0.0,0.0,0.0,1.0
45.0,520.0,3,1750.0,3.0,2.0,58.0,0.0,0.0,0.0,1.0
80.0,1186.0,4,4800.0,4.0,3.0,550.0,0.0,0.0,0.0,1.0
26.0,304.0,2,1270.0,2.0,1.0,96.0,0.0,0.0,1.0,0.0
80.0,587.0,4,2700.0,3.0,0.0,75.0,0.0,0.0,0.0,1.0
80.0,1248.0,4,1200.0,4.0,2.0,270.0,0.0,0.0,0.0,1.0
31.0,358.0,4,2695.0,4.0,3.0,188.0,0.0,0.0,0.0,1.0
25.0,527.0,3,1330.0,3.0,2.0,65.0,1.0,0.0,0.0,0.0
79.0,542.0,2,660.0,1.0,0.0,18.0,0.0,0.0,1.0,0.0
80.0,504.0,2,1400.0,2.0,3.0,90.0,0.0,0.0,0.0,1.0
28.0,892.0,4,4000.0,5.0,1.0,195.0,0.0,0.0,0.0,1.0
80.0,800.0,3,1700.0,3.0,2.0,75.0,0.0,0.0,1.0,0.0
80.0,1248.0,2,1585.0,2.0,2.0,90.0,0.0,0.0,0.0,1.0
80.0,234.0,3,1385.0,3.0,3.0,67.0,0.0,0.0,0.0,1.0
80.0,302.0,2,1128.0,2.0,1.0,67.0,0.0,0.0,0.0,1.0
80.0,150.0,4,60.0,4.0,2.0,218.0,0.0,0.0,1.0,0.0
80.0,1185.0,18,1200.0,18.0,1.0,200.0,0.0,0.0,1.0,0.0
80.0,214.0,2,1203.0,2.0,2.0,60.0,0.0,0.0,0.0,1.0
80.0,569.0,2,905.0,2.0,1.0,35.0,0.0,0.0,0.0,1.0
80.0,773.0,3,1450.0,3.0,2.0,79.0,1.0,0.0,0.0,0.0
80.0,184.0,2,1105.0,2.0,3.0,38.0,1.0,0.0,0.0,0.0
80.0,230.0,2,1200.0,2.0,1.0,46.13,0.0,0.0,0.0,1.0
80.0,267.0,3,1530.0,2.0,3.0,89.0,0.0,0.0,0.0,1.0
80.0,944.0,2,1105.0,2.0,1.0,35.4,0.0,0.0,1.0,0.0
80.0,465.0,2,1333.0,2.0,1.0,78.56,0.0,0.0,0.0,1.0
80.0,711.0,2,1065.0,2.0,2.0,45.0,1.0,0.0,0.0,0.0
19.0,415.0,2,1350.0,2.0,1.0,8.44,1.0,0.0,0.0,0.0
80.0,290.0,2,1243.0,2.0,2.0,46.0,0.0,0.0,0.0,1.0
80.0,268.0,3,1530.0,3.0,2.0,76.34,0.0,0.0,0.0,1.0
80.0,214.0,2,1200.0,2.0,1.0,65.0,0.0,0.0,0.0,1.0
80.0,389.0,2,1270.0,2.0,1.0,94.0,1.0,0.0,0.0,0.0
80.0,660.0,3,1830.0,3.0,3.0,89.0,1.0,0.0,0.0,0.0
80.0,362.0,2,900.0,2.0,3.0,35.0,1.0,0.0,0.0,0.0
80.0,968.0,4,2400.0,2.0,2.0,250.0,0.0,0.0,0.0,1.0
80.0,276.0,6,7000.0,6.0,2.0,560.0,0.0,0.0,0.0,1.0
80.0,220.0,3,1450.0,2.0,2.0,78.0,0.0,0.0,1.0,0.0
80.0,1144.0,3,1525.0,3.0,3.0,65.0,0.0,0.0,0.0,1.0
80.0,1186.0,2,1080.0,2.0,1.0,67.0,0.0,0.0,0.0,1.0
80.0,1248.0,2,1220.0,2.0,2.0,72.0,0.0,0.0,0.0,1.0
80.0,1248.0,2,1200.0,2.0,2.0,44.4,0.0,0.0,0.0,1.0
80.0,65.0,2,1355.0,2.0,0.0,73.17,0.0,0.0,0.0,1.0
80.0,797.0,3,2400.0,3.0,0.0,348.0,0.0,0.0,0.0,1.0
80.0,137.0,2,1500.0,2.0,2.0,60.0,0.0,0.0,1.0,0.0
80.0,415.0,2,1355.0,2.0,2.0,95.0,1.0,0.0,0.0,0.0
27.0,511.0,2,1070.0,2.0,1.0,57.0,0.0,0.0,0.0,1.0
80.0,174.0,3,1980.0,4.0,1.0,180.0,0.0,0.0,1.0,0.0
80.0,364.0,2,842.0,2.0,2.0,30.0,0.0,0.0,1.0,0.0
80.0,1036.0,1,700.0,1.0,1.0,31.2,1.0,0.0,0.0,0.0
40.0,528.0,3,2500.0,4.0,1.0,65.0,0.0,0.0,0.0,1.0
43.0,662.0,3,1884.0,3.0,2.0,95.0,0.0,0.0,0.0,1.0
80.0,1035.0,2,1100.0,2.0,2.0,75.0,1.0,0.0,0.0,0.0
80.0,496.0,2,1196.0,2.0,2.0,40.54,0.0,0.0,1.0,0.0
80.0,221.0,3,1820.0,3.0,2.0,85.0,0.0,0.0,1.0,0.0
45.0,534.0,8,1200.0,8.0,1.0,145.0,0.0,0.0,0.0,1.0
80.0,1238.0,2,1185.0,2.0,2.0,43.5,0.0,0.0,0.0,1.0
80.0,435.0,3,2145.0,3.0,2.0,170.0,0.0,0.0,0.0,1.0
80.0,358.0,2,1220.0,2.0,1.0,89.0,0.0,0.0,0.0,1.0
80.0,1258.0,2,1116.0,2.0,3.0,51.91,0.0,0.0,0.0,1.0
80.0,676.0,2,1192.0,2.0,3.0,75.0,0.0,0.0,0.0,1.0
80.0,668.0,3,1449.0,3.0,2.0,110.0,0.0,0.0,0.0,1.0
80.0,118.0,3,2500.0,3.0,1.0,250.0,0.0,0.0,0.0,1.0
80.0,850.0,3,1700.0,3.0,2.0,90.0,0.0,0.0,1.0,0.0
80.0,459.0,3,1920.0,3.0,2.0,150.0,1.0,0.0,0.0,0.0
80.0,1258.0,2,1350.0,2.0,0.0,90.0,1.0,0.0,0.0,0.0
80.0,313.0,4,4800.0,5.0,2.0,350.0,1.0,0.0,0.0,0.0
27.0,302.0,3,1700.0,3.0,2.0,74.0,0.0,0.0,0.0,1.0
80.0,1144.0,2,1447.0,3.0,2.0,76.0,0.0,0.0,0.0,1.0
80.0,420.0,2,1329.0,2.0,1.0,107.0,1.0,0.0,0.0,0.0
80.0,98.0,3,1314.0,2.0,2.0,70.44,0.0,0.0,0.0,1.0
33.0,652.0,3,1200.0,3.0,2.0,110.0,0.0,0.0,0.0,1.0
34.0,268.0,6,1214.0,3.0,0.0,220.0,0.0,0.0,0.0,1.0
80.0,492.0,3,1513.0,3.0,1.0,103.0,0.0,0.0,0.0,1.0
34.0,417.0,2,1246.0,2.0,1.0,67.5,0.0,0.0,0.0,1.0
80.0,472.0,1,705.0,1.0,1.0,65.0,0.0,0.0,0.0,1.0
80.0,1248.0,2,1220.0,2.0,2.0,62.0,0.0,0.0,0.0,1.0
26.0,1134.0,3,1800.0,2.0,1.0,45.0,0.0,0.0,1.0,0.0
80.0,784.0,3,1400.0,3.0,2.0,75.0,0.0,0.0,0.0,1.0
80.0,1186.0,2,1245.0,2.0,2.0,80.0,0.0,0.0,0.0,1.0
42.0,1248.0,3,1495.0,2.0,1.0,63.0,0.0,0.0,0.0,1.0
80.0,233.0,3,2000.0,2.0,2.0,275.0,0.0,0.0,0.0,1.0
80.0,990.0,2,996.0,2.0,2.0,36.5,0.0,0.0,0.0,1.0
80.0,234.0,2,1000.0,2.0,1.0,44.0,0.0,0.0,0.0,1.0
80.0,300.0,2,1250.0,2.0,3.0,75.0,0.0,0.0,1.0,0.0
34.0,636.0,2,975.0,2.0,1.0,24.86,0.0,0.0,1.0,0.0
80.0,667.0,3,1261.0,2.0,1.0,80.0,0.0,0.0,0.0,1.0
80.0,573.0,2,1080.0,2.0,2.0,46.0,0.0,0.0,0.0,1.0
80.0,1263.0,2,1230.0,2.0,1.0,50.0,0.0,0.0,0.0,1.0
80.0,1257.0,2,982.0,2.0,2.0,25.53,0.0,0.0,0.0,1.0
80.0,537.0,3,1260.0,3.0,1.0,49.36,0.0,0.0,0.0,1.0
80.0,1172.0,3,1590.0,2.0,2.0,135.0,0.0,0.0,1.0,0.0
26.0,1042.0,2,1220.0,2.0,2.0,39.0,0.0,0.0,1.0,0.0
32.0,592.0,3,1320.0,2.0,1.0,38.12,0.0,0.0,0.0,1.0
80.0,1035.0,3,1750.0,3.0,2.0,105.0,0.0,0.0,0.0,1.0
40.0,1146.0,3,1436.0,2.0,3.0,62.15,0.0,0.0,0.0,1.0
80.0,719.0,3,1200.0,2.0,0.0,66.0,0.0,0.0,0.0,1.0
80.0,1248.0,2,1500.0,2.0,1.0,140.0,0.0,0.0,1.0,0.0
34.0,268.0,3,1560.0,3.0,2.0,90.0,0.0,0.0,0.0,1.0
80.0,1258.0,3,3758.0,3.0,1.0,300.0,0.0,0.0,0.0,1.0
35.0,302.0,2,1275.0,2.0,2.0,59.0,0.0,0.0,1.0,0.0
80.0,344.0,2,1040.0,2.0,2.0,36.4,0.0,0.0,0.0,1.0
80.0,70.0,3,2400.0,3.0,2.0,115.0,1.0,0.0,0.0,0.0
80.0,192.0,6,1500.0,9.0,3.0,230.0,0.0,0.0,0.0,1.0
80.0,100.0,4,3150.0,5.0,1.0,212.0,0.0,0.0,0.0,1.0
80.0,652.0,3,1960.0,3.0,2.0,165.0,0.0,0.0,0.0,1.0
80.0,1219.0,4,3200.0,5.0,3.0,309.0,0.0,0.0,1.0,0.0
80.0,216.0,2,1195.0,2.0,2.0,100.0,0.0,0.0,1.0,0.0
80.0,1238.0,2,1195.0,2.0,0.0,53.105,0.0,0.0,0.0,1.0
26.0,250.0,5,4500.0,5.0,2.0,145.0,0.0,0.0,0.0,1.0
80.0,266.0,3,450.0,3.0,1.0,70.0,0.0,0.0,0.0,1.0
36.0,308.0,4,4304.0,4.0,2.0,699.0,0.0,0.0,0.0,1.0
80.0,153.0,1,648.0,1.0,1.0,40.0,0.0,0.0,0.0,1.0
80.0,43.0,3,2100.0,3.0,2.0,130.0,0.0,0.0,1.0,0.0
34.0,637.0,4,4209.0,4.0,2.0,602.0,0.0,0.0,1.0,0.0
80.0,662.0,2,1027.0,2.0,1.0,44.0,0.0,0.0,0.0,1.0
80.0,393.0,4,1575.0,4.0,3.0,250.0,0.0,0.0,0.0,1.0
80.0,542.0,3,1365.0,3.0,1.0,52.82,0.0,0.0,0.0,1.0
80.0,478.0,1,650.0,1.0,1.0,18.0,0.0,0.0,0.0,1.0
80.0,414.0,3,1200.0,2.0,1.0,52.0,1.0,0.0,0.0,0.0
26.0,787.0,2,1100.0,2.0,3.0,90.0,0.0,0.0,0.0,1.0
63.0,662.0,3,1075.0,2.0,1.0,57.0,0.0,0.0,0.0,1.0
80.0,306.0,2,1100.0,2.0,1.0,63.0,1.0,0.0,0.0,0.0
80.0,1258.0,3,1320.0,2.0,1.0,58.0,1.0,0.0,0.0,0.0
80.0,41.0,3,1500.0,3.0,2.0,65.0,0.0,0.0,1.0,0.0
80.0,1238.0,4,1200.0,5.0,1.0,150.0,0.0,0.0,0.0,1.0
80.0,983.0,4,1125.0,3.0,2.0,126.0,0.0,0.0,0.0,1.0
31.0,1186.0,2,1246.0,2.0,1.0,67.5,0.0,0.0,0.0,1.0
80.0,104.0,3,1718.0,3.0,2.0,90.2,0.0,0.0,0.0,1.0
80.0,669.0,3,1075.0,2.0,1.0,32.0,1.0,0.0,0.0,0.0
80.0,719.0,3,1480.0,3.0,1.0,75.48,1.0,0.0,0.0,0.0
80.0,972.0,1,500.0,1.0,1.0,13.0,0.0,0.0,0.0,1.0
34.0,482.0,5,2400.0,4.0,1.0,325.0,0.0,0.0,0.0,1.0
80.0,859.0,4,1200.0,4.0,2.0,125.0,0.0,0.0,0.0,1.0
80.0,1208.0,2,1041.0,2.0,1.0,36.44,1.0,0.0,0.0,0.0
80.0,507.0,2,1128.0,2.0,2.0,48.4,0.0,0.0,0.0,1.0
52.0,230.0,3,1685.0,3.0,1.0,90.0,0.0,0.0,0.0,1.0
80.0,234.0,2,1180.0,2.0,2.0,65.0,0.0,0.0,0.0,1.0
26.0,872.0,2,1200.0,2.0,1.0,60.0,0.0,0.0,0.0,1.0
27.0,55.0,3,1250.0,3.0,2.0,39.5,0.0,0.0,0.0,1.0
80.0,719.0,2,900.0,2.0,1.0,41.0,0.0,0.0,0.0,1.0
80.0,651.0,2,1000.0,2.0,1.0,45.0,0.0,0.0,1.0,0.0
80.0,838.0,2,600.0,2.0,2.0,80.0,0.0,0.0,0.0,1.0
80.0,533.0,4,600.0,3.0,2.0,82.0,0.0,0.0,0.0,1.0
80.0,334.0,2,1404.0,2.0,1.0,70.0,0.0,0.0,0.0,1.0
80.0,70.0,3,1610.0,2.0,2.0,115.0,0.0,0.0,0.0,1.0
80.0,262.0,2,1760.0,2.0,1.0,85.0,1.0,0.0,0.0,0.0
80.0,986.0,2,975.0,2.0,1.0,55.0,0.0,0.0,1.0,0.0
80.0,1035.0,2,1190.0,2.0,2.0,42.0,0.0,0.0,0.0,1.0
80.0,150.0,2,1110.0,2.0,1.0,46.0,0.0,0.0,1.0,0.0
80.0,491.0,3,2415.0,3.0,2.0,399.0,0.0,0.0,0.0,1.0
80.0,986.0,2,1235.0,2.0,2.0,44.5,0.0,0.0,0.0,1.0
80.0,275.0,2,1275.0,2.0,3.0,55.0,0.0,0.0,0.0,1.0
80.0,102.0,2,1115.0,2.0,1.0,115.0,1.0,0.0,0.0,0.0
80.0,1258.0,2,1197.0,2.0,1.0,76.0,0.0,0.0,0.0,1.0
80.0,472.0,1,644.0,1.0,1.0,32.0,0.0,0.0,0.0,1.0
33.0,892.0,2,1251.0,2.0,3.0,47.0,0.0,0.0,0.0,1.0
26.0,892.0,2,1105.0,2.0,2.0,30.0,0.0,0.0,0.0,1.0
80.0,1080.0,2,1080.0,2.0,2.0,38.0,0.0,0.0,0.0,1.0
80.0,276.0,4,2100.0,3.0,1.0,114.0,0.0,0.0,0.0,1.0
80.0,968.0,4,1600.0,4.0,1.0,200.0,0.0,0.0,0.0,1.0
80.0,1248.0,3,1731.0,3.0,3.0,64.11,0.0,0.0,0.0,1.0
80.0,520.0,2,1206.0,2.0,1.0,55.0,0.0,0.0,0.0,1.0
80.0,457.0,3,1560.0,3.0,2.0,78.0,0.0,0.0,0.0,1.0
80.0,128.0,1,750.0,1.0,2.0,47.0,0.0,0.0,0.0,1.0
63.0,662.0,2,1035.0,2.0,2.0,90.0,0.0,0.0,0.0,1.0
33.0,714.0,7,1200.0,6.0,2.0,150.0,0.0,0.0,0.0,1.0
80.0,960.0,1,702.0,1.0,0.0,35.8,1.0,0.0,0.0,0.0
80.0,1066.0,3,1700.0,3.0,1.0,65.0,0.0,0.0,0.0,1.0
80.0,80.0,2,1145.0,2.0,2.0,68.5,0.0,0.0,0.0,1.0
80.0,582.0,3,1208.0,2.0,2.0,43.5,0.0,0.0,0.0,1.0
80.0,673.0,3,1589.0,3.0,2.0,74.0,0.0,0.0,0.0,1.0
80.0,937.0,2,560.0,2.0,1.0,22.0,0.0,0.0,0.0,1.0
30.0,290.0,3,1426.0,2.0,2.0,61.5,0.0,0.0,0.0,1.0
75.0,528.0,3,1885.0,3.0,2.0,135.0,0.0,0.0,0.0,1.0
80.0,705.0,2,935.0,2.0,0.0,37.77,0.0,0.0,1.0,0.0
80.0,300.0,2,1171.0,2.0,2.0,73.0,0.0,0.0,0.0,1.0
80.0,872.0,2,1465.0,2.0,3.0,60.0,0.0,0.0,1.0,0.0
80.0,784.0,3,1820.0,3.0,2.0,95.0,0.0,0.0,0.0,1.0
80.0,323.0,3,1580.0,2.0,2.0,66.85,0.0,0.0,0.0,1.0
80.0,944.0,3,1452.0,2.0,2.0,46.29,0.0,0.0,0.0,1.0
80.0,415.0,3,1445.0,2.0,1.0,89.56,0.0,0.0,0.0,1.0
80.0,94.0,2,1170.0,2.0,1.0,39.0,1.0,0.0,0.0,0.0
33.0,265.0,2,1070.0,2.0,1.0,50.0,0.0,0.0,0.0,1.0
80.0,662.0,3,1100.0,3.0,2.0,53.0,0.0,0.0,1.0,0.0
80.0,70.0,2,1140.0,2.0,2.0,56.0,0.0,0.0,0.0,1.0
80.0,1144.0,3,2600.0,3.0,2.0,160.0,0.0,0.0,0.0,1.0
80.0,229.0,3,1532.0,3.0,2.0,59.75,1.0,0.0,0.0,0.0
26.0,884.0,2,1150.0,2.0,1.0,46.0,0.0,0.0,0.0,1.0
80.0,988.0,2,1473.0,2.0,1.0,85.0,0.0,0.0,1.0,0.0
80.0,1172.0,3,1350.0,3.0,2.0,80.99,1.0,0.0,0.0,0.0
80.0,1175.0,4,4040.0,4.0,0.0,500.0,0.0,0.0,0.0,1.0
80.0,214.0,3,1980.0,4.0,2.0,166.0,0.0,0.0,0.0,1.0
80.0,652.0,3,1660.0,3.0,2.0,128.0,0.0,0.0,0.0,1.0
80.0,173.0,7,2456.0,7.0,2.0,85.0,0.0,0.0,0.0,1.0
80.0,106.0,2,650.0,2.0,2.0,45.0,1.0,0.0,0.0,0.0
80.0,819.0,5,4000.0,5.0,2.0,425.0,0.0,0.0,0.0,1.0
80.0,58.0,3,2475.0,4.0,3.0,340.0,0.0,0.0,0.0,1.0
8.0,1035.0,3,1495.0,3.0,2.0,90.0,0.0,0.0,1.0,0.0
80.0,775.0,2,1080.0,2.0,1.0,48.0,1.0,0.0,0.0,0.0
80.0,383.0,3,1521.0,2.0,2.0,57.5,0.0,0.0,0.0,1.0
31.0,983.0,2,1053.0,2.0,0.0,51.0,0.0,0.0,1.0,0.0
80.0,1018.0,3,2406.0,5.0,2.0,289.0,0.0,0.0,1.0,0.0
39.0,230.0,4,800.0,5.0,3.0,115.0,0.0,0.0,0.0,1.0
80.0,504.0,2,1050.0,2.0,1.0,42.0,0.0,0.0,0.0,1.0
80.0,845.0,3,1430.0,2.0,2.0,51.48,0.0,0.0,0.0,1.0
80.0,492.0,3,2400.0,3.0,2.0,12.0,1.0,0.0,0.0,0.0
80.0,646.0,3,1250.0,3.0,2.0,39.0,0.0,0.0,1.0,0.0
80.0,1049.0,4,1200.0,2.0,1.0,75.0,0.0,0.0,0.0,1.0
80.0,507.0,1,840.0,1.0,1.0,150.0,0.0,0.0,0.0,1.0
80.0,520.0,2,1000.0,2.0,2.0,39.5,0.0,0.0,0.0,1.0
32.0,729.0,3,1630.0,3.0,3.0,68.0,0.0,0.0,0.0,1.0
80.0,192.0,2,985.0,2.0,1.0,40.5,0.0,0.0,0.0,1.0
80.0,546.0,2,1200.0,2.0,2.0,70.0,0.0,0.0,1.0,0.0
80.0,415.0,3,1650.0,3.0,3.0,100.0,0.0,0.0,0.0,1.0
80.0,648.0,3,1670.0,3.0,2.0,59.0,0.0,0.0,0.0,1.0
80.0,1158.0,5,1200.0,5.0,1.0,205.0,1.0,0.0,0.0,0.0
80.0,983.0,4,1240.0,4.0,0.0,110.0,0.0,0.0,0.0,1.0
80.0,371.0,2,1000.0,2.0,2.0,60.0,1.0,0.0,0.0,0.0
50.0,420.0,2,830.0,2.0,2.0,26.0,0.0,0.0,0.0,1.0
80.0,1036.0,3,1200.0,3.0,1.0,56.1,1.0,0.0,0.0,0.0
80.0,714.0,5,9600.0,7.0,2.0,2736.0,0.0,0.0,0.0,1.0
80.0,72.0,4,2500.0,6.0,0.0,122.5,1.0,0.0,0.0,0.0
80.0,1035.0,2,1140.0,2.0,2.0,43.0,0.0,0.0,0.0,1.0
27.0,1263.0,3,1635.0,3.0,3.0,85.0,0.0,0.0,0.0,1.0
80.0,214.0,2,1120.0,2.0,1.0,70.0,0.0,0.0,0.0,1.0
80.0,1035.0,6,2750.0,6.0,3.0,200.0,0.0,0.0,0.0,1.0
80.0,1248.0,3,1760.0,3.0,2.0,185.0,0.0,0.0,0.0,1.0
29.0,1152.0,3,2137.0,3.0,2.0,110.0,0.0,0.0,0.0,1.0
52.0,529.0,2,973.0,2.0,1.0,50.74,1.0,0.0,0.0,0.0
80.0,431.0,3,1724.0,3.0,1.0,146.0,0.0,0.0,0.0,1.0
80.0,315.0,2,1020.0,2.0,2.0,40.79,1.0,0.0,0.0,0.0
80.0,1248.0,4,1200.0,4.0,3.0,375.0,0.0,0.0,0.0,1.0
80.0,588.0,1,750.0,1.0,1.0,35.0,1.0,0.0,0.0,0.0
17.0,1035.0,2,883.0,2.0,1.0,49.0,0.0,0.0,0.0,1.0
80.0,1035.0,2,660.0,2.0,0.0,76.0,0.0,0.0,0.0,1.0
80.0,472.0,4,2787.0,5.0,2.0,220.0,1.0,0.0,0.0,0.0
52.0,420.0,3,1470.0,2.0,3.0,60.0,0.0,0.0,0.0,1.0
26.0,1248.0,2,891.0,2.0,1.0,24.95,0.0,0.0,0.0,1.0
34.0,715.0,2,1275.0,2.0,1.0,76.0,0.0,0.0,0.0,1.0
80.0,729.0,3,1787.0,3.0,2.0,120.0,1.0,0.0,0.0,0.0
28.0,417.0,5,1730.0,5.0,2.0,75.0,1.0,0.0,0.0,0.0
80.0,313.0,2,1320.0,2.0,2.0,110.0,0.0,0.0,0.0,1.0
80.0,112.0,3,1692.0,3.0,3.0,108.0,0.0,0.0,0.0,1.0
45.0,520.0,3,1400.0,3.0,2.0,69.0,0.0,0.0,0.0,1.0
80.0,190.0,2,1115.0,2.0,1.0,50.0,0.0,0.0,0.0,1.0
80.0,140.0,2,1370.0,2.0,2.0,56.0,0.0,0.0,0.0,1.0
80.0,1257.0,3,1602.0,3.0,2.0,56.0,0.0,0.0,0.0,1.0
34.0,28.0,1,793.0,1.0,1.0,40.0,0.0,0.0,1.0,0.0
80.0,96.0,1,675.0,1.0,1.0,35.0,1.0,0.0,0.0,0.0
80.0,1123.0,4,3250.0,4.0,2.0,136.0,0.0,0.0,0.0,1.0
80.0,814.0,2,1050.0,2.0,3.0,43.0,0.0,0.0,1.0,0.0
80.0,66.0,2,1035.0,2.0,1.0,42.5,0.0,0.0,0.0,1.0
80.0,60.0,3,1200.0,2.0,2.0,44.0,0.0,0.0,0.0,1.0
26.0,223.0,3,1800.0,3.0,2.0,128.0,1.0,0.0,0.0,0.0
80.0,1257.0,3,1625.0,3.0,2.0,70.0,0.0,0.0,0.0,1.0
80.0,797.0,2,1032.0,2.0,1.0,31.99,0.0,0.0,0.0,1.0
80.0,513.0,3,1496.0,2.0,1.0,71.81,0.0,0.0,0.0,1.0
80.0,960.0,2,1100.0,2.0,2.0,38.0,1.0,0.0,0.0,0.0
80.0,72.0,3,1500.0,3.0,2.0,50.0,0.0,0.0,0.0,1.0
80.0,504.0,2,1125.0,2.0,1.0,32.63,0.0,0.0,0.0,1.0
80.0,116.0,3,1555.0,3.0,3.0,73.0,0.0,0.0,0.0,1.0
80.0,924.0,2,1025.0,2.0,1.0,42.0,0.0,0.0,0.0,1.0
80.0,415.0,3,1482.0,2.0,1.0,83.73,1.0,0.0,0.0,0.0
80.0,533.0,3,1630.0,2.0,2.0,130.0,0.0,0.0,0.0,1.0
80.0,414.0,2,900.0,2.0,1.0,44.5,0.0,0.0,1.0,0.0
27.0,770.0,3,1355.0,2.0,3.0,75.0,0.0,0.0,0.0,1.0
80.0,476.0,4,2360.0,4.0,2.0,601.0,0.0,0.0,0.0,1.0
15.0,624.0,2,1200.0,2.0,2.0,45.0,0.0,0.0,1.0,0.0
80.0,968.0,3,1563.0,3.0,2.0,63.0,0.0,0.0,0.0,1.0
80.0,192.0,4,1344.0,4.0,1.0,84.0,0.0,0.0,1.0,0.0
26.0,417.0,3,3000.0,3.0,2.0,400.0,0.0,0.0,0.0,1.0
80.0,1186.0,2,812.0,2.0,1.0,42.0,0.0,0.0,0.0,1.0
34.0,668.0,2,1200.0,2.0,1.0,70.0,0.0,0.0,0.0,1.0
80.0,1034.0,4,3175.0,4.0,1.0,156.0,0.0,0.0,0.0,1.0
80.0,112.0,2,1360.0,2.0,1.0,101.0,1.0,0.0,0.0,0.0
80.0,1186.0,3,1835.0,3.0,3.0,88.0,0.0,0.0,0.0,1.0
80.0,1171.0,3,1756.0,3.0,2.0,110.0,0.0,0.0,1.0,0.0
80.0,1035.0,3,1296.0,2.0,2.0,51.83,0.0,0.0,0.0,1.0
80.0,391.0,2,1300.0,2.0,1.0,75.0,0.0,0.0,0.0,1.0
26.0,1095.0,2,1141.0,2.0,1.0,50.0,0.0,0.0,0.0,1.0
80.0,1205.0,3,1270.0,2.0,2.0,50.79,1.0,0.0,0.0,0.0
80.0,729.0,2,1210.0,2.0,1.0,55.0,0.0,0.0,0.0,1.0
80.0,1144.0,2,1310.0,2.0,2.0,67.0,0.0,0.0,0.0,1.0
80.0,783.0,5,1356.0,5.0,2.0,139.0,0.0,0.0,1.0,0.0
80.0,214.0,3,1187.0,2.0,0.0,55.195,0.0,0.0,0.0,1.0
80.0,573.0,3,1745.0,3.0,2.0,140.0,0.0,0.0,0.0,1.0
80.0,322.0,5,1200.0,5.0,1.0,125.0,1.0,0.0,0.0,0.0
27.0,269.0,2,1050.0,2.0,2.0,37.0,1.0,0.0,0.0,0.0
80.0,1161.0,4,2400.0,4.0,3.0,500.0,1.0,0.0,0.0,0.0
80.0,807.0,2,1140.0,2.0,1.0,34.0,1.0,0.0,0.0,0.0
80.0,520.0,2,1210.0,2.0,2.0,54.0,0.0,0.0,0.0,1.0
80.0,262.0,3,2035.0,3.0,2.0,142.0,0.0,0.0,0.0,1.0
80.0,171.0,1,633.0,1.0,1.0,17.09,0.0,0.0,0.0,1.0
80.0,604.0,1,485.0,1.0,1.0,19.5,0.0,0.0,0.0,1.0
80.0,644.0,2,1112.0,2.0,2.0,40.0,0.0,0.0,0.0,1.0
80.0,1168.0,2,1200.0,2.0,0.0,82.0,0.0,0.0,0.0,1.0
80.0,78.0,3,2275.0,4.0,2.0,187.0,1.0,0.0,0.0,0.0
45.0,534.0,3,1419.0,3.0,2.0,85.0,0.0,0.0,0.0,1.0
80.0,729.0,2,1195.0,2.0,1.0,42.4,0.0,0.0,0.0,1.0
80.0,769.0,3,2020.0,3.0,3.0,270.0,0.0,0.0,1.0,0.0
80.0,1035.0,2,1047.0,2.0,2.0,91.0,0.0,0.0,0.0,1.0
26.0,769.0,3,1884.0,4.0,2.0,117.0,0.0,0.0,0.0,1.0
52.0,582.0,3,1200.0,3.0,2.0,149.0,0.0,0.0,0.0,1.0
80.0,1056.0,2,905.0,2.0,1.0,58.0,0.0,0.0,0.0,1.0
80.0,70.0,3,1500.0,2.0,1.0,108.0,0.0,0.0,0.0,1.0
80.0,1134.0,1,850.0,1.0,0.0,50.0,0.0,0.0,1.0,0.0
33.0,714.0,2,1125.0,2.0,1.0,32.49,0.0,0.0,0.0,1.0
80.0,632.0,2,1165.0,2.0,2.0,59.8,0.0,0.0,0.0,1.0
80.0,108.0,2,933.0,2.0,0.0,55.0,0.0,0.0,0.0,1.0
80.0,1257.0,3,1305.0,2.0,1.0,77.0,0.0,0.0,0.0,1.0
80.0,725.0,2,1125.0,2.0,1.0,65.0,1.0,0.0,0.0,0.0
49.0,302.0,2,865.0,2.0,2.0,33.0,0.0,0.0,0.0,1.0
80.0,390.0,3,1245.0,3.0,3.0,66.0,1.0,0.0,0.0,0.0
32.0,1248.0,2,8840.0,2.0,3.0,300.0,1.0,0.0,0.0,0.0
80.0,1035.0,3,1145.0,2.0,2.0,60.0,0.0,0.0,0.0,1.0
80.0,1035.0,3,2000.0,3.0,1.0,90.0,0.0,0.0,0.0,1.0
80.0,700.0,1,625.0,1.0,1.0,43.68,1.0,0.0,0.0,0.0
26.0,229.0,3,1724.0,3.0,2.0,128.0,0.0,0.0,0.0,1.0
80.0,662.0,1,400.0,1.0,1.0,75.0,0.0,0.0,0.0,1.0
80.0,213.0,3,1270.0,2.0,1.0,54.0,1.0,0.0,0.0,0.0
80.0,885.0,3,1250.0,3.0,2.0,39.5,0.0,0.0,1.0,0.0
80.0,639.0,3,1485.0,3.0,2.0,72.0,0.0,0.0,0.0,1.0
80.0,492.0,2,823.0,2.0,1.0,80.0,0.0,0.0,0.0,1.0
26.0,210.0,2,990.0,2.0,2.0,50.0,0.0,0.0,1.0,0.0
80.0,511.0,3,1200.0,2.0,0.0,66.0,0.0,0.0,0.0,1.0
80.0,301.0,2,1185.0,2.0,2.0,59.0,0.0,0.0,1.0,0.0
80.0,1252.0,2,1140.0,2.0,1.0,78.0,0.0,0.0,1.0,0.0
80.0,1134.0,3,1950.0,4.0,2.0,120.0,0.0,0.0,0.0,1.0
80.0,1144.0,3,1756.0,3.0,2.0,125.0,0.0,0.0,0.0,1.0
80.0,755.0,4,2600.0,4.0,2.0,300.0,0.0,0.0,0.0,1.0
80.0,520.0,1,520.0,1.0,1.0,14.04,0.0,0.0,0.0,1.0
80.0,910.0,2,1025.0,2.0,1.0,48.0,0.0,0.0,0.0,1.0
80.0,1034.0,2,1216.0,2.0,1.0,72.0,0.0,0.0,1.0,0.0
80.0,489.0,2,1026.0,2.0,2.0,60.8,0.0,0.0,0.0,1.0
28.0,511.0,4,3335.0,4.0,3.0,300.0,0.0,0.0,0.0,1.0
80.0,849.0,5,2700.0,4.0,2.0,125.0,0.0,0.0,0.0,1.0
80.0,1263.0,3,1411.0,2.0,2.0,60.0,0.0,0.0,0.0,1.0
31.0,363.0,3,1320.0,2.0,1.0,39.6,0.0,0.0,0.0,1.0
80.0,686.0,2,1320.0,2.0,0.0,50.0,0.0,0.0,0.0,1.0
80.0,1055.0,4,615.0,4.0,2.0,110.0,1.0,0.0,0.0,0.0
80.0,834.0,3,1804.0,3.0,2.0,155.0,0.0,0.0,0.0,1.0
80.0,400.0,2,1140.0,2.0,2.0,46.0,0.0,0.0,0.0,1.0
30.0,1201.0,4,1200.0,4.0,1.0,105.0,0.0,0.0,0.0,1.0
34.0,417.0,4,2375.0,4.0,2.0,189.0,0.0,0.0,0.0,1.0
80.0,949.0,3,1750.0,3.0,2.0,120.0,1.0,0.0,0.0,0.0
80.0,251.0,9,960.0,5.0,2.0,130.0,0.0,0.0,0.0,1.0
80.0,58.0,2,1152.0,2.0,2.0,55.0,1.0,0.0,0.0,0.0
63.0,662.0,2,965.0,2.0,1.0,54.0,0.0,0.0,0.0,1.0
80.0,633.0,3,1684.0,3.0,1.0,120.0,0.0,0.0,1.0,0.0
80.0,547.0,3,1672.0,3.0,2.0,86.0,0.0,0.0,0.0,1.0
80.0,686.0,2,1075.0,2.0,2.0,60.0,1.0,0.0,0.0,0.0
44.0,230.0,3,1500.0,5.0,2.0,95.0,0.0,0.0,0.0,1.0
80.0,1035.0,3,1464.0,3.0,2.0,56.0,0.0,0.0,0.0,1.0
80.0,927.0,2,1420.0,2.0,1.0,99.26,0.0,0.0,1.0,0.0
20.0,415.0,2,750.0,2.0,0.0,40.0,1.0,0.0,0.0,0.0
80.0,229.0,2,1169.0,2.0,2.0,64.08,0.0,0.0,0.0,1.0
80.0,662.0,3,1290.0,2.0,1.0,62.0,1.0,0.0,0.0,0.0
80.0,784.0,2,1160.0,2.0,2.0,40.6,0.0,0.0,0.0,1.0
80.0,1186.0,7,2800.0,5.0,3.0,95.0,0.0,0.0,1.0,0.0
80.0,555.0,3,1500.0,3.0,2.0,70.0,0.0,0.0,0.0,1.0
26.0,1035.0,3,1850.0,3.0,1.0,180.0,1.0,0.0,0.0,0.0
80.0,1287.0,3,1300.0,3.0,2.0,46.0,0.0,0.0,0.0,1.0
80.0,513.0,3,1310.0,2.0,1.0,37.84,0.0,0.0,1.0,0.0
80.0,1055.0,3,2750.0,5.0,2.0,550.0,0.0,0.0,1.0,0.0
80.0,1212.0,3,2150.0,3.0,0.0,170.0,0.0,0.0,1.0,0.0
80.0,662.0,6,5100.0,5.0,3.0,300.0,0.0,0.0,1.0,0.0
80.0,797.0,3,1300.0,2.0,3.0,69.0,0.0,0.0,0.0,1.0
80.0,547.0,3,1875.0,2.0,1.0,110.0,1.0,0.0,0.0,0.0
80.0,624.0,3,1260.0,2.0,1.0,82.0,0.0,0.0,0.0,1.0
80.0,583.0,5,2500.0,4.0,3.0,100.0,0.0,0.0,0.0,1.0
80.0,124.0,2,1241.0,2.0,1.0,64.0,1.0,0.0,0.0,0.0
80.0,388.0,2,1025.0,2.0,2.0,45.5,1.0,0.0,0.0,0.0
80.0,124.0,2,1500.0,1.0,0.0,218.0,0.0,0.0,0.0,1.0
34.0,800.0,2,1070.0,2.0,1.0,60.0,0.0,0.0,1.0,0.0
80.0,1257.0,2,815.0,2.0,1.0,40.0,0.0,0.0,0.0,1.0
80.0,1111.0,3,2000.0,3.0,3.0,105.0,0.0,0.0,0.0,1.0
80.0,996.0,2,1400.0,2.0,1.0,190.0,1.0,0.0,0.0,0.0
80.0,1277.0,4,1740.0,4.0,3.0,175.0,0.0,0.0,0.0,1.0
80.0,696.0,4,5667.5,5.0,0.0,300.0,0.0,0.0,1.0,0.0
80.0,924.0,2,1216.0,2.0,2.0,70.0,1.0,0.0,0.0,0.0
80.0,836.0,3,2200.0,2.0,1.0,190.0,0.0,0.0,0.0,1.0
80.0,513.0,4,3500.0,5.0,2.0,450.0,0.0,0.0,0.0,1.0
80.0,304.0,6,970.0,6.0,3.0,105.0,0.0,0.0,0.0,1.0
80.0,150.0,7,3150.0,7.0,3.0,375.0,0.0,0.0,0.0,1.0
80.0,214.0,2,1200.0,2.0,0.0,62.0,0.0,0.0,0.0,1.0
52.0,662.0,2,1026.0,2.0,1.0,50.18,0.0,0.0,0.0,1.0
80.0,797.0,1,450.0,1.0,1.0,20.0,0.0,0.0,0.0,1.0
80.0,109.0,2,1205.0,2.0,1.0,45.79,0.0,0.0,0.0,1.0
80.0,752.0,2,1368.0,2.0,3.0,87.0,0.0,0.0,0.0,1.0
80.0,1218.0,1,420.0,1.0,1.0,12.5,0.0,0.0,1.0,0.0
80.0,1029.0,2,1270.0,2.0,2.0,42.0,0.0,0.0,0.0,1.0
27.0,417.0,2,614.0,1.0,1.0,28.0,1.0,0.0,0.0,0.0
80.0,561.0,2,1050.0,2.0,0.0,58.0,0.0,0.0,0.0,1.0
80.0,624.0,2,1408.0,2.0,2.0,58.0,0.0,0.0,0.0,1.0
80.0,1144.0,3,1223.0,2.0,2.0,42.81,0.0,0.0,0.0,1.0
29.0,834.0,3,1507.0,3.0,1.0,80.0,0.0,0.0,0.0,1.0
80.0,686.0,2,1160.0,2.0,2.0,57.0,1.0,0.0,0.0,0.0
28.0,415.0,3,1200.0,3.0,1.0,70.0,1.0,0.0,0.0,0.0
27.0,950.0,2,960.0,2.0,3.0,50.0,0.0,0.0,1.0,0.0
80.0,656.0,2,1021.0,2.0,2.0,46.0,0.0,0.0,0.0,1.0
80.0,968.0,3,2162.03,4.0,2.0,129.0,1.0,0.0,0.0,0.0
16.0,1248.0,2,1065.0,2.0,1.0,36.0,0.0,0.0,0.0,1.0
80.0,1184.0,1,400.0,1.0,1.0,10.25,0.0,0.0,1.0,0.0
80.0,845.0,3,1465.0,2.0,1.0,75.0,0.0,0.0,0.0,1.0
80.0,382.0,2,900.0,2.0,1.0,41.0,0.0,0.0,1.0,0.0
26.0,829.0,3,1800.0,3.0,2.0,95.0,0.0,0.0,0.0,1.0
80.0,573.0,2,1175.0,2.0,2.0,83.0,1.0,0.0,0.0,0.0
35.0,1144.0,3,6729.0,4.0,1.0,900.0,0.0,0.0,0.0,1.0
80.0,413.0,4,1500.0,4.0,1.0,360.0,0.0,0.0,0.0,1.0
80.0,684.0,2,1050.0,2.0,0.0,59.0,0.0,0.0,0.0,1.0
80.0,1257.0,3,1400.0,2.0,2.0,40.43,0.0,0.0,0.0,1.0
80.0,773.0,3,1650.0,3.0,1.0,150.0,0.0,0.0,0.0,1.0
63.0,511.0,3,1827.0,3.0,2.0,97.0,0.0,0.0,0.0,1.0
80.0,797.0,3,1930.0,4.0,2.0,122.0,0.0,0.0,0.0,1.0
80.0,797.0,2,883.0,2.0,1.0,37.0,1.0,0.0,0.0,0.0
80.0,1164.0,1,550.0,1.0,1.0,16.75,0.0,0.0,0.0,1.0
80.0,167.0,3,1400.0,2.0,1.0,40.44,0.0,0.0,0.0,1.0
80.0,447.0,4,1350.0,4.0,1.0,310.0,0.0,0.0,0.0,1.0
80.0,266.0,3,1290.0,2.0,3.0,38.69,1.0,0.0,0.0,0.0
80.0,725.0,3,1021.0,3.0,2.0,59.0,1.0,0.0,0.0,0.0
80.0,415.0,2,1158.0,2.0,1.0,55.0,0.0,0.0,0.0,1.0
80.0,146.0,5,1200.0,4.0,1.0,99.0,1.0,0.0,0.0,0.0
80.0,1035.0,3,1400.0,2.0,2.0,135.0,0.0,0.0,0.0,1.0
80.0,965.0,4,2400.0,3.0,0.0,200.0,1.0,0.0,0.0,0.0
80.0,268.0,3,1200.0,2.0,1.0,57.9,0.0,0.0,1.0,0.0
80.0,830.0,3,1520.0,3.0,2.0,125.0,0.0,0.0,0.0,1.0
80.0,1248.0,1,777.0,1.0,0.0,38.46,0.0,0.0,1.0,0.0
80.0,662.0,3,2710.0,3.0,2.0,177.0,0.0,0.0,0.0,1.0
29.0,320.0,2,1150.0,2.0,2.0,57.0,0.0,0.0,0.0,1.0
80.0,843.0,2,1101.0,2.0,2.0,37.0,1.0,0.0,0.0,0.0
80.0,415.0,3,1200.0,2.0,3.0,110.0,0.0,0.0,0.0,1.0
26.0,1248.0,2,1252.0,2.0,1.0,92.0,0.0,0.0,0.0,1.0
80.0,441.0,3,1650.0,3.0,2.0,85.0,1.0,0.0,0.0,0.0
80.0,1161.0,2,1270.0,2.0,2.0,80.0,0.0,0.0,0.0,1.0
0.0,727.0,2,992.0,2.0,1.0,70.0,1.0,0.0,0.0,0.0
80.0,986.0,3,2000.0,3.0,2.0,85.0,0.0,0.0,0.0,1.0
80.0,725.0,2,893.0,2.0,2.0,34.5,1.0,0.0,0.0,0.0
80.0,1257.0,3,1075.0,2.0,1.0,41.49,0.0,0.0,0.0,1.0
45.0,520.0,7,3200.0,7.0,0.0,150.0,0.0,0.0,0.0,1.0
80.0,719.0,2,1190.0,2.0,1.0,42.0,0.0,0.0,0.0,1.0
80.0,533.0,3,800.0,2.0,0.0,60.0,0.0,0.0,0.0,1.0
80.0,325.0,3,1814.0,3.0,3.0,63.0,1.0,0.0,0.0,0.0
80.0,1080.0,3,1400.0,3.0,2.0,98.0,0.0,0.0,0.0,1.0
80.0,28.0,5,1400.0,6.0,3.0,252.0,0.0,0.0,0.0,1.0
34.0,598.0,3,1344.0,2.0,0.0,56.0,0.0,0.0,0.0,1.0
80.0,415.0,4,5400.0,5.0,3.0,475.0,0.0,0.0,0.0,1.0
40.0,1144.0,3,1843.0,3.0,2.0,95.0,0.0,0.0,0.0,1.0
80.0,1186.0,2,1138.0,2.0,1.0,32.0,0.0,0.0,0.0,1.0
80.0,201.0,3,1495.0,2.0,2.0,70.0,0.0,0.0,1.0,0.0
80.0,75.0,2,880.0,2.0,1.0,19.0,1.0,0.0,0.0,0.0
80.0,96.0,3,1396.0,3.0,1.0,74.0,0.0,0.0,0.0,1.0
80.0,459.0,3,1610.0,2.0,3.0,119.0,0.0,0.0,0.0,1.0
80.0,1257.0,2,1050.0,2.0,2.0,55.0,1.0,0.0,0.0,0.0
80.0,692.0,3,1410.0,2.0,2.0,43.71,1.0,0.0,0.0,0.0
80.0,293.0,2,1050.0,2.0,2.0,37.8,0.0,0.0,0.0,1.0
80.0,378.0,3,1310.0,2.0,1.0,85.0,1.0,0.0,0.0,0.0
80.0,588.0,2,1104.0,2.0,2.0,58.0,0.0,0.0,0.0,1.0
80.0,192.0,2,1165.0,2.0,1.0,67.0,0.0,0.0,0.0,1.0
80.0,1172.0,2,1027.0,2.0,2.0,44.0,1.0,0.0,0.0,0.0
80.0,497.0,2,1310.0,2.0,3.0,60.0,0.0,0.0,1.0,0.0
80.0,234.0,2,1052.0,2.0,2.0,52.0,0.0,0.0,0.0,1.0
80.0,1111.0,3,1464.0,3.0,2.0,56.0,0.0,0.0,0.0,1.0
80.0,507.0,2,1000.0,2.0,2.0,45.0,0.0,0.0,0.0,1.0
80.0,786.0,3,2240.0,3.0,2.0,300.0,0.0,0.0,0.0,1.0
80.0,790.0,2,1150.0,2.0,1.0,38.08,0.0,0.0,1.0,0.0
80.0,1144.0,3,2019.0,3.0,1.0,70.67,0.0,0.0,0.0,1.0
80.0,777.0,2,986.0,2.0,1.0,31.0,0.0,0.0,0.0,1.0
80.0,668.0,1,1350.0,1.0,1.0,145.0,0.0,0.0,0.0,1.0
32.0,983.0,8,800.0,8.0,1.0,140.0,0.0,0.0,0.0,1.0
80.0,915.0,3,1893.0,4.0,2.0,95.0,0.0,0.0,1.0,0.0
80.0,1253.0,3,1318.0,3.0,2.0,56.0,0.0,0.0,1.0,0.0
80.0,520.0,3,1325.0,2.0,2.0,58.0,0.0,0.0,0.0,1.0
26.0,356.0,2,800.0,2.0,1.0,33.0,0.0,0.0,0.0,1.0
80.0,424.0,3,1300.0,3.0,2.0,42.25,0.0,0.0,0.0,1.0
45.0,1035.0,3,1300.0,2.0,2.0,60.0,0.0,0.0,0.0,1.0
80.0,415.0,2,1010.0,2.0,1.0,52.0,0.0,0.0,0.0,1.0
80.0,1121.0,2,1260.0,2.0,3.0,75.0,1.0,0.0,0.0,0.0
80.0,516.0,4,2500.0,4.0,0.0,170.0,0.0,0.0,0.0,1.0
45.0,1257.0,3,1520.0,3.0,1.0,165.0,0.0,0.0,0.0,1.0
80.0,1248.0,3,1665.0,3.0,1.0,85.0,0.0,0.0,0.0,1.0
80.0,532.0,3,1800.0,3.0,1.0,80.0,0.0,0.0,0.0,1.0
27.0,520.0,2,1197.0,2.0,1.0,75.0,0.0,0.0,0.0,1.0
80.0,60.0,2,1050.0,2.0,2.0,45.0,1.0,0.0,0.0,0.0
80.0,1035.0,5,910.0,4.0,2.0,194.0,0.0,0.0,0.0,1.0
15.0,228.0,3,1241.0,2.0,1.0,68.0,0.0,0.0,0.0,1.0
80.0,93.0,3,1567.0,2.0,3.0,62.0,0.0,0.0,0.0,1.0
80.0,417.0,3,1747.0,3.0,1.0,110.0,0.0,0.0,0.0,1.0
80.0,29.0,3,1475.0,2.0,2.0,55.0,0.0,0.0,0.0,1.0
80.0,141.0,4,600.0,4.0,1.0,70.0,0.0,0.0,1.0,0.0
80.0,1257.0,3,1524.0,4.0,2.0,400.0,0.0,0.0,0.0,1.0
80.0,70.0,2,980.0,2.0,1.0,51.0,0.0,0.0,1.0,0.0
80.0,507.0,2,966.0,2.0,1.0,58.0,0.0,0.0,0.0,1.0
80.0,417.0,4,2360.0,3.0,2.0,185.0,0.0,0.0,0.0,1.0
80.0,972.0,2,1112.0,2.0,1.0,62.0,0.0,0.0,1.0,0.0
80.0,415.0,2,550.0,1.0,1.0,16.0,0.0,0.0,1.0,0.0
80.0,851.0,3,1760.0,3.0,3.0,90.0,0.0,0.0,0.0,1.0
80.0,528.0,3,1830.0,2.0,3.0,113.0,0.0,0.0,1.0,0.0
80.0,108.0,2,1175.0,2.0,1.0,67.77,0.0,0.0,1.0,0.0
80.0,790.0,2,1175.0,2.0,1.0,41.0,0.0,0.0,1.0,0.0
52.0,662.0,2,1025.0,2.0,2.0,45.0,0.0,0.0,0.0,1.0
80.0,417.0,2,1232.0,2.0,1.0,80.0,0.0,0.0,0.0,1.0
80.0,155.0,2,1010.0,2.0,2.0,57.0,1.0,0.0,0.0,0.0
80.0,1175.0,2,1273.0,2.0,2.0,60.0,1.0,0.0,0.0,0.0
34.0,624.0,2,1590.0,2.0,2.0,102.0,1.0,0.0,0.0,0.0
80.0,167.0,2,1100.0,2.0,1.0,58.5,0.0,0.0,0.0,1.0
80.0,634.0,3,1252.0,2.0,1.0,65.0,0.0,0.0,1.0,0.0
80.0,1144.0,4,2615.0,5.0,3.0,222.0,1.0,0.0,0.0,0.0
80.0,633.0,5,1200.0,6.0,1.0,140.0,0.0,0.0,0.0,1.0
80.0,74.0,2,1322.0,2.0,1.0,77.9,0.0,0.0,1.0,0.0
80.0,520.0,1,1000.0,1.0,1.0,60.0,0.0,0.0,0.0,1.0
80.0,512.0,3,1755.0,3.0,2.0,117.0,1.0,0.0,0.0,0.0
80.0,784.0,2,1135.0,2.0,2.0,46.0,0.0,0.0,0.0,1.0
80.0,1144.0,8,1200.0,10.0,2.0,180.0,0.0,0.0,0.0,1.0
80.0,55.0,4,1200.0,4.0,1.0,125.0,0.0,0.0,0.0,1.0
80.0,634.0,2,1260.0,2.0,2.0,85.5,0.0,0.0,1.0,0.0
80.0,725.0,5,3250.0,5.0,2.0,395.0,1.0,0.0,0.0,0.0
16.0,1267.0,4,3500.0,4.0,2.0,550.0,0.0,0.0,1.0,0.0
80.0,214.0,5,1200.0,6.0,2.0,110.0,0.0,0.0,0.0,1.0
26.0,713.0,3,1100.0,2.0,1.0,53.0,0.0,0.0,0.0,1.0
80.0,1144.0,3,1305.0,3.0,1.0,65.0,0.0,0.0,0.0,1.0
80.0,1021.0,2,1236.0,2.0,1.0,50.0,1.0,0.0,0.0,0.0
31.0,415.0,2,1125.0,1.0,2.0,45.0,0.0,0.0,0.0,1.0
80.0,492.0,2,1075.0,2.0,2.0,32.25,0.0,0.0,0.0,1.0
80.0,276.0,3,2000.0,3.0,2.0,85.0,0.0,0.0,0.0,1.0
80.0,668.0,8,772.0,5.0,1.0,60.0,0.0,0.0,0.0,1.0
80.0,350.0,6,2999.97,6.0,0.0,110.0,0.0,0.0,0.0,1.0
80.0,753.0,2,1150.0,2.0,2.0,42.0,0.0,0.0,1.0,0.0
80.0,1070.0,4,1440.0,4.0,1.0,240.0,1.0,0.0,0.0,0.0
63.0,1144.0,2,1085.0,2.0,1.0,43.4,0.0,0.0,0.0,1.0
28.0,415.0,3,1785.0,3.0,0.0,165.0,1.0,0.0,0.0,0.0
80.0,1137.0,3,2475.0,4.0,3.0,300.0,0.0,0.0,0.0,1.0
80.0,1144.0,3,1930.0,4.0,2.0,120.0,0.0,0.0,0.0,1.0
80.0,1241.0,2,600.0,4.0,1.0,70.0,1.0,0.0,0.0,0.0
80.0,622.0,2,800.0,1.0,0.0,45.0,0.0,0.0,0.0,1.0
80.0,1050.0,4,2450.0,3.0,2.0,110.0,0.0,0.0,0.0,1.0
80.0,1144.0,4,1200.0,4.0,0.0,120.0,0.0,0.0,0.0,1.0
80.0,1248.0,3,1920.0,3.0,3.0,122.0,0.0,0.0,0.0,1.0
80.0,914.0,2,1085.0,2.0,2.0,34.2,0.0,0.0,0.0,1.0
80.0,838.0,1,760.0,1.0,2.0,50.4,0.0,0.0,1.0,0.0
33.0,1175.0,2,1201.0,2.0,3.0,80.0,0.0,0.0,0.0,1.0
80.0,1035.0,3,1615.0,3.0,2.0,97.0,0.0,0.0,1.0,0.0
80.0,1144.0,2,1289.0,2.0,1.0,70.0,0.0,0.0,0.0,1.0
16.0,1144.0,3,1991.0,4.0,2.0,100.0,1.0,0.0,0.0,0.0
80.0,528.0,2,1377.0,2.0,2.0,80.0,0.0,0.0,0.0,1.0
80.0,540.0,3,2880.0,3.0,2.0,560.0,1.0,0.0,0.0,0.0
24.0,186.0,3,1892.0,3.0,2.0,200.0,0.0,0.0,0.0,1.0
80.0,1175.0,3,2176.0,3.0,3.0,348.0,0.0,0.0,0.0,1.0
80.0,653.0,1,663.0,1.0,0.0,32.82,0.0,0.0,1.0,0.0
80.0,914.0,2,1165.0,2.0,1.0,33.65,0.0,0.0,0.0,1.0
31.0,1285.0,3,3554.0,4.0,1.0,340.0,0.0,0.0,1.0,0.0
80.0,39.0,2,1260.0,2.0,1.0,45.5,0.0,0.0,0.0,1.0
27.0,269.0,2,1095.0,2.0,1.0,39.0,1.0,0.0,0.0,0.0
80.0,557.0,2,1050.0,2.0,2.0,65.0,0.0,0.0,0.0,1.0
80.0,662.0,2,1176.0,2.0,2.0,50.0,1.0,0.0,0.0,0.0
28.0,269.0,3,1801.0,3.0,2.0,115.0,1.0,0.0,0.0,0.0
80.0,1155.0,2,1315.0,2.0,3.0,55.0,0.0,0.0,0.0,1.0
80.0,944.0,2,1194.0,2.0,2.0,46.0,0.0,0.0,0.0,1.0
80.0,910.0,2,2400.0,2.0,1.0,125.0,0.0,0.0,0.0,1.0
80.0,1134.0,3,1308.0,2.0,3.0,53.0,0.0,0.0,0.0,1.0
80.0,995.0,4,4250.0,4.0,2.0,610.0,0.0,0.0,0.0,1.0
80.0,1248.0,3,1806.0,6.0,2.0,116.0,0.0,0.0,0.0,1.0
80.0,701.0,4,3671.0,4.0,1.0,220.0,0.0,0.0,1.0,0.0
80.0,520.0,3,2144.0,3.0,2.0,140.0,0.0,0.0,0.0,1.0
80.0,234.0,2,1065.0,2.0,3.0,33.75,1.0,0.0,0.0,0.0
80.0,33.0,2,1205.0,2.0,1.0,67.0,0.0,0.0,0.0,1.0
34.0,636.0,2,1160.0,2.0,2.0,40.58,0.0,0.0,1.0,0.0
80.0,106.0,4,750.0,4.0,2.0,90.0,0.0,0.0,0.0,1.0
63.0,662.0,2,1194.0,2.0,2.0,47.0,0.0,0.0,0.0,1.0
80.0,1072.0,3,1200.0,3.0,1.0,56.53,1.0,0.0,0.0,0.0
80.0,344.0,3,1681.0,3.0,3.0,69.0,0.0,0.0,0.0,1.0
80.0,534.0,2,1130.0,2.0,1.0,32.64,0.0,0.0,0.0,1.0
80.0,1263.0,4,3633.0,5.0,1.0,335.0,1.0,0.0,0.0,0.0
80.0,234.0,3,1843.0,3.0,2.0,90.0,0.0,0.0,0.0,1.0
80.0,955.0,2,1065.0,2.0,1.0,30.75,1.0,0.0,0.0,0.0
80.0,54.0,3,1885.0,3.0,2.0,85.52,0.0,0.0,0.0,1.0
80.0,504.0,2,1500.0,2.0,2.0,45.0,0.0,0.0,0.0,1.0
80.0,504.0,2,1210.0,2.0,2.0,69.0,1.0,0.0,0.0,0.0
27.0,417.0,2,1126.0,2.0,1.0,39.4,1.0,0.0,0.0,0.0
80.0,175.0,3,1357.0,2.0,2.0,59.0,0.0,0.0,0.0,1.0
80.0,914.0,3,1451.0,2.0,2.0,46.4,0.0,0.0,0.0,1.0
80.0,892.0,4,1600.0,3.0,3.0,185.0,0.0,0.0,0.0,1.0
38.0,1248.0,2,950.0,2.0,1.0,55.0,0.0,0.0,0.0,1.0
80.0,1066.0,2,960.0,2.0,2.0,48.0,0.0,0.0,0.0,1.0
80.0,317.0,3,1625.0,3.0,3.0,92.0,0.0,0.0,0.0,1.0
49.0,662.0,3,2200.0,4.0,1.0,150.0,0.0,0.0,0.0,1.0
34.0,910.0,3,1607.0,2.0,2.0,112.0,0.0,0.0,0.0,1.0
80.0,420.0,2,900.0,2.0,1.0,46.29,0.0,0.0,0.0,1.0
80.0,781.0,2,1080.0,2.0,2.0,38.0,0.0,0.0,0.0,1.0
80.0,755.0,3,2300.0,3.0,1.0,250.0,0.0,0.0,0.0,1.0
80.0,400.0,4,1708.0,3.0,0.0,64.05,0.0,0.0,0.0,1.0
33.0,967.0,6,2500.0,5.0,2.0,185.0,0.0,0.0,0.0,1.0
80.0,714.0,3,1690.0,2.0,2.0,116.0,0.0,0.0,0.0,1.0
80.0,186.0,5,2100.0,3.0,0.0,145.0,0.0,0.0,0.0,1.0
80.0,1157.0,2,1269.0,2.0,2.0,97.0,0.0,0.0,0.0,1.0
80.0,1179.0,2,1243.0,2.0,2.0,46.0,0.0,0.0,0.0,1.0
29.0,605.0,3,1890.0,3.0,2.0,84.0,0.0,0.0,1.0,0.0
80.0,1271.0,2,1165.0,2.0,1.0,33.64,0.0,0.0,0.0,1.0
45.0,461.0,2,1196.0,2.0,2.0,56.81,0.0,0.0,0.0,1.0
35.0,1035.0,2,1194.0,2.0,2.0,47.0,0.0,0.0,0.0,1.0
40.0,656.0,3,1630.0,3.0,2.0,110.0,0.0,0.0,0.0,1.0
80.0,1035.0,2,1063.0,2.0,1.0,42.52,1.0,0.0,0.0,0.0
26.0,1257.0,2,1025.0,2.0,1.0,39.98,1.0,0.0,0.0,0.0
80.0,784.0,2,1067.0,2.0,1.0,38.0,1.0,0.0,0.0,0.0
66.0,528.0,2,1299.0,2.0,1.0,89.63,0.0,0.0,0.0,1.0
80.0,1157.0,2,1343.0,2.0,1.0,76.0,0.0,0.0,0.0,1.0
52.0,1034.0,3,1330.0,2.0,2.0,44.0,0.0,0.0,0.0,1.0
80.0,968.0,3,1524.0,2.0,3.0,72.0,0.0,0.0,0.0,1.0
34.0,662.0,4,2236.0,4.0,2.0,153.0,0.0,0.0,0.0,1.0
45.0,461.0,3,2955.0,3.0,1.0,235.0,0.0,0.0,0.0,1.0
80.0,653.0,3,1410.0,2.0,2.0,45.12,0.0,0.0,0.0,1.0
80.0,719.0,3,1581.0,3.0,3.0,76.0,0.0,0.0,0.0,1.0
80.0,1144.0,2,1205.0,2.0,1.0,79.0,0.0,0.0,0.0,1.0
80.0,1035.0,3,1270.0,2.0,2.0,95.25,0.0,0.0,0.0,1.0
80.0,290.0,3,1353.0,2.0,2.0,110.0,0.0,0.0,0.0,1.0
31.0,417.0,2,1200.0,2.0,1.0,68.0,1.0,0.0,0.0,0.0
80.0,201.0,3,1250.0,2.0,1.0,70.0,1.0,0.0,0.0,0.0
80.0,1035.0,3,1950.2,3.0,2.0,261.0,0.0,0.0,0.0,1.0
80.0,968.0,3,1157.0,2.0,1.0,69.0,0.0,0.0,0.0,1.0
80.0,784.0,1,825.0,1.0,0.0,35.475,0.0,0.0,0.0,1.0
80.0,491.0,2,1000.0,2.0,2.0,40.0,0.0,0.0,1.0,0.0
80.0,714.0,1,602.0,1.0,1.0,33.0,0.0,0.0,0.0,1.0
80.0,983.0,5,3000.0,4.0,0.0,900.0,0.0,0.0,0.0,1.0
28.0,516.0,2,1108.0,2.0,0.0,66.46,0.0,0.0,0.0,1.0
80.0,797.0,2,1040.0,2.0,1.0,68.0,0.0,0.0,0.0,1.0
80.0,70.0,2,1451.0,2.0,1.0,87.0,1.0,0.0,0.0,0.0
80.0,206.0,2,1196.0,2.0,2.0,40.54,1.0,0.0,0.0,0.0
80.0,1144.0,1,850.0,1.0,1.0,37.32,0.0,0.0,0.0,1.0
80.0,356.0,3,2171.66,3.0,2.0,298.0,0.0,0.0,0.0,1.0
80.0,719.0,2,900.0,2.0,1.0,40.0,0.0,0.0,0.0,1.0
34.0,195.0,1,720.0,1.0,1.0,33.0,0.0,0.0,0.0,1.0
80.0,1149.0,3,1573.0,3.0,2.0,115.0,0.0,0.0,0.0,1.0
80.0,1035.0,2,1026.0,2.0,1.0,60.8,0.0,0.0,0.0,1.0
80.0,60.0,3,1400.0,2.0,2.0,78.0,0.0,0.0,0.0,1.0
80.0,1157.0,3,1400.0,2.0,2.0,40.44,0.0,0.0,1.0,0.0
80.0,130.0,4,2100.0,3.0,1.0,147.0,0.0,0.0,1.0,0.0
80.0,358.0,2,1150.0,2.0,1.0,48.5,1.0,0.0,0.0,0.0
80.0,845.0,3,1500.0,3.0,2.0,88.0,0.0,0.0,1.0,0.0
80.0,639.0,3,2400.0,3.0,2.0,380.0,0.0,0.0,0.0,1.0
28.0,1248.0,3,1200.0,3.0,2.0,240.0,0.0,0.0,0.0,1.0
80.0,186.0,3,1790.0,3.0,2.0,105.0,1.0,0.0,0.0,0.0
28.0,461.0,2,1125.0,2.0,2.0,75.0,0.0,0.0,0.0,1.0
80.0,149.0,3,1830.5,3.0,0.0,84.205,0.0,0.0,0.0,1.0
80.0,635.0,2,1100.0,2.0,1.0,50.0,0.0,0.0,0.0,1.0
80.0,507.0,2,1080.0,2.0,1.0,51.0,0.0,0.0,0.0,1.0
37.0,302.0,2,1105.0,2.0,2.0,57.0,0.0,0.0,0.0,1.0
80.0,173.0,2,1110.0,2.0,2.0,46.5,0.0,0.0,0.0,1.0
80.0,305.0,1,708.0,1.0,1.0,41.0,0.0,0.0,0.0,1.0
80.0,53.0,2,1027.0,2.0,2.0,44.0,0.0,0.0,1.0,0.0
80.0,512.0,3,1600.0,3.0,1.0,100.0,0.0,0.0,0.0,1.0
80.0,1035.0,4,3122.0,6.0,2.0,250.0,0.0,0.0,1.0,0.0
80.0,472.0,2,1205.0,2.0,2.0,37.0,0.0,0.0,0.0,1.0
80.0,214.0,3,1450.0,2.0,2.0,73.0,1.0,0.0,0.0,0.0
31.0,983.0,4,750.0,4.0,2.0,125.0,0.0,0.0,0.0,1.0
80.0,206.0,1,540.0,1.0,0.0,22.0,0.0,0.0,1.0,0.0
80.0,1175.0,2,1200.0,2.0,2.0,42.0,1.0,0.0,0.0,0.0
54.0,1248.0,5,1200.0,5.0,1.0,260.0,0.0,0.0,0.0,1.0
80.0,1257.0,3,1837.0,2.0,2.0,95.0,0.0,0.0,0.0,1.0
80.0,924.0,2,1346.0,2.0,1.0,76.01,0.0,0.0,0.0,1.0
80.0,944.0,2,1012.0,2.0,1.0,68.0,0.0,0.0,0.0,1.0
26.0,1186.0,3,1950.2,3.0,2.0,193.0,0.0,0.0,0.0,1.0
80.0,582.0,2,1125.0,2.0,2.0,55.0,0.0,0.0,0.0,1.0
80.0,700.0,3,1500.0,2.0,2.0,60.0,0.0,0.0,0.0,1.0
80.0,504.0,2,1197.0,2.0,1.0,79.9,0.0,0.0,0.0,1.0
80.0,482.0,3,1230.0,2.0,2.0,31.37,0.0,0.0,0.0,1.0
34.0,1186.0,2,1100.0,2.0,2.0,47.0,0.0,0.0,0.0,1.0
80.0,781.0,3,1563.0,2.0,2.0,52.0,1.0,0.0,0.0,0.0
80.0,1257.0,7,2240.0,4.0,1.0,700.0,0.0,0.0,0.0,1.0
80.0,662.0,4,3729.0,4.0,2.0,384.0,0.0,0.0,0.0,1.0
80.0,557.0,3,1600.0,3.0,1.0,120.0,0.0,0.0,0.0,1.0
80.0,234.0,3,1715.0,3.0,3.0,120.0,0.0,0.0,0.0,1.0
80.0,223.0,4,2400.0,4.0,1.0,180.0,0.0,0.0,1.0,0.0
80.0,104.0,2,1151.0,2.0,2.0,42.5,0.0,0.0,0.0,1.0
80.0,520.0,6,1200.0,6.0,2.0,220.0,0.0,0.0,0.0,1.0
80.0,56.0,2,1123.0,2.0,2.0,60.0,0.0,0.0,0.0,1.0
80.0,1257.0,2,1276.0,2.0,1.0,69.5,0.0,0.0,0.0,1.0
80.0,559.0,2,1315.0,2.0,3.0,77.0,0.0,0.0,1.0,0.0
80.0,117.0,3,1270.0,2.0,2.0,50.79,0.0,1.0,0.0,0.0
80.0,155.0,2,1325.0,2.0,2.0,52.0,0.0,0.0,0.0,1.0
80.0,145.0,3,1600.0,3.0,2.0,63.2,0.0,0.0,0.0,1.0
80.0,339.0,3,1660.0,3.0,2.0,104.0,0.0,0.0,0.0,1.0
80.0,743.0,2,1299.0,2.0,3.0,58.0,0.0,0.0,0.0,1.0
80.0,639.0,2,953.0,2.0,1.0,90.0,0.0,0.0,0.0,1.0
80.0,848.0,2,1457.0,2.0,3.0,60.0,0.0,0.0,1.0,0.0
80.0,234.0,2,1000.0,1.0,1.0,65.0,1.0,0.0,0.0,0.0
80.0,714.0,3,1100.0,2.0,3.0,76.3,0.0,0.0,0.0,1.0
80.0,290.0,3,1075.0,2.0,1.0,33.53,0.0,0.0,0.0,1.0
80.0,491.0,3,1450.0,3.0,3.0,51.0,1.0,0.0,0.0,0.0
80.0,520.0,5,5515.0,6.0,2.0,425.0,0.0,0.0,0.0,1.0
80.0,520.0,1,950.0,1.0,1.0,40.0,0.0,0.0,0.0,1.0
80.0,266.0,5,1200.0,3.0,1.0,180.0,0.0,0.0,0.0,1.0
80.0,469.0,2,1013.0,2.0,2.0,60.0,1.0,0.0,0.0,0.0
80.0,725.0,2,1140.0,2.0,2.0,56.0,1.0,0.0,0.0,0.0
80.0,1175.0,3,2100.0,3.0,3.0,220.0,0.0,0.0,0.0,1.0
80.0,600.0,3,1430.0,3.0,1.0,61.0,0.0,0.0,1.0,0.0
80.0,389.0,4,600.0,3.0,0.0,95.0,1.0,0.0,0.0,0.0
80.0,1138.0,3,1600.0,3.0,2.0,77.0,0.0,0.0,0.0,1.0
80.0,363.0,2,1190.0,2.0,1.0,48.0,1.0,0.0,0.0,0.0
80.0,415.0,3,1625.0,3.0,2.0,95.0,0.0,0.0,0.0,1.0
80.0,192.0,2,1210.0,2.0,2.0,53.0,0.0,0.0,1.0,0.0
75.0,528.0,3,1615.0,3.0,2.0,150.0,0.0,0.0,0.0,1.0
80.0,1212.0,2,1180.0,2.0,2.0,85.0,0.0,0.0,1.0,0.0
26.0,1035.0,2,1500.0,2.0,0.0,91.0,0.0,0.0,0.0,1.0
80.0,202.0,2,850.0,2.0,1.0,45.0,0.0,0.0,0.0,1.0
34.0,250.0,2,1130.0,2.0,2.0,55.0,0.0,0.0,0.0,1.0
34.0,531.0,2,907.0,2.0,2.0,38.0,0.0,0.0,0.0,1.0
80.0,1080.0,2,1300.0,2.0,3.0,90.0,0.0,0.0,0.0,1.0
80.0,1034.0,3,1891.0,3.0,1.0,110.0,0.0,0.0,1.0,0.0
80.0,28.0,3,1735.0,3.0,3.0,78.0,0.0,0.0,0.0,1.0
80.0,714.0,3,1075.0,2.0,1.0,33.0,0.0,0.0,1.0,0.0
80.0,420.0,5,258.3336,5.0,0.0,75.0,0.0,0.0,0.0,1.0
80.0,662.0,7,2040.0,4.0,3.0,123.0,0.0,0.0,0.0,1.0
80.0,522.0,3,1590.0,3.0,2.0,57.0,1.0,0.0,0.0,0.0
80.0,855.0,5,1600.0,5.0,2.0,140.0,0.0,0.0,0.0,1.0
80.0,545.0,2,1160.0,2.0,3.0,55.0,0.0,0.0,0.0,1.0
35.0,1282.0,2,930.0,1.0,1.0,55.0,0.0,0.0,0.0,1.0
54.0,180.0,2,1010.0,2.0,1.0,58.0,0.0,0.0,0.0,1.0
80.0,1248.0,2,1221.0,2.0,2.0,68.0,0.0,0.0,0.0,1.0
80.0,743.0,4,2400.0,4.0,3.0,470.0,1.0,0.0,0.0,0.0
35.0,1248.0,2,1108.0,2.0,1.0,87.48,0.0,0.0,0.0,1.0
80.0,652.0,4,1000.0,4.0,2.0,120.0,0.0,0.0,0.0,1.0
80.0,276.0,2,1370.0,2.0,1.0,70.0,1.0,0.0,0.0,0.0
80.0,662.0,2,920.0,2.0,1.0,41.5,0.0,0.0,0.0,1.0
80.0,1248.0,2,1277.0,2.0,1.0,79.89,1.0,0.0,0.0,0.0
80.0,845.0,2,1213.0,2.0,2.0,38.1,1.0,0.0,0.0,0.0
80.0,1111.0,3,1653.0,3.0,2.0,85.0,0.0,0.0,0.0,1.0
80.0,420.0,4,2400.0,3.0,3.0,140.0,1.0,0.0,0.0,0.0
80.0,150.0,4,3000.0,5.0,3.0,500.0,0.0,0.0,0.0,1.0
80.0,635.0,4,1600.0,4.0,3.0,250.0,0.0,0.0,0.0,1.0
80.0,1248.0,3,1321.0,2.0,1.0,40.0,0.0,0.0,0.0,1.0
80.0,528.0,3,1570.0,3.0,2.0,68.0,1.0,0.0,0.0,0.0
80.0,253.0,8,1150.0,8.0,1.0,70.0,1.0,0.0,0.0,0.0
80.0,116.0,2,1053.0,2.0,3.0,44.0,0.0,0.0,1.0,0.0
80.0,1175.0,3,1325.0,2.0,3.0,56.0,1.0,0.0,0.0,0.0
80.0,214.0,2,1169.0,2.0,1.0,50.11,0.0,0.0,0.0,1.0
80.0,1175.0,2,1274.0,2.0,1.0,90.0,0.0,0.0,0.0,1.0
34.0,892.0,2,1317.0,2.0,2.0,52.0,0.0,0.0,0.0,1.0
80.0,276.0,2,1195.0,2.0,1.0,75.0,0.0,0.0,0.0,1.0
80.0,214.0,4,2858.0,4.0,0.0,137.0,1.0,0.0,0.0,0.0
27.0,38.0,2,940.0,2.0,2.0,35.0,0.0,0.0,0.0,1.0
80.0,958.0,3,1820.0,3.0,2.0,95.5,1.0,0.0,0.0,0.0
80.0,201.0,3,1450.0,3.0,3.0,53.6,0.0,0.0,0.0,1.0
80.0,714.0,3,1615.0,3.0,0.0,96.9,0.0,0.0,1.0,0.0
80.0,750.0,3,2200.0,2.0,3.0,99.0,0.0,0.0,0.0,1.0
43.0,234.0,2,985.0,2.0,1.0,62.5,0.0,0.0,0.0,1.0
80.0,1248.0,2,1116.0,2.0,1.0,33.0,0.0,0.0,0.0,1.0
80.0,807.0,2,656.0,2.0,1.0,25.0,0.0,0.0,1.0,0.0
31.0,1035.0,2,1105.0,2.0,1.0,39.5,0.0,0.0,0.0,1.0
80.0,522.0,2,1220.0,2.0,1.0,55.0,0.0,0.0,0.0,1.0
80.0,7.0,3,1400.0,3.0,2.0,74.0,0.0,0.0,0.0,1.0
40.0,573.0,4,2400.0,3.0,0.0,185.0,0.0,0.0,0.0,1.0
80.0,394.0,3,850.0,3.0,0.0,63.0,1.0,0.0,0.0,0.0
80.0,315.0,2,1000.0,2.0,1.0,35.0,0.0,0.0,1.0,0.0
80.0,650.0,3,1660.0,3.0,3.0,80.0,0.0,0.0,1.0,0.0
80.0,1172.0,3,1330.0,2.0,1.0,57.0,0.0,0.0,0.0,1.0
80.0,1175.0,2,1165.0,2.0,1.0,52.0,0.0,0.0,0.0,1.0
80.0,39.0,2,1153.0,2.0,2.0,56.0,0.0,0.0,0.0,1.0
80.0,904.0,2,1270.0,2.0,2.0,45.0,1.0,0.0,0.0,0.0
80.0,394.0,2,1070.0,2.0,2.0,38.0,0.0,0.0,0.0,1.0
34.0,534.0,3,1427.0,2.0,1.0,85.0,0.0,0.0,0.0,1.0
80.0,275.0,3,1420.0,2.0,2.0,95.0,0.0,0.0,0.0,1.0
80.0,507.0,4,1600.0,5.0,0.0,130.0,0.0,0.0,0.0,1.0
80.0,624.0,2,2031.0,2.0,2.0,200.0,0.0,0.0,0.0,1.0
51.0,1035.0,2,1454.0,2.0,1.0,90.0,0.0,0.0,0.0,1.0
80.0,736.0,2,1116.0,2.0,3.0,48.76,0.0,0.0,0.0,1.0
80.0,453.0,4,2000.0,3.0,1.0,180.0,0.0,0.0,0.0,1.0
80.0,719.0,2,1346.0,2.0,1.0,74.03,0.0,0.0,0.0,1.0
28.0,534.0,2,1062.0,2.0,1.0,50.0,0.0,0.0,0.0,1.0
80.0,472.0,1,700.0,1.0,1.0,25.5,0.0,0.0,0.0,1.0
80.0,275.0,2,1405.0,2.0,1.0,99.0,0.0,0.0,0.0,1.0
80.0,262.0,2,1100.0,2.0,2.0,50.0,0.0,0.0,1.0,0.0
80.0,1050.0,3,2153.0,4.0,3.0,120.0,0.0,0.0,1.0,0.0
80.0,830.0,3,1200.0,3.0,2.0,120.0,0.0,0.0,0.0,1.0
56.0,276.0,3,2135.0,3.0,2.0,170.0,0.0,0.0,0.0,1.0
80.0,445.0,2,1125.0,2.0,1.0,47.0,0.0,0.0,1.0,0.0
80.0,397.0,3,1350.0,2.0,2.0,47.25,0.0,0.0,0.0,1.0
80.0,1157.0,2,1068.0,2.0,3.0,48.0,0.0,0.0,1.0,0.0
80.0,415.0,2,940.0,2.0,1.0,32.9,0.0,0.0,1.0,0.0
80.0,845.0,2,1063.0,2.0,1.0,32.79,0.0,0.0,0.0,1.0
80.0,1248.0,2,1382.0,2.0,2.0,84.5,0.0,0.0,0.0,1.0
80.0,983.0,2,936.0,2.0,1.0,45.0,0.0,0.0,0.0,1.0
80.0,276.0,3,1400.0,2.0,3.0,60.0,0.0,0.0,0.0,1.0
80.0,1035.0,1,475.0,1.0,1.0,26.0,0.0,0.0,0.0,1.0
80.0,1073.0,2,1200.0,2.0,1.0,115.0,0.0,0.0,0.0,1.0
52.0,98.0,3,1450.0,3.0,3.0,65.0,0.0,0.0,0.0,1.0
66.0,528.0,2,1162.0,2.0,1.0,52.0,0.0,0.0,0.0,1.0
80.0,726.0,2,1161.0,2.0,1.0,48.75,0.0,0.0,1.0,0.0
80.0,234.0,3,1623.29,2.0,2.0,105.0,0.0,0.0,0.0,1.0
80.0,472.0,2,1260.0,2.0,1.0,70.0,0.0,0.0,0.0,1.0
80.0,415.0,4,1672.0,3.0,2.0,190.0,0.0,0.0,0.0,1.0
80.0,512.0,3,3000.0,4.0,2.0,240.0,0.0,0.0,1.0,0.0
80.0,838.0,3,1500.0,2.0,0.0,70.0,1.0,0.0,0.0,0.0
80.0,1073.0,1,705.0,1.0,0.0,34.545,0.0,0.0,1.0,0.0
80.0,1212.0,5,1650.0,6.0,1.0,200.0,1.0,0.0,0.0,0.0
80.0,1035.0,3,2000.0,3.0,3.0,200.0,0.0,0.0,0.0,1.0
31.0,968.0,1,1675.0,1.0,0.0,241.0,0.0,0.0,0.0,1.0
80.0,230.0,3,1200.0,3.0,2.0,150.0,0.0,0.0,0.0,1.0
80.0,780.0,2,1100.0,2.0,2.0,46.2,1.0,0.0,0.0,0.0
80.0,725.0,3,1400.0,2.0,3.0,56.0,0.0,0.0,1.0,0.0
80.0,60.0,3,2257.0,3.0,2.0,155.0,0.0,0.0,1.0,0.0
28.0,555.0,2,1153.0,2.0,2.0,56.5,0.0,0.0,0.0,1.0
80.0,986.0,2,1197.0,2.0,1.0,56.86,0.0,0.0,0.0,1.0
80.0,1170.0,2,1150.0,2.0,2.0,90.0,0.0,0.0,1.0,0.0
26.0,382.0,1,595.0,1.0,1.0,40.0,0.0,0.0,0.0,1.0
80.0,400.0,3,1837.0,3.0,1.0,110.0,1.0,0.0,0.0,0.0
80.0,395.0,4,3750.0,4.0,1.0,190.0,0.0,0.0,1.0,0.0
80.0,1223.0,3,1830.0,3.0,3.0,91.86,0.0,0.0,0.0,1.0
80.0,636.0,3,1715.0,3.0,3.0,115.0,0.0,0.0,0.0,1.0
34.0,1075.0,2,970.0,2.0,1.0,35.0,0.0,0.0,0.0,1.0
80.0,388.0,4,1200.0,3.0,2.0,148.0,0.0,0.0,0.0,1.0
80.0,129.0,4,2700.0,5.0,1.0,95.75,0.0,0.0,0.0,1.0
80.0,1175.0,3,5480.0,4.0,2.0,400.0,1.0,0.0,0.0,0.0
80.0,673.0,4,2400.0,5.0,1.0,135.0,0.0,0.0,0.0,1.0
80.0,639.0,4,3040.0,4.0,2.0,135.0,1.0,0.0,0.0,0.0
80.0,1144.0,2,1168.0,2.0,1.0,66.0,0.0,0.0,0.0,1.0
80.0,1212.0,2,1160.0,2.0,2.0,36.54,0.0,0.0,1.0,0.0
80.0,701.0,3,1500.0,3.0,2.0,75.0,1.0,0.0,0.0,0.0
80.0,547.0,2,600.0,2.0,1.0,72.0,0.0,0.0,0.0,1.0
80.0,1087.0,8,1200.0,7.0,3.0,250.0,0.0,0.0,0.0,1.0
80.0,1263.0,2,850.0,2.0,1.0,25.4,0.0,0.0,0.0,1.0
80.0,1248.0,2,935.0,2.0,2.0,39.0,0.0,0.0,0.0,1.0
63.0,662.0,5,1200.0,5.0,1.0,235.0,0.0,0.0,0.0,1.0
49.0,1248.0,1,654.0,1.0,1.0,49.0,0.0,0.0,0.0,1.0
80.0,533.0,3,1650.0,3.0,1.0,180.0,0.0,0.0,0.0,1.0
28.0,891.0,3,5656.0,5.0,0.0,499.0,0.0,0.0,0.0,1.0
80.0,1074.0,2,1300.0,2.0,1.0,33.0,0.0,0.0,1.0,0.0
80.0,1212.0,2,950.0,2.0,1.0,60.0,0.0,0.0,0.0,1.0
40.0,214.0,3,1250.0,3.0,2.0,54.0,0.0,0.0,1.0,0.0
80.0,713.0,2,1072.0,2.0,1.0,42.87,0.0,0.0,0.0,1.0
80.0,1034.0,3,1425.0,2.0,2.0,65.0,0.0,0.0,1.0,0.0
80.0,1205.0,2,1165.0,1.0,0.0,42.09,0.0,0.0,1.0,0.0
80.0,639.0,3,1390.0,2.0,2.0,69.49,0.0,0.0,0.0,1.0
80.0,221.0,3,1510.0,3.0,2.0,78.0,0.0,0.0,0.0,1.0
80.0,441.0,2,1305.0,2.0,2.0,90.0,0.0,0.0,0.0,1.0
80.0,70.0,6,1200.0,6.0,2.0,170.0,0.0,0.0,0.0,1.0
34.0,420.0,2,866.0,2.0,2.0,32.0,0.0,0.0,0.0,1.0
80.0,968.0,2,1231.0,2.0,1.0,84.5,1.0,0.0,0.0,0.0
80.0,403.0,3,1360.0,2.0,3.0,45.0,0.0,1.0,0.0,0.0
80.0,415.0,3,2500.0,3.0,3.0,138.0,1.0,0.0,0.0,0.0
80.0,214.0,2,1140.0,2.0,3.0,55.0,0.0,0.0,0.0,1.0
80.0,50.0,1,525.0,1.0,1.0,30.0,1.0,0.0,0.0,0.0
80.0,786.0,2,1295.0,2.0,1.0,64.5,0.0,0.0,0.0,1.0
26.0,633.0,2,1020.0,2.0,2.0,45.75,0.0,0.0,0.0,1.0
80.0,276.0,4,3504.0,4.0,1.0,262.0,0.0,0.0,0.0,1.0
80.0,1257.0,2,1200.0,1.0,0.0,50.0,0.0,0.0,0.0,1.0
80.0,1087.0,2,1100.0,2.0,1.0,41.0,0.0,0.0,0.0,1.0
80.0,262.0,4,4723.0,4.0,3.0,500.0,0.0,0.0,0.0,1.0
80.0,582.0,2,820.0,2.0,2.0,37.0,0.0,0.0,0.0,1.0
80.0,342.0,4,3508.0,4.0,1.0,386.0,0.0,0.0,0.0,1.0
80.0,872.0,4,3700.0,4.0,2.0,400.0,0.0,0.0,0.0,1.0
80.0,282.0,2,1354.0,2.0,2.0,70.0,0.0,0.0,0.0,1.0
80.0,487.0,4,2453.0,3.0,2.0,250.0,1.0,0.0,0.0,0.0
80.0,60.0,2,1154.0,2.0,1.0,51.8,0.0,0.0,0.0,1.0
80.0,540.0,3,1680.0,2.0,3.0,92.0,0.0,0.0,1.0,0.0
80.0,1257.0,2,1205.0,2.0,2.0,60.0,0.0,0.0,0.0,1.0
34.0,399.0,3,1400.0,2.0,2.0,86.0,0.0,0.0,0.0,1.0
26.0,72.0,3,1625.0,3.0,1.0,150.0,0.0,0.0,0.0,1.0
49.0,903.0,3,1500.0,3.0,1.0,73.0,0.0,0.0,0.0,1.0
80.0,175.0,3,1520.0,2.0,3.0,80.0,0.0,0.0,0.0,1.0
80.0,1076.0,2,1300.0,3.0,1.0,65.0,0.0,0.0,0.0,1.0
80.0,214.0,2,1150.0,2.0,2.0,47.0,1.0,0.0,0.0,0.0
31.0,250.0,3,1762.0,3.0,3.0,109.0,0.0,0.0,0.0,1.0
80.0,512.0,2,1153.0,2.0,2.0,58.0,0.0,0.0,0.0,1.0
80.0,720.0,4,2650.0,4.0,1.0,223.0,0.0,0.0,0.0,1.0
80.0,462.0,3,1350.0,2.0,2.0,47.0,0.0,0.0,0.0,1.0
80.0,1142.0,2,950.0,2.0,2.0,56.0,0.0,0.0,0.0,1.0
80.0,1248.0,3,3295.0,3.0,3.0,310.0,0.0,0.0,0.0,1.0
36.0,308.0,3,1515.0,3.0,3.0,80.5,0.0,0.0,0.0,1.0
80.0,415.0,2,1100.0,2.0,2.0,30.0,0.0,0.0,0.0,1.0
80.0,532.0,2,1250.0,2.0,2.0,65.0,1.0,0.0,0.0,0.0
80.0,914.0,2,1200.0,2.0,0.0,120.0,0.0,0.0,0.0,1.0
28.0,1089.0,7,2500.0,8.0,3.0,95.0,0.0,0.0,0.0,1.0
80.0,1257.0,4,1200.0,4.0,2.0,100.0,1.0,0.0,0.0,0.0
80.0,972.0,3,1355.0,2.0,2.0,51.5,0.0,0.0,0.0,1.0
52.0,203.0,3,1115.0,3.0,1.0,39.14,0.0,0.0,0.0,1.0
80.0,41.0,3,1275.0,3.0,2.0,45.0,0.0,0.0,1.0,0.0
80.0,472.0,3,2051.0,3.0,2.0,170.0,0.0,0.0,0.0,1.0
80.0,382.0,3,1470.0,2.0,2.0,99.0,0.0,0.0,1.0,0.0
80.0,729.0,3,1550.0,2.0,3.0,70.0,0.0,0.0,1.0,0.0
80.0,214.0,3,1270.0,2.0,1.0,73.0,0.0,0.0,0.0,1.0
80.0,341.0,4,2119.0,4.0,2.0,111.0,0.0,0.0,1.0,0.0
80.0,1248.0,3,1600.0,3.0,3.0,170.0,0.0,0.0,0.0,1.0
80.0,397.0,3,1320.0,2.0,2.0,50.0,0.0,0.0,1.0,0.0
80.0,1144.0,3,2505.0,3.0,1.0,165.0,0.0,0.0,0.0,1.0
80.0,1144.0,3,1410.0,2.0,1.0,54.0,0.0,0.0,0.0,1.0
80.0,836.0,2,1200.0,2.0,3.0,70.0,0.0,0.0,0.0,1.0
26.0,504.0,3,1705.0,2.0,1.0,86.96,0.0,0.0,0.0,1.0
80.0,1175.0,2,995.0,2.0,1.0,48.0,0.0,0.0,0.0,1.0
80.0,561.0,2,1081.0,2.0,1.0,52.0,0.0,0.0,1.0,0.0
80.0,755.0,2,1194.0,2.0,2.0,46.0,0.0,0.0,0.0,1.0
80.0,41.0,1,605.0,1.0,1.0,30.24,0.0,0.0,1.0,0.0
56.0,582.0,1,567.0,1.0,1.0,25.0,0.0,0.0,0.0,1.0
80.0,1045.0,2,1718.0,3.0,2.0,275.0,0.0,0.0,0.0,1.0
80.0,771.0,3,1410.5,2.0,0.0,70.385,0.0,0.0,0.0,1.0
80.0,944.0,3,600.0,5.0,1.0,135.0,1.0,0.0,0.0,0.0
80.0,617.0,3,1715.0,3.0,2.0,105.0,0.0,0.0,0.0,1.0
80.0,694.0,4,3206.0,5.0,1.0,270.0,0.0,0.0,1.0,0.0
80.0,229.0,4,1500.0,4.0,1.0,235.0,0.0,0.0,0.0,1.0
80.0,986.0,3,1846.0,3.0,2.0,120.0,0.0,0.0,1.0,0.0
80.0,1246.0,3,600.0,3.0,1.0,90.0,0.0,0.0,0.0,1.0
37.0,302.0,2,1015.0,2.0,3.0,56.0,0.0,0.0,0.0,1.0
80.0,101.0,4,4350.0,8.0,1.0,2600.0,0.0,0.0,0.0,1.0
80.0,1175.0,2,1100.0,2.0,1.0,36.0,0.0,0.0,0.0,1.0
80.0,764.0,3,1965.0,4.0,2.0,125.0,0.0,0.0,1.0,0.0
80.0,906.0,2,1021.0,2.0,2.0,45.9,0.0,0.0,1.0,0.0
80.0,324.0,2,1230.0,2.0,1.0,67.65,1.0,0.0,0.0,0.0
80.0,1048.0,2,1260.0,2.0,2.0,55.0,0.0,0.0,1.0,0.0
32.0,720.0,4,2400.0,4.0,1.0,700.0,0.0,0.0,0.0,1.0
80.0,981.0,3,1894.0,4.0,1.0,114.0,1.0,0.0,0.0,0.0
80.0,849.0,6,1500.0,4.0,2.0,233.0,0.0,0.0,0.0,1.0
80.0,387.0,3,1950.0,3.0,2.0,131.0,0.0,0.0,0.0,1.0
80.0,415.0,2,1231.0,2.0,3.0,66.0,0.0,0.0,0.0,1.0
80.0,823.0,2,1236.0,2.0,1.0,58.0,0.0,0.0,0.0,1.0
80.0,367.0,4,1800.0,3.0,0.0,120.0,0.0,0.0,0.0,1.0
80.0,275.0,3,1650.0,3.0,2.0,135.0,0.0,0.0,0.0,1.0
45.0,511.0,5,750.0,3.0,1.0,88.0,0.0,0.0,0.0,1.0
33.0,511.0,3,1443.0,2.0,2.0,70.0,0.0,0.0,0.0,1.0
80.0,914.0,4,886.0,4.0,2.0,120.0,0.0,0.0,0.0,1.0
80.0,1035.0,2,925.0,2.0,1.0,68.0,1.0,0.0,0.0,0.0
80.0,675.0,3,1305.0,3.0,1.0,33.28,1.0,0.0,0.0,0.0
80.0,972.0,2,1190.0,2.0,2.0,46.41,0.0,0.0,0.0,1.0
80.0,1175.0,2,1284.0,2.0,2.0,53.36,0.0,0.0,0.0,1.0
80.0,711.0,4,350.0,3.0,1.0,45.0,0.0,0.0,1.0,0.0
80.0,324.0,3,875.0,3.0,1.0,115.0,0.0,0.0,0.0,1.0
80.0,1155.0,2,1325.0,2.0,1.0,59.0,1.0,0.0,0.0,0.0
80.0,487.0,6,2400.0,5.0,2.0,750.0,1.0,0.0,0.0,0.0
80.0,1029.0,2,1183.0,2.0,1.0,79.54,1.0,0.0,0.0,0.0
80.0,192.0,3,1750.0,3.0,2.0,100.0,0.0,0.0,1.0,0.0
80.0,1263.0,4,16335.0,4.0,2.0,149.0,0.0,0.0,0.0,1.0
80.0,1091.0,1,747.0,1.0,2.0,27.0,0.0,0.0,0.0,1.0
80.0,1035.0,2,1342.0,2.0,1.0,90.0,0.0,0.0,1.0,0.0
28.0,415.0,2,1113.0,2.0,1.0,52.0,1.0,0.0,0.0,0.0
80.0,755.0,3,1738.0,3.0,2.0,110.0,0.0,0.0,0.0,1.0
80.0,420.0,2,1206.0,2.0,1.0,90.0,0.0,0.0,0.0,1.0
80.0,1167.0,4,2790.0,4.0,3.0,198.0,0.0,0.0,1.0,0.0
80.0,108.0,2,1162.0,2.0,1.0,59.0,0.0,0.0,0.0,1.0
80.0,302.0,2,1194.0,2.0,2.0,46.0,0.0,0.0,0.0,1.0
80.0,1238.0,3,1857.0,4.0,3.0,155.0,0.0,0.0,0.0,1.0
80.0,380.0,6,3500.0,6.0,1.0,115.0,1.0,0.0,0.0,0.0
80.0,1175.0,2,1763.0,3.0,2.0,240.0,0.0,0.0,0.0,1.0
80.0,459.0,2,1150.0,2.0,1.0,45.99,0.0,0.0,0.0,1.0
80.0,773.0,4,2400.0,5.0,3.0,550.0,0.0,0.0,0.0,1.0
80.0,274.0,2,1290.0,2.0,2.0,72.0,0.0,0.0,0.0,1.0
80.0,588.0,4,3408.0,5.0,1.0,145.0,0.0,0.0,1.0,0.0
80.0,834.0,2,900.0,2.0,1.0,145.0,0.0,0.0,0.0,1.0
80.0,852.0,2,1150.0,2.0,0.0,70.0,0.0,0.0,0.0,1.0
80.0,357.0,3,1040.0,2.0,1.0,109.0,0.0,0.0,1.0,0.0
80.0,417.0,2,1160.0,2.0,2.0,64.08,1.0,0.0,0.0,0.0
42.0,534.0,2,900.0,2.0,2.0,27.0,0.0,0.0,0.0,1.0
80.0,1248.0,4,1750.0,3.0,1.0,185.0,0.0,0.0,0.0,1.0
80.0,473.0,3,1320.0,2.0,1.0,38.12,1.0,0.0,0.0,0.0
21.0,290.0,4,2240.0,4.0,2.0,160.0,0.0,0.0,0.0,1.0
68.0,662.0,2,891.0,2.0,1.0,26.0,0.0,0.0,0.0,1.0
36.0,309.0,5,1000.0,4.0,3.0,80.0,0.0,0.0,0.0,1.0
80.0,1272.0,3,1852.0,3.0,2.0,125.0,0.0,0.0,1.0,0.0
80.0,487.0,3,1323.0,2.0,1.0,42.0,0.0,0.0,0.0,1.0
80.0,706.0,2,1404.0,2.0,1.0,67.5,0.0,0.0,0.0,1.0
80.0,582.0,2,1370.0,2.0,2.0,60.0,0.0,0.0,0.0,1.0
80.0,35.0,3,1385.0,2.0,2.0,48.48,0.0,0.0,1.0,0.0
80.0,173.0,2,1129.0,2.0,1.0,50.0,0.0,0.0,1.0,0.0
80.0,290.0,3,1876.0,3.0,1.0,150.0,0.0,0.0,0.0,1.0
80.0,662.0,3,1720.0,3.0,1.0,95.0,0.0,0.0,0.0,1.0
80.0,756.0,4,1200.0,4.0,1.0,80.0,0.0,0.0,1.0,0.0
28.0,547.0,2,1175.0,2.0,2.0,86.68,0.0,0.0,0.0,1.0
80.0,516.0,1,500.0,1.0,2.0,51.0,0.0,0.0,0.0,1.0
80.0,1260.0,5,1200.0,5.0,2.0,85.0,0.0,0.0,0.0,1.0
32.0,892.0,1,1200.0,1.0,0.0,295.0,0.0,0.0,0.0,1.0
80.0,267.0,3,1893.0,3.0,2.0,130.0,0.0,0.0,0.0,1.0
80.0,743.0,3,1430.0,3.0,2.0,52.0,1.0,0.0,0.0,0.0
80.0,70.0,2,850.0,2.0,2.0,45.0,0.0,0.0,0.0,1.0
80.0,983.0,2,1392.0,2.0,1.0,110.0,0.0,1.0,0.0,0.0
34.0,417.0,3,1938.0,3.0,3.0,105.0,0.0,0.0,0.0,1.0
80.0,334.0,2,1020.0,2.0,2.0,52.0,1.0,0.0,0.0,0.0
80.0,511.0,3,2400.0,2.0,1.0,360.0,0.0,0.0,0.0,1.0
80.0,960.0,3,1832.0,3.0,2.0,160.0,0.0,0.0,0.0,1.0
28.0,1248.0,3,1423.0,2.0,2.0,85.0,0.0,0.0,0.0,1.0
80.0,212.0,2,1432.0,2.0,1.0,85.0,0.0,0.0,0.0,1.0
80.0,70.0,4,1350.0,4.0,3.0,235.0,0.0,0.0,0.0,1.0
28.0,426.0,8,1500.0,6.0,0.0,270.0,0.0,0.0,0.0,1.0
75.0,528.0,3,1480.0,3.0,2.0,65.0,0.0,0.0,0.0,1.0
80.0,1144.0,3,1843.0,3.0,2.0,96.2,0.0,0.0,0.0,1.0
80.0,520.0,3,760.0,4.0,2.0,95.0,0.0,0.0,0.0,1.0
80.0,587.0,3,1916.0,2.0,1.0,150.0,0.0,0.0,0.0,1.0
80.0,511.0,2,1255.0,2.0,1.0,55.5,0.0,0.0,0.0,1.0
80.0,127.0,2,1160.0,2.0,2.0,44.08,1.0,0.0,0.0,0.0
80.0,394.0,2,2640.0,2.0,1.0,170.0,0.0,0.0,0.0,1.0
80.0,173.0,2,1160.0,2.0,3.0,53.0,0.0,0.0,0.0,1.0
80.0,1035.0,2,1200.0,2.0,1.0,80.0,0.0,0.0,0.0,1.0
80.0,1220.0,2,1100.0,2.0,1.0,44.0,0.0,0.0,0.0,1.0
80.0,1248.0,3,1500.0,3.0,3.0,100.0,1.0,0.0,0.0,0.0
80.0,275.0,3,1336.0,2.0,3.0,50.35,1.0,0.0,0.0,0.0
80.0,380.0,2,1065.0,2.0,1.0,46.0,0.0,0.0,0.0,1.0
80.0,45.0,2,1294.0,2.0,1.0,115.0,1.0,0.0,0.0,0.0
80.0,276.0,3,1550.0,3.0,2.0,68.5,0.0,0.0,0.0,1.0
80.0,972.0,2,1216.0,2.0,1.0,75.0,0.0,0.0,0.0,1.0
80.0,276.0,2,1005.0,2.0,2.0,40.0,0.0,0.0,0.0,1.0
80.0,513.0,3,1430.0,2.0,1.0,102.0,0.0,0.0,0.0,1.0
80.0,735.0,4,4100.0,4.0,3.0,660.0,0.0,0.0,0.0,1.0
80.0,492.0,3,1660.0,3.0,2.0,125.0,0.0,0.0,0.0,1.0
28.0,534.0,3,1430.0,2.0,3.0,56.0,0.0,0.0,0.0,1.0
80.0,230.0,3,1470.0,2.0,1.0,75.0,0.0,0.0,0.0,1.0
31.0,1035.0,2,1045.0,2.0,1.0,76.77,0.0,0.0,0.0,1.0
80.0,310.0,4,4225.0,6.0,0.0,359.0,1.0,0.0,0.0,0.0
80.0,25.0,2,950.0,2.0,0.0,30.0,1.0,0.0,0.0,0.0
63.0,662.0,3,1382.0,3.0,1.0,65.0,0.0,0.0,0.0,1.0
34.0,268.0,2,930.0,2.0,2.0,46.0,0.0,0.0,0.0,1.0
80.0,634.0,3,1660.0,2.0,2.0,116.0,1.0,0.0,0.0,0.0
27.0,770.0,2,1290.0,2.0,2.0,71.95,0.0,0.0,0.0,1.0
80.0,673.0,3,1010.0,2.0,1.0,45.0,0.0,0.0,0.0,1.0
80.0,269.0,4,3050.0,4.0,1.0,130.0,0.0,0.0,0.0,1.0
80.0,380.0,2,1200.0,2.0,2.0,71.0,0.0,0.0,1.0,0.0
80.0,507.0,3,1650.0,3.0,2.0,140.0,0.0,0.0,0.0,1.0
80.0,234.0,3,1636.0,3.0,2.0,88.0,0.0,0.0,0.0,1.0
80.0,1020.0,3,2367.0,3.0,2.0,320.0,0.0,0.0,0.0,1.0
33.0,229.0,2,1153.0,2.0,2.0,56.55,1.0,0.0,0.0,0.0
35.0,1035.0,3,2087.01,4.0,2.0,160.0,0.0,0.0,0.0,1.0
80.0,268.0,2,1200.0,2.0,1.0,47.0,0.0,0.0,0.0,1.0
45.0,520.0,3,1844.0,3.0,1.0,89.0,0.0,0.0,0.0,1.0
80.0,302.0,3,1537.515476,3.0,1.0,110.0,0.0,0.0,0.0,1.0
28.0,516.0,2,1215.0,2.0,1.0,43.75,0.0,0.0,0.0,1.0
80.0,986.0,2,1194.0,2.0,1.0,57.0,1.0,0.0,0.0,0.0
40.0,656.0,2,1220.0,2.0,2.0,52.0,0.0,0.0,0.0,1.0
26.0,533.0,4,3150.0,4.0,2.0,150.0,0.0,0.0,0.0,1.0
80.0,324.0,1,525.0,1.0,1.0,26.0,0.0,0.0,0.0,1.0
80.0,819.0,2,955.0,2.0,1.0,37.97,0.0,0.0,0.0,1.0
80.0,513.0,5,2000.0,5.0,1.0,75.0,0.0,0.0,1.0,0.0
80.0,1142.0,2,884.0,2.0,1.0,48.0,0.0,0.0,0.0,1.0
26.0,845.0,2,1250.0,2.0,1.0,68.75,0.0,0.0,1.0,0.0
80.0,1000.0,2,7000.0,2.0,1.0,135.0,1.0,0.0,0.0,0.0
80.0,1049.0,3,2400.0,4.0,2.0,300.0,0.0,0.0,0.0,1.0
80.0,986.0,4,2990.0,4.0,1.0,225.0,1.0,0.0,0.0,0.0
80.0,960.0,2,1195.0,2.0,1.0,52.0,0.0,0.0,0.0,1.0
80.0,944.0,1,2559.0,1.0,1.0,55.0,0.0,0.0,1.0,0.0
80.0,1170.0,2,1200.0,2.0,1.0,33.0,0.0,0.0,1.0,0.0
80.0,312.0,2,984.0,2.0,1.0,45.75,0.0,0.0,0.0,1.0
80.0,394.0,2,1089.0,2.0,1.0,40.0,0.0,0.0,0.0,1.0
63.0,416.0,2,1165.0,2.0,1.0,52.0,1.0,0.0,0.0,0.0
80.0,1035.0,1,410.0,1.0,1.0,10.0,0.0,0.0,0.0,1.0
80.0,575.0,3,1482.0,3.0,1.0,110.0,0.0,0.0,0.0,1.0
80.0,214.0,2,1200.0,2.0,1.0,68.0,1.0,0.0,0.0,0.0
32.0,213.0,3,1938.0,3.0,3.0,113.0,0.0,0.0,0.0,1.0
80.0,738.0,3,1166.0,2.0,2.0,34.97,0.0,0.0,0.0,1.0
28.0,1248.0,3,1275.0,2.0,2.0,55.46,0.0,0.0,0.0,1.0
80.0,244.0,2,1140.0,2.0,2.0,43.0,0.0,0.0,0.0,1.0
80.0,511.0,4,3734.0,5.0,1.0,430.0,1.0,0.0,0.0,0.0
80.0,1089.0,1,720.0,1.0,2.0,28.0,1.0,0.0,0.0,0.0
80.0,983.0,3,1200.0,3.0,2.0,228.0,0.0,0.0,0.0,1.0
80.0,279.0,2,1100.0,2.0,1.0,90.0,0.0,0.0,0.0,1.0
80.0,378.0,2,1162.0,2.0,2.0,98.77,0.0,0.0,0.0,1.0
26.0,336.0,1,540.0,1.0,0.0,35.0,0.0,0.0,0.0,1.0
27.0,501.0,3,1550.0,2.0,2.0,73.5,0.0,0.0,0.0,1.0
80.0,1035.0,3,1300.0,3.0,1.0,145.0,0.0,0.0,0.0,1.0
80.0,1212.0,5,1200.0,5.0,1.0,130.0,0.0,0.0,0.0,1.0
80.0,725.0,2,1220.0,2.0,2.0,60.0,1.0,0.0,0.0,0.0
80.0,1248.0,2,964.0,2.0,1.0,62.0,0.0,0.0,1.0,0.0
80.0,415.0,3,1500.0,3.0,2.0,50.0,0.0,0.0,0.0,1.0
80.0,192.0,3,1347.0,2.0,1.0,44.0,0.0,0.0,0.0,1.0
80.0,972.0,4,5000.0,5.0,1.0,250.0,0.0,0.0,0.0,1.0
80.0,504.0,4,3000.0,4.0,2.0,140.0,0.0,0.0,0.0,1.0
80.0,1238.0,2,1120.0,2.0,1.0,42.5,0.0,0.0,0.0,1.0
80.0,891.0,1,600.0,1.0,1.0,22.8,1.0,0.0,0.0,0.0
28.0,534.0,3,2321.0,4.0,1.0,157.0,0.0,0.0,0.0,1.0
80.0,507.0,1,540.0,1.0,2.0,24.0,1.0,0.0,0.0,0.0
80.0,1248.0,2,1150.0,2.0,1.0,57.0,0.0,0.0,0.0,1.0
80.0,688.0,3,1484.0,3.0,1.0,75.0,0.0,0.0,1.0,0.0
80.0,648.0,3,1680.0,2.0,1.0,68.0,1.0,0.0,0.0,0.0
80.0,1263.0,2,620.0,2.0,1.0,23.0,0.0,0.0,0.0,1.0
80.0,1072.0,3,1650.0,3.0,2.0,78.0,1.0,0.0,0.0,0.0
80.0,662.0,3,1250.0,3.0,2.0,44.0,0.0,0.0,0.0,1.0
80.0,371.0,3,2072.0,3.0,2.0,108.0,0.0,0.0,0.0,1.0
31.0,968.0,2,1105.0,2.0,2.0,40.0,0.0,0.0,0.0,1.0
34.0,387.0,2,1200.0,2.0,2.0,60.5,0.0,0.0,1.0,0.0
80.0,357.0,7,3100.0,7.0,3.0,145.0,0.0,0.0,1.0,0.0
80.0,480.0,4,4007.0,4.0,3.0,530.0,0.0,0.0,0.0,1.0
80.0,1035.0,2,550.0,2.0,1.0,16.0,0.0,0.0,0.0,1.0
80.0,968.0,3,1340.0,2.0,2.0,53.6,0.0,0.0,0.0,1.0
80.0,417.0,3,2409.0,3.0,3.0,395.0,1.0,0.0,0.0,0.0
80.0,711.0,2,1194.0,2.0,2.0,46.0,0.0,0.0,0.0,1.0
80.0,31.0,2,1246.0,2.0,1.0,65.0,0.0,0.0,1.0,0.0
80.0,531.0,2,1055.0,2.0,3.0,75.0,0.0,0.0,0.0,1.0
28.0,1165.0,3,1541.0,3.0,1.0,69.61,0.0,0.0,0.0,1.0
26.0,415.0,2,1370.0,2.0,2.0,88.0,0.0,0.0,0.0,1.0
80.0,420.0,2,1224.0,2.0,2.0,75.0,0.0,0.0,0.0,1.0
80.0,56.0,4,650.0,2.0,1.0,58.0,0.0,0.0,0.0,1.0
80.0,1134.0,2,883.0,2.0,1.0,39.0,0.0,0.0,1.0,0.0
80.0,656.0,3,1676.0,3.0,1.0,92.13,0.0,0.0,0.0,1.0
80.0,415.0,2,1154.0,2.0,1.0,57.0,0.0,0.0,0.0,1.0
26.0,415.0,3,1610.0,3.0,3.0,78.5,0.0,0.0,0.0,1.0
80.0,705.0,2,1057.0,2.0,1.0,42.0,0.0,0.0,0.0,1.0
80.0,1035.0,2,1157.0,2.0,1.0,65.0,0.0,0.0,1.0,0.0
80.0,729.0,4,1200.0,4.0,1.0,85.0,0.0,0.0,0.0,1.0
80.0,260.0,7,1500.0,7.0,3.0,130.0,0.0,0.0,1.0,0.0
80.0,234.0,2,980.0,2.0,3.0,35.0,0.0,0.0,0.0,1.0
80.0,504.0,2,1140.0,2.0,1.0,40.0,0.0,0.0,0.0,1.0
34.0,633.0,2,1206.0,2.0,1.0,40.7,0.0,0.0,0.0,1.0
80.0,711.0,1,575.0,1.0,1.0,16.75,0.0,0.0,0.0,1.0
80.0,1101.0,3,1600.0,3.0,1.0,170.0,0.0,0.0,1.0,0.0
80.0,845.0,4,2400.0,4.0,1.0,500.0,0.0,0.0,0.0,1.0
80.0,848.0,3,1300.0,2.0,2.0,52.0,1.0,0.0,0.0,0.0
29.0,834.0,3,1270.0,2.0,1.0,35.56,0.0,0.0,0.0,1.0
80.0,582.0,2,1128.0,2.0,1.0,63.5,0.0,0.0,0.0,1.0
28.0,520.0,1,640.0,1.0,1.0,45.0,0.0,0.0,0.0,1.0
80.0,1257.0,3,2400.0,3.0,2.0,185.0,0.0,0.0,0.0,1.0
80.0,701.0,3,1200.0,2.0,0.0,66.0,1.0,0.0,0.0,0.0
80.0,635.0,2,1090.0,2.0,2.0,38.15,0.0,0.0,0.0,1.0
80.0,802.0,1,589.0,1.0,1.0,29.0,0.0,0.0,0.0,1.0
80.0,516.0,2,1125.0,2.0,1.0,28.13,0.0,0.0,0.0,1.0
74.0,1183.0,2,1140.0,2.0,2.0,50.66,0.0,0.0,0.0,1.0
80.0,729.0,4,3150.0,4.0,2.0,500.0,1.0,0.0,0.0,0.0
80.0,520.0,2,1315.0,2.0,3.0,74.0,1.0,0.0,0.0,0.0
34.0,1035.0,2,2700.0,2.0,2.0,150.0,0.0,0.0,0.0,1.0
80.0,725.0,3,1435.0,2.0,2.0,115.0,0.0,0.0,0.0,1.0
80.0,417.0,2,1092.0,2.0,2.0,44.0,0.0,0.0,0.0,1.0
80.0,358.0,2,1314.0,2.0,3.0,80.0,0.0,0.0,0.0,1.0
26.0,755.0,2,1260.0,2.0,1.0,100.0,0.0,0.0,0.0,1.0
80.0,714.0,7,1875.0,5.0,1.0,192.0,0.0,0.0,0.0,1.0
80.0,1052.0,2,1080.0,2.0,1.0,49.0,0.0,0.0,0.0,1.0
80.0,476.0,8,4000.0,8.0,3.0,160.0,1.0,0.0,0.0,0.0
80.0,267.0,3,1082.0,2.0,1.0,45.0,1.0,0.0,0.0,0.0
80.0,278.0,3,1150.0,3.0,2.0,65.0,0.0,0.0,0.0,1.0
80.0,1089.0,2,1052.0,2.0,1.0,34.72,0.0,0.0,0.0,1.0
80.0,982.0,2,1045.0,2.0,1.0,45.0,0.0,0.0,0.0,1.0
45.0,1248.0,3,1442.0,3.0,2.0,80.0,0.0,0.0,0.0,1.0
42.0,228.0,3,1500.0,2.0,2.0,75.0,0.0,0.0,0.0,1.0
80.0,1073.0,2,497.0,1.0,1.0,20.0,1.0,0.0,0.0,0.0
80.0,587.0,2,1255.0,2.0,1.0,53.57,0.0,0.0,0.0,1.0
28.0,557.0,3,1432.0,3.0,2.0,79.0,0.0,0.0,0.0,1.0
80.0,1035.0,3,2100.0,3.0,2.0,150.0,1.0,0.0,0.0,0.0
80.0,648.0,2,1450.0,2.0,2.0,80.0,0.0,0.0,0.0,1.0
80.0,173.0,2,1346.0,2.0,1.0,69.61,0.0,0.0,0.0,1.0
80.0,690.0,2,1200.0,2.0,2.0,29.0,0.0,0.0,0.0,1.0
80.0,800.0,3,925.0,2.0,1.0,49.82,0.0,0.0,1.0,0.0
80.0,1238.0,2,1160.0,2.0,2.0,49.0,0.0,0.0,0.0,1.0
45.0,534.0,3,1768.0,3.0,3.0,81.31,0.0,0.0,0.0,1.0
80.0,70.0,2,1094.0,2.0,2.0,54.0,0.0,0.0,0.0,1.0
80.0,1163.0,3,1500.0,3.0,3.0,90.0,0.0,0.0,0.0,1.0
80.0,234.0,3,1745.0,3.0,2.0,130.0,0.0,0.0,0.0,1.0
80.0,1034.0,7,2875.0,7.0,1.0,85.0,0.0,0.0,0.0,1.0
30.0,1257.0,4,3500.0,3.0,3.0,425.0,0.0,0.0,0.0,1.0
80.0,725.0,3,1550.0,3.0,1.0,50.0,1.0,0.0,0.0,0.0
80.0,513.0,4,2340.0,5.0,1.0,160.0,0.0,0.0,0.0,1.0
80.0,662.0,3,1655.0,3.0,2.0,113.0,1.0,0.0,0.0,0.0
80.0,1108.0,3,2024.0,3.0,2.0,103.0,0.0,0.0,1.0,0.0
80.0,830.0,4,3100.0,5.0,0.0,425.0,0.0,0.0,0.0,1.0
80.0,662.0,3,1575.0,4.0,3.0,100.0,0.0,0.0,0.0,1.0
80.0,1035.0,3,1920.0,3.0,2.0,130.0,0.0,0.0,0.0,1.0
80.0,504.0,4,6200.0,4.0,2.0,744.0,0.0,0.0,0.0,1.0
80.0,203.0,3,1082.0,2.0,1.0,55.0,0.0,0.0,1.0,0.0
80.0,230.0,3,1265.0,2.0,3.0,55.0,1.0,0.0,0.0,0.0
80.0,1034.0,3,1100.0,2.0,2.0,45.0,0.0,0.0,0.0,1.0
80.0,108.0,2,1160.0,2.0,1.0,65.0,0.0,0.0,1.0,0.0
80.0,173.0,2,1246.0,2.0,1.0,67.4,0.0,0.0,0.0,1.0
80.0,714.0,1,615.0,1.0,1.0,43.08,1.0,0.0,0.0,0.0
80.0,65.0,2,1128.0,2.0,1.0,60.0,0.0,0.0,0.0,1.0
31.0,972.0,2,1260.0,2.0,1.0,55.0,0.0,0.0,0.0,1.0
80.0,1144.0,3,1830.0,3.0,3.0,89.89,1.0,0.0,0.0,0.0
80.0,415.0,3,1525.0,2.0,2.0,68.0,0.0,0.0,0.0,1.0
80.0,1035.0,1,602.0,2.0,1.0,30.0,0.0,0.0,0.0,1.0
27.0,302.0,7,3000.0,4.0,2.0,400.0,0.0,0.0,0.0,1.0
80.0,830.0,3,1835.0,3.0,3.0,89.0,0.0,0.0,0.0,1.0
80.0,1119.0,3,1250.0,3.0,3.0,62.6,0.0,0.0,1.0,0.0
80.0,1248.0,4,1200.0,4.0,1.0,110.0,1.0,0.0,0.0,0.0
80.0,295.0,3,1855.0,3.0,3.0,96.0,0.0,0.0,0.0,1.0
80.0,484.0,3,1450.0,3.0,3.0,60.91,0.0,0.0,1.0,0.0
27.0,531.0,3,2089.0,3.0,2.0,148.0,0.0,0.0,0.0,1.0
80.0,1190.0,3,1464.0,3.0,2.0,56.0,0.0,0.0,1.0,0.0
80.0,1248.0,4,4800.0,3.0,2.0,200.0,1.0,0.0,0.0,0.0
80.0,608.0,2,1200.0,2.0,2.0,44.73,0.0,0.0,0.0,1.0
80.0,604.0,2,1095.0,2.0,1.0,45.0,0.0,0.0,0.0,1.0
32.0,72.0,3,2900.0,3.0,2.0,297.0,0.0,0.0,0.0,1.0
80.0,1175.0,3,2500.0,3.0,2.0,345.0,0.0,0.0,0.0,1.0
28.0,417.0,3,1170.0,3.0,2.0,80.0,1.0,0.0,0.0,0.0
80.0,108.0,2,1280.0,2.0,1.0,88.0,0.0,0.0,0.0,1.0
80.0,228.0,2,1224.0,2.0,0.0,105.0,0.0,0.0,0.0,1.0
80.0,639.0,3,1694.0,3.0,1.0,125.0,0.0,0.0,0.0,1.0
80.0,1186.0,2,825.0,2.0,1.0,30.0,0.0,0.0,0.0,1.0
34.0,124.0,3,1612.0,3.0,1.0,98.38,0.0,0.0,0.0,1.0
80.0,1149.0,2,985.0,2.0,1.0,25.12,0.0,0.0,0.0,1.0
80.0,903.0,2,1175.0,2.0,2.0,75.0,0.0,0.0,0.0,1.0
80.0,733.0,1,600.0,1.0,0.0,24.0,0.0,0.0,0.0,1.0
80.0,179.0,3,1740.0,3.0,3.0,85.0,0.0,0.0,0.0,1.0
33.0,1190.0,3,1770.0,3.0,2.0,99.0,0.0,0.0,0.0,1.0
80.0,845.0,8,1000.0,7.0,3.0,260.0,1.0,0.0,0.0,0.0
80.0,275.0,2,1090.0,2.0,1.0,46.0,0.0,0.0,0.0,1.0
80.0,1134.0,6,2295.0,3.0,0.0,650.0,0.0,0.0,1.0,0.0
27.0,302.0,5,4144.0,5.0,1.0,331.0,0.0,0.0,0.0,1.0
52.0,662.0,3,1800.0,3.0,1.0,130.0,0.0,0.0,0.0,1.0
80.0,972.0,3,1221.0,3.0,3.0,65.0,1.0,0.0,0.0,0.0
80.0,968.0,2,1046.0,2.0,1.0,48.0,1.0,0.0,0.0,0.0
80.0,1248.0,3,1290.0,2.0,3.0,56.12,0.0,0.0,1.0,0.0
80.0,230.0,2,1065.0,2.0,1.0,30.76,0.0,0.0,0.0,1.0
80.0,1166.0,3,1850.0,4.0,2.0,121.0,0.0,0.0,1.0,0.0
80.0,885.0,2,1097.0,2.0,1.0,49.0,0.0,0.0,1.0,0.0
80.0,462.0,2,1200.0,3.0,2.0,70.0,0.0,0.0,0.0,1.0
80.0,1035.0,3,2160.0,3.0,2.0,170.0,0.0,0.0,0.0,1.0
80.0,720.0,2,1140.0,2.0,2.0,52.0,0.0,0.0,0.0,1.0
50.0,749.0,2,1297.0,2.0,2.0,98.0,0.0,0.0,0.0,1.0
80.0,1060.0,2,1150.0,2.0,0.0,50.0,0.0,0.0,0.0,1.0
80.0,360.0,2,1375.0,2.0,1.0,45.0,1.0,0.0,0.0,0.0
80.0,98.0,2,1245.0,2.0,2.0,58.0,0.0,0.0,0.0,1.0
80.0,317.0,4,4750.0,6.0,1.0,948.0,0.0,0.0,0.0,1.0
27.0,417.0,4,1800.0,3.0,0.0,180.0,1.0,0.0,0.0,0.0
33.0,1248.0,3,1594.0,3.0,2.0,140.0,1.0,0.0,0.0,0.0
26.0,1035.0,3,1200.0,2.0,0.0,66.0,0.0,0.0,0.0,1.0
80.0,392.0,1,645.0,1.0,1.0,16.45,1.0,0.0,0.0,0.0
80.0,415.0,2,700.0,2.0,2.0,36.0,0.0,0.0,0.0,1.0
30.0,1257.0,5,2500.0,4.0,0.0,650.0,0.0,0.0,0.0,1.0
33.0,243.0,2,1000.0,2.0,0.0,50.0,1.0,0.0,0.0,0.0
80.0,504.0,6,4000.0,5.0,1.0,540.0,0.0,0.0,0.0,1.0
80.0,1248.0,2,1160.0,2.0,2.0,42.0,0.0,0.0,0.0,1.0
40.0,420.0,6,1200.0,6.0,0.0,85.0,0.0,0.0,0.0,1.0
80.0,1257.0,5,600.0,3.0,0.0,140.0,0.0,0.0,0.0,1.0
80.0,1035.0,3,1570.0,2.0,2.0,95.0,0.0,0.0,0.0,1.0
80.0,1155.0,2,1290.0,2.0,2.0,88.0,0.0,0.0,0.0,1.0
80.0,1248.0,2,1200.0,2.0,1.0,44.4,0.0,0.0,0.0,1.0
80.0,1037.0,3,2777.29,5.0,2.0,649.0,0.0,0.0,0.0,1.0
31.0,302.0,3,2250.0,3.0,0.0,180.0,0.0,0.0,0.0,1.0
80.0,380.0,2,1270.0,2.0,1.0,172.0,0.0,0.0,0.0,1.0
80.0,639.0,2,1145.0,2.0,2.0,44.0,0.0,0.0,0.0,1.0
32.0,769.0,3,1320.0,2.0,2.0,46.0,0.0,0.0,0.0,1.0
80.0,725.0,2,1065.0,2.0,1.0,30.75,1.0,0.0,0.0,0.0
80.0,511.0,3,1650.0,3.0,2.0,48.0,0.0,0.0,0.0,1.0
80.0,511.0,2,1371.0,2.0,1.0,86.0,0.0,0.0,1.0,0.0
52.0,960.0,5,2700.0,5.0,2.0,150.0,0.0,0.0,0.0,1.0
35.0,302.0,3,1575.0,3.0,1.0,94.5,0.0,0.0,1.0,0.0
80.0,675.0,2,1362.0,2.0,2.0,66.0,0.0,0.0,1.0,0.0
80.0,407.0,5,3210.0,2.0,1.0,353.0,0.0,0.0,0.0,1.0
51.0,230.0,3,1255.0,3.0,1.0,90.0,0.0,0.0,0.0,1.0
80.0,237.0,2,925.0,2.0,1.0,35.0,0.0,0.0,1.0,0.0
80.0,223.0,2,1088.0,2.0,1.0,30.46,0.0,0.0,1.0,0.0
73.0,214.0,2,1234.0,2.0,2.0,80.0,0.0,0.0,0.0,1.0
16.0,1144.0,3,2140.0,3.0,2.0,139.0,0.0,0.0,0.0,1.0
30.0,290.0,3,1584.0,3.0,2.0,101.0,0.0,0.0,0.0,1.0
80.0,1261.0,2,1175.0,2.0,2.0,50.0,0.0,0.0,0.0,1.0
41.0,221.0,3,1555.0,3.0,3.0,52.0,0.0,0.0,0.0,1.0
80.0,324.0,1,645.0,1.0,1.0,16.45,0.0,0.0,1.0,0.0
80.0,968.0,3,1585.0,2.0,2.0,79.0,0.0,0.0,0.0,1.0
80.0,504.0,2,1354.0,2.0,2.0,71.0,0.0,0.0,0.0,1.0
80.0,512.0,2,1165.0,2.0,2.0,45.0,0.0,0.0,0.0,1.0
80.0,1044.0,3,1200.0,3.0,1.0,75.0,0.0,0.0,0.0,1.0
80.0,1023.0,3,1740.0,2.0,1.0,137.0,0.0,0.0,0.0,1.0
80.0,257.0,9,1200.0,9.0,1.0,185.0,0.0,0.0,0.0,1.0
80.0,472.0,2,985.0,2.0,1.0,50.17,1.0,0.0,0.0,0.0
80.0,624.0,2,1200.0,2.0,1.0,36.0,1.0,0.0,0.0,0.0
80.0,214.0,3,600.0,4.0,2.0,70.0,0.0,0.0,0.0,1.0
80.0,516.0,3,1340.0,2.0,2.0,47.0,0.0,0.0,0.0,1.0
26.0,511.0,3,1583.0,3.0,1.0,95.23,0.0,0.0,0.0,1.0
80.0,610.0,4,1200.0,5.0,1.0,325.0,0.0,0.0,0.0,1.0
80.0,1035.0,2,1200.0,1.0,1.0,180.0,0.0,0.0,0.0,1.0
80.0,192.0,2,1122.5,2.0,0.0,61.74,0.0,0.0,0.0,1.0
80.0,334.0,3,1573.0,3.0,2.0,100.0,0.0,0.0,0.0,1.0
80.0,1257.0,2,1227.0,2.0,2.0,42.88,0.0,0.0,0.0,1.0
30.0,673.0,2,1210.0,2.0,1.0,60.0,0.0,0.0,1.0,0.0
28.0,417.0,3,1650.0,3.0,3.0,125.0,1.0,0.0,0.0,0.0
80.0,700.0,5,1000.0,4.0,2.0,300.0,0.0,0.0,0.0,1.0
80.0,479.0,3,1485.0,2.0,2.0,63.0,1.0,0.0,0.0,0.0
80.0,784.0,3,1735.0,3.0,2.0,97.0,1.0,0.0,0.0,0.0
80.0,1134.0,3,1730.0,3.0,2.0,175.0,0.0,0.0,1.0,0.0
26.0,829.0,3,1684.0,3.0,2.0,86.0,0.0,0.0,0.0,1.0
80.0,711.0,3,1686.0,3.0,3.0,77.0,0.0,0.0,0.0,1.0
80.0,774.0,3,1654.0,3.0,3.0,82.0,0.0,0.0,0.0,1.0
80.0,729.0,3,1600.0,3.0,3.0,105.0,0.0,0.0,0.0,1.0
80.0,707.0,2,1100.0,2.0,1.0,39.9,0.0,0.0,1.0,0.0
80.0,972.0,3,1655.0,3.0,3.0,95.0,0.0,0.0,1.0,0.0
80.0,714.0,3,1830.0,3.0,3.0,121.0,1.0,0.0,0.0,0.0
80.0,635.0,3,1430.0,3.0,1.0,85.0,0.0,0.0,0.0,1.0
80.0,547.0,3,1989.0,4.0,3.0,155.0,0.0,0.0,0.0,1.0
80.0,247.0,2,1044.0,2.0,2.0,55.0,1.0,0.0,0.0,0.0
80.0,141.0,3,1426.0,3.0,2.0,85.0,1.0,0.0,0.0,0.0
43.0,662.0,2,1115.0,2.0,2.0,50.0,0.0,0.0,0.0,1.0
80.0,84.0,2,1000.0,2.0,1.0,29.0,0.0,0.0,0.0,1.0
28.0,1248.0,2,754.0,2.0,0.0,69.99,0.0,0.0,1.0,0.0
80.0,1248.0,2,1140.0,2.0,1.0,33.06,1.0,0.0,0.0,0.0
80.0,415.0,2,900.0,2.0,1.0,35.0,0.0,0.0,0.0,1.0
80.0,1035.0,2,1200.0,2.0,3.0,50.0,0.0,0.0,0.0,1.0
80.0,797.0,1,580.0,1.0,1.0,45.0,0.0,0.0,0.0,1.0
80.0,415.0,3,1200.0,2.0,0.0,66.0,0.0,0.0,0.0,1.0
80.0,334.0,2,1030.0,2.0,1.0,50.36,0.0,0.0,0.0,1.0
80.0,1035.0,3,1910.0,4.0,3.0,150.0,0.0,0.0,0.0,1.0
80.0,580.0,3,1950.0,3.0,3.0,132.0,0.0,0.0,0.0,1.0
80.0,1248.0,3,1724.0,3.0,1.0,125.0,1.0,0.0,0.0,0.0
80.0,1057.0,3,1200.0,2.0,2.0,130.0,1.0,0.0,0.0,0.0
77.0,582.0,2,1314.0,2.0,0.0,225.0,0.0,0.0,0.0,1.0
80.0,587.0,2,1400.0,2.0,2.0,65.0,0.0,0.0,0.0,1.0
40.0,892.0,3,1400.0,2.0,2.0,68.0,0.0,0.0,0.0,1.0
80.0,797.0,2,1115.0,2.0,2.0,44.6,0.0,0.0,0.0,1.0
80.0,972.0,2,1300.0,2.0,2.0,55.86,0.0,0.0,0.0,1.0
80.0,420.0,4,2400.0,4.0,1.0,150.0,0.0,0.0,0.0,1.0
80.0,302.0,2,1332.0,2.0,1.0,108.0,1.0,0.0,0.0,0.0
80.0,1263.0,2,1000.0,2.0,1.0,41.0,0.0,0.0,0.0,1.0
80.0,60.0,3,1200.0,3.0,2.0,67.75,0.0,0.0,0.0,1.0
27.0,234.0,4,2444.0,4.0,1.0,145.0,0.0,0.0,0.0,1.0
80.0,1257.0,2,1070.0,2.0,1.0,48.0,0.0,0.0,0.0,1.0
80.0,1164.0,3,1600.0,3.0,1.0,85.0,1.0,0.0,0.0,0.0
80.0,472.0,2,1196.0,2.0,2.0,57.95,0.0,0.0,0.0,1.0
34.0,307.0,2,1025.0,2.0,1.0,54.0,0.0,0.0,0.0,1.0
80.0,968.0,3,1220.0,3.0,2.0,56.0,0.0,0.0,0.0,1.0
80.0,1212.0,3,2180.0,4.0,3.0,180.0,0.0,0.0,0.0,1.0
80.0,441.0,3,1600.0,3.0,2.0,102.0,0.0,0.0,0.0,1.0
80.0,573.0,2,1270.0,2.0,1.0,110.0,0.0,0.0,0.0,1.0
63.0,624.0,3,3290.0,4.0,1.0,460.0,0.0,0.0,0.0,1.0
80.0,1021.0,3,1932.47,3.0,2.0,183.0,0.0,0.0,0.0,1.0
80.0,904.0,3,2086.0,3.0,2.0,160.0,0.0,0.0,0.0,1.0
80.0,267.0,2,1165.0,2.0,1.0,51.42,0.0,0.0,0.0,1.0
80.0,320.0,3,1310.0,3.0,1.0,63.25,0.0,0.0,0.0,1.0
34.0,265.0,2,1440.0,2.0,2.0,165.0,0.0,0.0,0.0,1.0
80.0,561.0,3,1900.0,3.0,2.0,85.0,0.0,0.0,1.0,0.0
28.0,304.0,2,740.0,1.0,1.0,22.0,0.0,0.0,0.0,1.0
80.0,513.0,3,2503.0,3.0,3.0,138.0,0.0,0.0,1.0,0.0
33.0,75.0,2,1075.0,2.0,2.0,60.0,0.0,0.0,0.0,1.0
80.0,573.0,2,1260.0,2.0,2.0,83.5,0.0,0.0,1.0,0.0
80.0,167.0,3,1282.0,2.0,1.0,48.72,0.0,0.0,0.0,1.0
80.0,119.0,4,1100.0,2.0,1.0,60.0,0.0,0.0,1.0,0.0
80.0,533.0,3,1717.0,3.0,3.0,125.0,0.0,0.0,0.0,1.0
80.0,1248.0,2,1088.0,2.0,2.0,46.0,0.0,0.0,0.0,1.0
80.0,784.0,3,1335.0,2.0,1.0,56.0,0.0,0.0,0.0,1.0
32.0,420.0,2,1200.0,2.0,1.0,42.0,0.0,0.0,0.0,1.0
80.0,679.0,3,1325.0,2.0,2.0,60.0,1.0,0.0,0.0,0.0
80.0,214.0,2,1157.0,2.0,1.0,73.0,1.0,0.0,0.0,0.0
80.0,648.0,4,2283.0,2.0,1.0,121.0,0.0,0.0,0.0,1.0
80.0,214.0,2,1200.0,2.0,1.0,54.0,0.0,0.0,0.0,1.0
80.0,374.0,3,1510.0,2.0,2.0,65.0,0.0,1.0,0.0,0.0
80.0,200.0,2,1050.0,2.0,2.0,54.0,0.0,0.0,0.0,1.0
80.0,344.0,2,1200.0,2.0,2.0,45.0,1.0,0.0,0.0,0.0
33.0,528.0,3,1516.0,3.0,1.0,147.0,1.0,0.0,0.0,0.0
80.0,1087.0,6,2400.0,6.0,2.0,475.0,0.0,0.0,0.0,1.0
80.0,511.0,2,1050.0,2.0,1.0,44.41,0.0,0.0,0.0,1.0
25.0,756.0,2,1000.0,2.0,0.0,66.0,0.0,0.0,0.0,1.0
80.0,858.0,2,1050.0,2.0,2.0,35.0,0.0,0.0,0.0,1.0
80.0,1265.0,4,600.0,5.0,1.0,110.0,0.0,0.0,0.0,1.0
80.0,520.0,2,1194.0,2.0,1.0,65.0,0.0,0.0,0.0,1.0
80.0,162.0,4,600.0,3.0,2.0,62.0,0.0,0.0,1.0,0.0
80.0,420.0,2,1210.0,2.0,3.0,69.0,0.0,0.0,0.0,1.0
80.0,986.0,3,1660.0,3.0,1.0,110.0,1.0,0.0,0.0,0.0
80.0,509.0,2,1410.0,2.0,3.0,125.0,0.0,0.0,0.0,1.0
80.0,567.0,2,1305.0,2.0,1.0,67.0,0.0,0.0,0.0,1.0
80.0,968.0,6,1800.0,6.0,2.0,101.0,0.0,0.0,0.0,1.0
80.0,1035.0,2,1206.0,2.0,3.0,53.0,0.0,0.0,0.0,1.0
40.0,656.0,2,883.0,2.0,1.0,49.0,0.0,0.0,0.0,1.0
80.0,688.0,2,1150.0,2.0,2.0,55.0,1.0,0.0,0.0,0.0
80.0,587.0,2,1100.0,2.0,1.0,65.0,1.0,0.0,0.0,0.0
80.0,214.0,2,1245.0,2.0,1.0,125.0,0.0,0.0,0.0,1.0
80.0,417.0,3,1850.0,3.0,3.0,110.0,0.0,0.0,0.0,1.0
80.0,234.0,4,3385.0,4.0,1.0,220.0,0.0,0.0,0.0,1.0
80.0,58.0,4,2150.0,3.0,2.0,85.0,0.0,0.0,1.0,0.0
80.0,944.0,3,3895.0,3.0,1.0,390.0,0.0,0.0,0.0,1.0
80.0,275.0,2,1035.0,2.0,2.0,55.0,1.0,0.0,0.0,0.0
80.0,532.0,2,600.0,3.0,2.0,72.0,0.0,0.0,1.0,0.0
25.0,663.0,3,1200.0,3.0,3.0,75.0,1.0,0.0,0.0,0.0
27.0,417.0,2,1155.0,2.0,1.0,69.18,1.0,0.0,0.0,0.0
80.0,661.0,7,1200.0,6.0,2.0,235.0,0.0,0.0,0.0,1.0
80.0,266.0,1,755.0,1.0,0.0,30.12,1.0,0.0,0.0,0.0
80.0,903.0,2,960.0,2.0,2.0,35.0,1.0,0.0,0.0,0.0
80.0,1035.0,1,450.0,1.0,1.0,20.0,0.0,0.0,0.0,1.0
80.0,668.0,5,4000.0,5.0,1.0,680.0,0.0,0.0,0.0,1.0
80.0,1035.0,3,1571.0,3.0,3.0,53.12,0.0,0.0,0.0,1.0
80.0,531.0,3,1691.0,3.0,2.0,119.0,1.0,0.0,0.0,0.0
80.0,156.0,3,1489.0,2.0,1.0,70.0,0.0,0.0,1.0,0.0
80.0,662.0,2,800.0,2.0,1.0,32.0,0.0,0.0,0.0,1.0
26.0,290.0,3,980.0,2.0,2.0,60.0,0.0,0.0,0.0,1.0
80.0,583.0,2,1215.0,2.0,1.0,65.0,0.0,0.0,0.0,1.0
80.0,84.0,2,911.0,2.0,1.0,26.5,0.0,0.0,0.0,1.0
80.0,771.0,3,1535.0,3.0,1.0,90.0,0.0,0.0,0.0,1.0
80.0,234.0,5,1200.0,5.0,1.0,205.0,0.0,0.0,0.0,1.0
26.0,363.0,3,1500.0,2.0,1.0,70.0,0.0,0.0,0.0,1.0
28.0,1035.0,2,1588.0,2.0,3.0,58.0,0.0,0.0,0.0,1.0
52.0,302.0,4,675.0,4.0,2.0,68.0,0.0,0.0,0.0,1.0
34.0,290.0,2,957.0,2.0,2.0,56.0,0.0,0.0,0.0,1.0
80.0,1248.0,2,1200.0,2.0,1.0,34.65,0.0,0.0,0.0,1.0
80.0,72.0,3,1495.0,2.0,2.0,52.33,0.0,0.0,0.0,1.0
80.0,651.0,2,845.0,2.0,0.0,34.0,0.0,0.0,0.0,1.0
80.0,276.0,4,3000.0,4.0,2.0,350.0,0.0,0.0,0.0,1.0
80.0,1248.0,3,2206.0,4.0,1.0,180.0,0.0,0.0,0.0,1.0
80.0,512.0,2,1181.0,2.0,1.0,61.0,0.0,0.0,1.0,0.0
80.0,1164.0,2,1309.0,2.0,3.0,69.5,0.0,0.0,0.0,1.0
80.0,1248.0,3,1400.0,3.0,3.0,63.0,0.0,0.0,1.0,0.0
80.0,1257.0,5,1650.0,5.0,1.0,450.0,0.0,0.0,0.0,1.0
26.0,587.0,3,1622.0,3.0,1.0,95.0,0.0,0.0,0.0,1.0
80.0,875.0,2,1225.0,2.0,2.0,48.0,0.0,0.0,0.0,1.0
80.0,845.0,3,1719.0,3.0,3.0,95.0,0.0,0.0,1.0,0.0
80.0,223.0,2,995.0,2.0,1.0,40.8,1.0,0.0,0.0,0.0
80.0,1098.0,2,1120.0,2.0,2.0,53.0,0.0,0.0,1.0,0.0
80.0,1232.0,2,1047.0,2.0,1.0,75.0,0.0,0.0,0.0,1.0
52.0,1248.0,3,1466.0,3.0,3.0,59.96,0.0,0.0,0.0,1.0
80.0,996.0,3,1691.0,3.0,2.0,100.0,0.0,0.0,0.0,1.0
80.0,472.0,2,876.0,2.0,2.0,28.47,1.0,0.0,0.0,0.0
40.0,528.0,3,1659.0,3.0,1.0,135.0,0.0,0.0,0.0,1.0
80.0,1258.0,2,1270.0,2.0,1.0,105.0,0.0,0.0,1.0,0.0
80.0,582.0,3,1269.0,2.0,3.0,50.75,0.0,0.0,0.0,1.0
80.0,60.0,2,1200.0,3.0,2.0,80.0,0.0,0.0,1.0,0.0
29.0,511.0,2,1153.0,2.0,2.0,56.5,0.0,0.0,0.0,1.0
80.0,1229.0,2,1315.0,2.0,2.0,69.5,0.0,0.0,0.0,1.0
80.0,1248.0,4,2485.0,4.0,2.0,198.0,0.0,0.0,0.0,1.0
80.0,244.0,3,1354.0,3.0,1.0,85.86,0.0,0.0,0.0,1.0
35.0,1144.0,4,1344.0,3.0,1.0,130.0,0.0,0.0,0.0,1.0
80.0,809.0,2,1180.0,2.0,1.0,55.0,0.0,0.0,1.0,0.0
80.0,1035.0,2,1313.0,2.0,2.0,68.0,0.0,0.0,1.0,0.0
80.0,230.0,2,1100.0,2.0,2.0,50.0,0.0,0.0,0.0,1.0
80.0,315.0,4,600.0,4.0,1.0,78.0,0.0,0.0,1.0,0.0
80.0,1079.0,3,1200.0,3.0,0.0,190.0,1.0,0.0,0.0,0.0
80.0,679.0,6,625.0,3.0,3.0,78.0,1.0,0.0,0.0,0.0
80.0,71.0,2,890.0,2.0,3.0,37.0,0.0,0.0,1.0,0.0
80.0,1175.0,2,1173.0,2.0,1.0,78.2,0.0,0.0,1.0,0.0
28.0,504.0,2,1190.0,2.0,1.0,55.0,0.0,0.0,0.0,1.0
80.0,1041.0,2,1250.0,2.0,0.0,75.0,0.0,0.0,0.0,1.0
80.0,383.0,3,1644.0,3.0,3.0,80.51,0.0,0.0,0.0,1.0
80.0,1175.0,3,1740.0,3.0,2.0,150.0,0.0,0.0,0.0,1.0
80.0,797.0,3,1710.0,3.0,2.0,110.0,1.0,0.0,0.0,0.0
80.0,904.0,4,1000.0,4.0,2.0,130.0,0.0,0.0,0.0,1.0
80.0,944.0,3,1662.0,3.0,2.0,155.0,0.0,0.0,0.0,1.0
80.0,1052.0,2,1162.0,2.0,1.0,48.0,0.0,0.0,0.0,1.0
80.0,29.0,2,1362.0,2.0,3.0,85.0,0.0,0.0,0.0,1.0
80.0,1012.0,1,540.0,1.0,1.0,22.5,0.0,0.0,1.0,0.0
80.0,417.0,3,1533.0,3.0,0.0,75.885,0.0,0.0,0.0,1.0
51.0,1248.0,5,900.0,4.0,1.0,62.0,0.0,0.0,0.0,1.0
80.0,1175.0,4,1250.0,4.0,1.0,135.0,0.0,0.0,0.0,1.0
80.0,624.0,3,1410.0,2.0,3.0,54.99,1.0,0.0,0.0,0.0
80.0,713.0,4,2665.0,5.0,3.0,125.0,0.0,0.0,0.0,1.0
80.0,504.0,2,970.0,2.0,0.0,45.0,0.0,0.0,0.0,1.0
80.0,1257.0,6,1799.0,6.0,3.0,101.0,0.0,0.0,0.0,1.0
80.0,214.0,6,1500.0,6.0,1.0,300.0,0.0,0.0,0.0,1.0
72.0,662.0,4,1200.0,4.0,3.0,155.0,0.0,0.0,0.0,1.0
80.0,1248.0,3,1810.0,3.0,2.0,97.83,0.0,0.0,0.0,1.0
80.0,557.0,2,1084.0,2.0,1.0,51.0,0.0,0.0,0.0,1.0
45.0,72.0,3,1500.0,3.0,2.0,85.0,0.0,0.0,0.0,1.0
80.0,380.0,3,1328.0,2.0,1.0,56.0,1.0,0.0,0.0,0.0
80.0,417.0,3,1485.0,2.0,2.0,90.0,1.0,0.0,0.0,0.0
80.0,1036.0,3,1500.0,2.0,2.0,58.0,1.0,0.0,0.0,0.0
34.0,1137.0,2,1100.0,2.0,2.0,85.0,0.0,0.0,0.0,1.0
80.0,1035.0,3,1360.0,2.0,2.0,73.0,1.0,0.0,0.0,0.0
80.0,172.0,2,900.0,2.0,1.0,75.0,0.0,0.0,1.0,0.0
80.0,610.0,3,600.0,3.0,3.0,86.0,1.0,0.0,0.0,0.0
80.0,1035.0,2,1031.0,2.0,1.0,54.48,1.0,0.0,0.0,0.0
29.0,1248.0,2,955.0,2.0,0.0,38.19,0.0,0.0,0.0,1.0
80.0,394.0,2,1040.0,2.0,2.0,36.4,1.0,0.0,0.0,0.0
54.0,1257.0,7,2800.0,6.0,1.0,110.0,0.0,0.0,0.0,1.0
30.0,124.0,3,1404.0,2.0,1.0,56.15,0.0,0.0,0.0,1.0
80.0,587.0,2,1200.0,2.0,2.0,46.0,0.0,0.0,0.0,1.0
80.0,92.0,2,1267.0,3.0,1.0,78.0,0.0,0.0,1.0,0.0
80.0,534.0,3,1510.0,2.0,3.0,110.0,0.0,0.0,0.0,1.0
80.0,618.0,2,900.0,2.0,1.0,42.0,0.0,0.0,0.0,1.0
80.0,96.0,3,1457.0,2.0,2.0,105.0,1.0,0.0,0.0,0.0
80.0,1029.0,4,3596.0,4.0,2.0,268.0,0.0,0.0,0.0,1.0
80.0,328.0,3,1408.0,3.0,2.0,80.0,0.0,0.0,0.0,1.0
80.0,692.0,2,1005.0,2.0,2.0,45.0,0.0,1.0,0.0,0.0
80.0,415.0,2,545.0,1.0,1.0,28.0,0.0,0.0,0.0,1.0
80.0,415.0,2,1182.0,2.0,1.0,64.0,0.0,0.0,0.0,1.0
80.0,464.0,3,2038.5,3.0,0.0,122.0,0.0,0.0,0.0,1.0
80.0,1257.0,2,1367.0,2.0,0.0,80.0,0.0,0.0,0.0,1.0
80.0,519.0,5,1200.0,4.0,2.0,200.0,0.0,0.0,0.0,1.0
80.0,972.0,5,1100.0,4.0,3.0,199.0,0.0,0.0,0.0,1.0
80.0,513.0,3,1565.0,3.0,2.0,78.0,1.0,0.0,0.0,0.0
80.0,1161.0,3,1720.0,3.0,2.0,128.0,0.0,0.0,0.0,1.0
80.0,652.0,2,1107.0,2.0,3.0,44.0,0.0,0.0,0.0,1.0
80.0,1263.0,2,1360.0,2.0,1.0,78.19,0.0,0.0,0.0,1.0
80.0,516.0,2,625.0,1.0,1.0,25.0,0.0,0.0,0.0,1.0
80.0,484.0,2,1701.0,2.0,2.0,145.0,0.0,0.0,1.0,0.0
80.0,60.0,3,1350.0,1.0,0.0,120.0,0.0,0.0,1.0,0.0
80.0,714.0,2,1016.0,2.0,1.0,39.95,0.0,0.0,0.0,1.0
80.0,214.0,3,1500.0,3.0,1.0,90.0,0.0,0.0,0.0,1.0
80.0,513.0,2,900.0,2.0,1.0,45.0,0.0,0.0,1.0,0.0
80.0,380.0,3,1500.0,3.0,1.0,150.0,0.0,0.0,0.0,1.0
80.0,300.0,3,2292.0,2.0,1.0,285.0,0.0,0.0,0.0,1.0
80.0,84.0,3,1280.0,3.0,1.0,42.0,0.0,0.0,0.0,1.0
80.0,1035.0,4,1750.0,4.0,2.0,263.0,0.0,0.0,0.0,1.0
80.0,268.0,3,1500.0,2.0,1.0,70.0,1.0,0.0,0.0,0.0
31.0,1061.0,3,1500.0,2.0,1.0,64.5,0.0,0.0,0.0,1.0
80.0,520.0,2,1245.0,2.0,2.0,59.0,0.0,0.0,0.0,1.0
80.0,989.0,2,1025.0,2.0,1.0,44.0,0.0,0.0,0.0,1.0
26.0,542.0,3,1945.0,3.0,2.0,135.0,0.0,0.0,0.0,1.0
28.0,1248.0,3,1640.0,3.0,3.0,245.0,0.0,0.0,1.0,0.0
80.0,516.0,3,1348.0,2.0,2.0,80.5,1.0,0.0,0.0,0.0
80.0,70.0,2,1100.0,2.0,2.0,55.0,0.0,0.0,0.0,1.0
80.0,41.0,3,1616.0,3.0,3.0,40.0,0.0,0.0,1.0,0.0
80.0,1175.0,3,1855.0,3.0,3.0,135.0,1.0,0.0,0.0,0.0
80.0,1248.0,2,1255.0,2.0,2.0,56.5,0.0,0.0,0.0,1.0
80.0,573.0,5,2040.0,4.0,1.0,500.0,0.0,0.0,0.0,1.0
66.0,711.0,4,2400.0,4.0,1.0,228.0,0.0,0.0,0.0,1.0
80.0,1248.0,2,1195.0,2.0,2.0,59.0,0.0,0.0,0.0,1.0
80.0,725.0,2,1022.0,2.0,1.0,35.0,0.0,0.0,0.0,1.0
80.0,711.0,6,760.0,6.0,0.0,98.0,0.0,0.0,0.0,1.0
43.0,662.0,2,1264.0,2.0,1.0,52.0,0.0,0.0,0.0,1.0
80.0,1193.0,3,1650.0,3.0,2.0,115.0,0.0,0.0,1.0,0.0
80.0,531.0,2,1020.0,2.0,1.0,40.8,0.0,0.0,0.0,1.0
80.0,372.0,4,4395.0,4.0,2.0,242.0,1.0,0.0,0.0,0.0
80.0,1035.0,2,950.0,2.0,1.0,25.0,0.0,0.0,0.0,1.0
80.0,633.0,4,2710.0,5.0,3.0,142.0,0.0,0.0,0.0,1.0
63.0,1144.0,3,1936.0,3.0,1.0,131.0,0.0,0.0,0.0,1.0
80.0,684.0,2,1075.0,2.0,2.0,58.0,0.0,0.0,0.0,1.0
80.0,72.0,2,1223.0,2.0,1.0,93.0,0.0,0.0,1.0,0.0
80.0,844.0,3,1500.0,3.0,1.0,61.9,1.0,0.0,0.0,0.0
80.0,504.0,2,1050.0,2.0,2.0,42.73,0.0,0.0,0.0,1.0
34.0,417.0,3,2100.0,3.0,2.0,190.0,0.0,0.0,0.0,1.0
80.0,70.0,5,1200.0,4.0,2.0,240.0,1.0,0.0,0.0,0.0
80.0,344.0,3,1650.0,2.0,1.0,130.0,0.0,0.0,0.0,1.0
80.0,714.0,2,1495.0,2.0,1.0,78.0,0.0,0.0,0.0,1.0
80.0,507.0,3,1500.0,2.0,3.0,82.0,0.0,0.0,0.0,1.0
80.0,875.0,3,1605.0,3.0,2.0,260.0,0.0,0.0,0.0,1.0
80.0,290.0,2,1270.0,2.0,2.0,52.0,0.0,0.0,1.0,0.0
80.0,685.0,2,1081.0,2.0,3.0,60.0,0.0,0.0,0.0,1.0
80.0,1212.0,3,1600.0,2.0,0.0,140.0,0.0,0.0,1.0,0.0
28.0,1035.0,3,1596.0,3.0,1.0,118.0,0.0,0.0,0.0,1.0
40.0,1248.0,6,600.0,6.0,2.0,65.0,0.0,0.0,0.0,1.0
33.0,800.0,3,1557.0,3.0,1.0,70.0,0.0,0.0,0.0,1.0
34.0,268.0,3,1410.0,3.0,3.0,68.0,0.0,0.0,0.0,1.0
80.0,334.0,3,1984.0,4.0,1.0,148.0,0.0,0.0,0.0,1.0
80.0,588.0,2,1196.0,2.0,3.0,60.0,0.0,0.0,0.0,1.0
80.0,163.0,4,2259.0,3.0,2.0,112.0,0.0,0.0,0.0,1.0
27.0,1248.0,3,1720.0,3.0,1.0,100.0,0.0,0.0,0.0,1.0
80.0,845.0,4,600.0,5.0,2.0,99.0,0.0,0.0,1.0,0.0
80.0,457.0,2,1256.0,2.0,1.0,62.8,0.0,0.0,0.0,1.0
80.0,511.0,2,1243.0,2.0,2.0,46.0,1.0,0.0,0.0,0.0
80.0,1070.0,3,1310.0,2.0,1.0,37.83,0.0,0.0,0.0,1.0
80.0,624.0,2,1140.0,2.0,1.0,57.0,0.0,0.0,0.0,1.0
80.0,1258.0,3,1600.0,3.0,2.0,260.0,1.0,0.0,0.0,0.0
80.0,150.0,3,1790.0,3.0,2.0,120.0,0.0,0.0,1.0,0.0
80.0,262.0,2,1335.0,2.0,0.0,72.76,0.0,0.0,0.0,1.0
80.0,587.0,3,1674.0,3.0,1.0,81.0,0.0,0.0,0.0,1.0
80.0,604.0,5,1200.0,2.0,1.0,100.0,0.0,0.0,0.0,1.0
28.0,415.0,3,1786.0,3.0,2.0,79.99,1.0,0.0,0.0,0.0
80.0,867.0,4,770.0,3.0,2.0,65.25,0.0,0.0,0.0,1.0
28.0,1248.0,2,1035.0,2.0,1.0,47.0,0.0,0.0,1.0,0.0
80.0,1077.0,3,1564.0,3.0,1.0,103.0,0.0,0.0,0.0,1.0
26.0,860.0,2,1334.0,2.0,1.0,67.76,0.0,0.0,0.0,1.0
80.0,784.0,3,1365.0,3.0,1.0,53.96,0.0,0.0,0.0,1.0
80.0,116.0,2,1115.0,2.0,1.0,50.0,0.0,0.0,0.0,1.0
80.0,329.0,2,1020.0,2.0,1.0,42.48,0.0,0.0,0.0,1.0
80.0,511.0,3,1369.0,2.0,3.0,72.0,0.0,0.0,0.0,1.0
32.0,1035.0,2,1240.0,2.0,2.0,41.0,0.0,0.0,0.0,1.0
80.0,528.0,4,600.0,3.0,2.0,100.0,0.0,0.0,0.0,1.0
80.0,1042.0,2,1418.0,2.0,1.0,62.0,0.0,0.0,0.0,1.0
80.0,795.0,3,2250.0,3.0,1.0,219.0,0.0,0.0,0.0,1.0
34.0,1004.0,2,500.0,1.0,1.0,20.0,0.0,0.0,0.0,1.0
80.0,1029.0,2,1020.0,2.0,2.0,39.0,0.0,0.0,0.0,1.0
80.0,112.0,2,1290.0,2.0,2.0,70.0,1.0,0.0,0.0,0.0
80.0,1035.0,3,1500.0,3.0,2.0,90.0,0.0,0.0,0.0,1.0
80.0,655.0,3,1290.0,3.0,3.0,62.0,0.0,0.0,0.0,1.0
80.0,983.0,3,1881.0,3.0,2.0,115.0,0.0,0.0,0.0,1.0
80.0,464.0,2,943.0,2.0,2.0,49.5,0.0,0.0,0.0,1.0
40.0,337.0,2,1140.0,2.0,1.0,32.93,1.0,0.0,0.0,0.0
80.0,511.0,2,1035.0,2.0,2.0,60.0,0.0,0.0,0.0,1.0
80.0,420.0,3,1500.0,3.0,1.0,71.0,0.0,0.0,0.0,1.0
80.0,39.0,5,5665.84,7.0,1.0,988.0,0.0,0.0,0.0,1.0
52.0,892.0,2,1232.0,2.0,1.0,94.28,0.0,0.0,0.0,1.0
80.0,1248.0,3,1290.0,2.0,2.0,56.12,0.0,0.0,0.0,1.0
80.0,162.0,4,2610.0,4.0,2.0,306.0,1.0,0.0,0.0,0.0
80.0,492.0,3,1576.0,3.0,2.0,58.7,1.0,0.0,0.0,0.0
80.0,850.0,2,980.0,2.0,1.0,41.0,0.0,0.0,1.0,0.0
80.0,1085.0,4,4000.0,6.0,1.0,440.0,0.0,0.0,0.0,1.0
80.0,801.0,2,1346.0,2.0,1.0,74.03,0.0,0.0,0.0,1.0
26.0,652.0,2,1181.0,2.0,2.0,55.0,0.0,0.0,0.0,1.0
80.0,106.0,4,6652.0,6.0,1.0,660.0,0.0,0.0,0.0,1.0
80.0,302.0,2,1307.0,2.0,2.0,59.0,0.0,0.0,1.0,0.0
80.0,881.0,3,1215.0,2.0,2.0,49.86,0.0,0.0,0.0,1.0
80.0,1042.0,2,1180.0,2.0,3.0,80.0,0.0,0.0,1.0,0.0
80.0,348.0,1,600.0,1.0,1.0,55.0,0.0,0.0,0.0,1.0
49.0,720.0,2,1115.0,2.0,2.0,50.0,0.0,0.0,0.0,1.0
80.0,1085.0,2,1025.0,2.0,2.0,43.04,1.0,0.0,0.0,0.0
80.0,75.0,3,1910.0,3.0,2.0,131.0,0.0,0.0,0.0,1.0
80.0,1263.0,2,1200.0,2.0,2.0,50.0,0.0,0.0,0.0,1.0
28.0,1248.0,4,2920.0,4.0,3.0,536.0,0.0,0.0,0.0,1.0
80.0,96.0,2,1349.0,2.0,1.0,98.0,0.0,0.0,1.0,0.0
80.0,662.0,2,1175.0,2.0,1.0,60.0,0.0,0.0,0.0,1.0
80.0,705.0,2,1150.0,2.0,1.0,40.25,0.0,0.0,0.0,1.0
63.0,415.0,2,935.0,2.0,1.0,32.72,0.0,0.0,0.0,1.0
80.0,662.0,3,1404.0,2.0,2.0,59.0,0.0,0.0,0.0,1.0
34.0,1134.0,4,2700.0,3.0,2.0,230.0,0.0,0.0,0.0,1.0
80.0,28.0,2,1203.0,2.0,2.0,60.0,0.0,0.0,1.0,0.0
28.0,1137.0,3,440.0,3.0,1.0,35.0,1.0,0.0,0.0,0.0
80.0,1145.0,3,1571.0,3.0,3.0,63.0,1.0,0.0,0.0,0.0
80.0,724.0,2,1125.0,2.0,2.0,46.0,0.0,0.0,0.0,1.0
80.0,324.0,1,610.0,1.0,1.0,18.5,1.0,0.0,0.0,0.0
80.0,968.0,2,1198.0,2.0,2.0,80.0,0.0,0.0,0.0,1.0
80.0,415.0,3,1200.0,3.0,2.0,65.0,1.0,0.0,0.0,0.0
80.0,845.0,2,1200.0,2.0,2.0,45.0,0.0,0.0,0.0,1.0
54.0,180.0,4,6688.0,6.0,1.0,700.0,0.0,0.0,0.0,1.0
80.0,813.0,3,1830.0,3.0,2.0,95.0,1.0,0.0,0.0,0.0
80.0,673.0,3,1432.0,2.0,2.0,61.11,0.0,0.0,0.0,1.0
44.0,782.0,3,2300.0,2.0,0.0,70.0,0.0,0.0,0.0,1.0
80.0,1248.0,2,1331.95,2.0,2.0,69.0,0.0,0.0,0.0,1.0
31.0,268.0,3,1876.0,3.0,3.0,160.0,0.0,0.0,1.0,0.0
80.0,220.0,3,1639.0,3.0,2.0,107.0,0.0,0.0,0.0,1.0
80.0,302.0,4,1200.0,4.0,2.0,125.0,0.0,0.0,0.0,1.0
80.0,492.0,3,1665.0,3.0,2.0,74.9,0.0,0.0,0.0,1.0
80.0,968.0,2,1140.0,2.0,2.0,50.66,0.0,0.0,0.0,1.0
29.0,729.0,4,2093.0,4.0,2.0,134.0,0.0,0.0,0.0,1.0
33.0,531.0,3,1450.0,3.0,3.0,60.9,0.0,0.0,0.0,1.0
80.0,626.0,3,1330.0,3.0,3.0,46.56,0.0,0.0,0.0,1.0
80.0,381.0,4,1200.0,5.0,1.0,350.0,0.0,0.0,0.0,1.0
35.0,1035.0,3,1800.0,3.0,1.0,84.0,0.0,0.0,0.0,1.0
80.0,386.0,4,2872.0,4.0,3.0,183.0,1.0,0.0,0.0,0.0
80.0,1238.0,3,1486.0,2.0,2.0,65.0,0.0,0.0,0.0,1.0
34.0,941.0,3,1425.0,1.0,0.0,54.0,0.0,0.0,0.0,1.0
35.0,540.0,2,1255.0,2.0,2.0,42.54,0.0,0.0,0.0,1.0
63.0,1137.0,2,750.0,2.0,1.0,19.5,0.0,0.0,0.0,1.0
80.0,783.0,2,1225.0,2.0,3.0,58.0,0.0,0.0,0.0,1.0
80.0,778.0,2,1274.0,2.0,1.0,90.0,0.0,0.0,0.0,1.0
80.0,473.0,9,4600.0,9.0,1.0,150.0,1.0,0.0,0.0,0.0
80.0,635.0,3,1350.0,3.0,2.0,80.99,1.0,0.0,0.0,0.0
80.0,1035.0,2,1100.0,2.0,2.0,64.08,0.0,0.0,0.0,1.0
80.0,968.0,3,1760.0,3.0,2.0,139.0,1.0,0.0,0.0,0.0
80.0,394.0,3,1200.0,3.0,2.0,110.0,1.0,0.0,0.0,0.0
80.0,240.0,7,1800.0,5.0,3.0,65.0,0.0,0.0,1.0,0.0
80.0,1172.0,3,1095.0,2.0,2.0,28.0,0.0,0.0,1.0,0.0
80.0,904.0,2,1140.0,2.0,2.0,46.0,0.0,0.0,0.0,1.0
80.0,932.0,3,1530.0,3.0,3.0,64.86,0.0,0.0,1.0,0.0
80.0,557.0,3,1724.0,3.0,3.0,140.0,0.0,0.0,0.0,1.0
80.0,542.0,2,1058.0,2.0,2.0,47.0,0.0,0.0,0.0,1.0
80.0,516.0,3,1464.0,3.0,2.0,56.0,0.0,0.0,0.0,1.0
80.0,699.0,3,1975.0,3.0,3.0,90.0,0.0,0.0,0.0,1.0
80.0,1258.0,2,1112.0,2.0,1.0,58.0,0.0,0.0,0.0,1.0
80.0,304.0,2,1600.0,2.0,1.0,90.0,0.0,0.0,0.0,1.0
80.0,247.0,3,1648.0,3.0,2.0,85.0,0.0,0.0,0.0,1.0
34.0,668.0,2,1100.0,2.0,2.0,32.0,1.0,0.0,0.0,0.0
80.0,735.0,1,509.0,1.0,1.0,23.0,1.0,0.0,0.0,0.0
80.0,1033.0,3,2265.0,3.0,3.0,159.0,0.0,0.0,0.0,1.0
37.0,214.0,2,1200.0,2.0,2.0,46.0,0.0,0.0,0.0,1.0
80.0,70.0,1,530.0,1.0,1.0,18.0,0.0,0.0,0.0,1.0
80.0,1070.0,2,1010.0,2.0,1.0,41.0,0.0,1.0,0.0,0.0
80.0,494.0,2,1150.0,2.0,2.0,45.0,0.0,0.0,0.0,1.0
26.0,415.0,2,1340.0,2.0,1.0,75.0,0.0,0.0,0.0,1.0
80.0,108.0,3,1850.0,3.0,1.0,98.0,0.0,0.0,0.0,1.0
80.0,317.0,2,907.0,2.0,1.0,40.0,1.0,0.0,0.0,0.0
80.0,420.0,2,1688.0,2.0,0.0,280.0,0.0,0.0,0.0,1.0
63.0,1137.0,2,1160.0,2.0,1.0,130.0,0.0,0.0,0.0,1.0
26.0,1257.0,3,1600.0,2.0,1.0,65.0,0.0,0.0,1.0,0.0
40.0,363.0,6,1800.0,5.0,1.0,140.0,0.0,0.0,0.0,1.0
80.0,1039.0,4,3596.0,5.0,1.0,251.0,1.0,0.0,0.0,0.0
80.0,532.0,3,1464.0,3.0,2.0,56.0,0.0,0.0,0.0,1.0
80.0,1021.0,2,1295.0,2.0,1.0,62.0,0.0,0.0,0.0,1.0
80.0,662.0,2,1012.0,2.0,1.0,62.0,0.0,0.0,0.0,1.0
80.0,870.0,3,1000.0,2.0,1.0,48.0,0.0,0.0,0.0,1.0
80.0,984.0,2,1010.0,2.0,1.0,32.0,0.0,0.0,1.0,0.0
80.0,919.0,2,1379.0,2.0,1.0,85.0,0.0,0.0,1.0,0.0
80.0,907.0,2,1121.0,2.0,2.0,75.0,1.0,0.0,0.0,0.0
80.0,360.0,2,1200.0,2.0,1.0,75.0,0.0,0.0,1.0,0.0
80.0,582.0,4,3124.0,6.0,3.0,349.0,0.0,0.0,0.0,1.0
80.0,290.0,2,1246.0,2.0,2.0,47.35,1.0,0.0,0.0,0.0
80.0,234.0,3,1420.0,3.0,2.0,90.0,0.0,0.0,0.0,1.0
80.0,356.0,2,600.0,1.0,1.0,65.0,0.0,0.0,0.0,1.0
80.0,1035.0,2,1090.0,2.0,2.0,55.0,0.0,0.0,1.0,0.0
80.0,968.0,2,1355.0,2.0,1.0,73.0,0.0,0.0,0.0,1.0
80.0,1078.0,2,1425.0,2.0,1.0,94.0,0.0,0.0,0.0,1.0
80.0,511.0,8,4000.0,7.0,0.0,110.0,0.0,0.0,0.0,1.0
80.0,843.0,3,1700.0,3.0,2.0,111.0,0.0,0.0,0.0,1.0
80.0,1035.0,3,2099.0,3.0,2.0,134.0,0.0,0.0,0.0,1.0
80.0,589.0,5,1330.0,5.0,0.0,210.0,0.0,0.0,0.0,1.0
28.0,1248.0,3,1520.0,2.0,1.0,69.76,0.0,0.0,0.0,1.0
80.0,978.0,3,1490.0,3.0,0.0,140.0,0.0,0.0,1.0,0.0
80.0,214.0,2,1000.0,2.0,2.0,50.0,0.0,1.0,0.0,0.0
80.0,426.0,2,1291.0,2.0,2.0,72.3,0.0,0.0,1.0,0.0
80.0,1160.0,2,1339.0,2.0,2.0,67.0,0.0,0.0,0.0,1.0
80.0,1127.0,2,1330.0,2.0,1.0,56.0,0.0,0.0,1.0,0.0
80.0,214.0,4,9200.0,4.0,1.0,2600.0,0.0,0.0,0.0,1.0
80.0,737.0,8,1200.0,8.0,0.0,140.0,0.0,0.0,1.0,0.0
80.0,150.0,2,1650.0,1.0,1.0,130.0,1.0,0.0,0.0,0.0
80.0,1127.0,6,8000.0,6.0,3.0,2800.0,0.0,0.0,1.0,0.0
80.0,415.0,2,1125.0,2.0,1.0,44.75,0.0,0.0,0.0,1.0
80.0,462.0,2,1310.0,2.0,1.0,62.0,0.0,0.0,0.0,1.0
27.0,302.0,2,1096.0,2.0,2.0,40.0,0.0,0.0,0.0,1.0
80.0,106.0,2,814.0,2.0,1.0,43.7,0.0,0.0,0.0,1.0
80.0,968.0,3,3500.0,3.0,2.0,275.0,1.0,0.0,0.0,0.0
80.0,968.0,2,1140.0,2.0,2.0,44.0,0.0,0.0,0.0,1.0
80.0,996.0,3,1480.0,2.0,0.0,75.0,0.0,0.0,0.0,1.0
80.0,108.0,4,4000.0,6.0,1.0,370.0,1.0,0.0,0.0,0.0
80.0,1175.0,3,1500.0,2.0,3.0,78.0,0.0,0.0,0.0,1.0
80.0,1149.0,3,1850.0,3.0,2.0,89.0,0.0,0.0,0.0,1.0
80.0,944.0,2,745.0,2.0,1.0,36.0,0.0,0.0,0.0,1.0
80.0,68.0,1,613.0,1.0,1.0,48.0,1.0,0.0,0.0,0.0
80.0,70.0,4,1200.0,5.0,1.0,325.0,0.0,0.0,0.0,1.0
80.0,1248.0,3,1470.0,2.0,1.0,85.0,0.0,0.0,0.0,1.0
80.0,573.0,1,896.0,1.0,0.0,100.0,1.0,0.0,0.0,0.0
80.0,783.0,1,250.0,2.0,2.0,40.0,0.0,0.0,0.0,1.0
42.0,517.0,6,1200.0,3.0,1.0,125.0,0.0,1.0,0.0,0.0
80.0,729.0,2,1160.0,2.0,2.0,45.0,0.0,0.0,0.0,1.0
80.0,363.0,7,1590.0,9.0,3.0,132.0,0.0,0.0,0.0,1.0
40.0,417.0,1,520.0,1.0,1.0,15.0,0.0,0.0,0.0,1.0
80.0,72.0,9,1178.0,9.0,1.0,75.0,0.0,0.0,0.0,1.0
80.0,394.0,3,1360.0,2.0,1.0,64.99,0.0,0.0,0.0,1.0
80.0,692.0,2,1155.0,2.0,1.0,64.0,0.0,0.0,0.0,1.0
80.0,18.0,1,520.0,1.0,1.0,14.04,0.0,0.0,0.0,1.0
80.0,1035.0,3,1615.0,2.0,3.0,150.0,1.0,0.0,0.0,0.0
80.0,61.0,8,6000.0,8.0,3.0,215.0,0.0,0.0,1.0,0.0
26.0,1035.0,2,1140.0,2.0,2.0,39.0,0.0,0.0,0.0,1.0
80.0,624.0,3,1508.0,3.0,1.0,77.0,0.0,0.0,1.0,0.0
80.0,528.0,3,2395.0,4.0,2.0,150.0,1.0,0.0,0.0,0.0
33.0,1144.0,3,1590.0,3.0,2.0,57.0,1.0,0.0,0.0,0.0
80.0,250.0,3,2215.0,4.0,2.0,152.0,0.0,0.0,0.0,1.0
80.0,892.0,3,1667.0,3.0,1.0,130.0,0.0,0.0,0.0,1.0
80.0,720.0,3,1903.0,2.0,1.0,293.0,1.0,0.0,0.0,0.0
40.0,797.0,2,1530.0,2.0,1.0,108.0,0.0,0.0,0.0,1.0
80.0,719.0,3,1730.0,3.0,2.0,125.0,0.0,0.0,0.0,1.0
80.0,1248.0,2,1048.0,2.0,1.0,44.0,0.0,0.0,0.0,1.0
40.0,1248.0,2,1225.0,2.0,2.0,52.0,0.0,0.0,0.0,1.0
40.0,656.0,2,1200.0,2.0,3.0,70.0,0.0,0.0,0.0,1.0
80.0,426.0,2,1175.0,2.0,1.0,65.0,1.0,0.0,0.0,0.0
80.0,510.0,1,1075.0,2.0,1.0,52.57,0.0,0.0,1.0,0.0
80.0,85.0,3,1651.0,3.0,1.0,49.53,1.0,0.0,0.0,0.0
80.0,1035.0,3,1500.0,2.0,3.0,55.0,1.0,0.0,0.0,0.0
80.0,795.0,3,1783.0,3.0,3.0,85.0,0.0,0.0,0.0,1.0
61.0,528.0,2,1015.0,2.0,1.0,35.0,0.0,0.0,0.0,1.0
52.0,1186.0,1,1800.0,1.0,1.0,200.0,0.0,0.0,0.0,1.0
80.0,624.0,4,2758.0,4.0,1.0,240.0,0.0,0.0,0.0,1.0
26.0,413.0,4,1200.0,5.0,1.0,325.0,0.0,0.0,0.0,1.0
80.0,415.0,2,1132.0,2.0,1.0,70.0,0.0,0.0,1.0,0.0
80.0,1070.0,2,1200.0,2.0,0.0,75.0,0.0,0.0,0.0,1.0
80.0,1175.0,3,1490.0,3.0,0.0,85.0,0.0,0.0,0.0,1.0
80.0,1144.0,4,1917.0,4.0,2.0,130.0,0.0,0.0,0.0,1.0
80.0,968.0,3,1703.0,3.0,2.0,120.0,0.0,0.0,0.0,1.0
80.0,276.0,2,1211.0,2.0,3.0,45.0,0.0,0.0,0.0,1.0
80.0,713.0,2,1310.0,2.0,2.0,53.0,0.0,0.0,1.0,0.0
80.0,735.0,2,1146.0,2.0,1.0,69.0,0.0,0.0,0.0,1.0
80.0,730.0,2,1041.0,2.0,1.0,53.0,0.0,0.0,1.0,0.0
80.0,996.0,3,1453.0,2.0,2.0,58.0,1.0,0.0,0.0,0.0
80.0,1231.0,1,877.0,1.0,1.0,59.0,0.0,0.0,1.0,0.0
80.0,1034.0,3,1477.0,2.0,1.0,69.5,1.0,0.0,0.0,0.0
80.0,800.0,2,1420.0,2.0,0.0,120.0,0.0,0.0,1.0,0.0
26.0,542.0,3,2000.0,2.0,2.0,360.0,0.0,0.0,0.0,1.0
80.0,872.0,2,1140.0,1.0,1.0,185.0,0.0,0.0,0.0,1.0
80.0,214.0,3,1380.0,2.0,2.0,55.0,0.0,0.0,0.0,1.0
80.0,1179.0,2,1095.0,2.0,1.0,57.0,0.0,0.0,0.0,1.0
80.0,587.0,2,1258.5,2.0,0.0,59.135,0.0,0.0,0.0,1.0
80.0,476.0,3,1665.0,3.0,2.0,71.58,0.0,0.0,0.0,1.0
34.0,771.0,2,1245.0,2.0,1.0,60.0,0.0,0.0,0.0,1.0
80.0,511.0,4,3360.0,5.0,2.0,221.0,0.0,0.0,0.0,1.0
80.0,1035.0,3,2010.0,3.0,2.0,201.0,0.0,0.0,0.0,1.0
30.0,1244.0,3,1226.0,2.0,2.0,60.0,0.0,0.0,1.0,0.0
31.0,1169.0,2,1075.0,2.0,1.0,46.76,0.0,0.0,0.0,1.0
80.0,1035.0,2,1226.0,2.0,1.0,65.59,0.0,0.0,0.0,1.0
80.0,1114.0,1,510.0,1.0,1.0,22.0,0.0,0.0,0.0,1.0
29.0,504.0,2,1153.0,2.0,2.0,60.0,0.0,0.0,0.0,1.0
80.0,346.0,4,1600.0,4.0,2.0,45.0,0.0,0.0,0.0,1.0
80.0,415.0,2,1000.0,2.0,1.0,49.5,0.0,0.0,0.0,1.0
80.0,684.0,7,1400.0,7.0,1.0,218.0,0.0,0.0,0.0,1.0
28.0,1248.0,2,1256.0,2.0,1.0,65.0,0.0,0.0,0.0,1.0
80.0,537.0,6,1200.0,5.0,1.0,130.0,0.0,0.0,1.0,0.0
80.0,714.0,3,1425.0,3.0,2.0,57.0,0.0,0.0,0.0,1.0
80.0,130.0,5,1375.0,5.0,1.0,125.0,0.0,0.0,0.0,1.0
80.0,1212.0,3,1919.0,3.0,2.0,117.0,0.0,0.0,1.0,0.0
80.0,968.0,3,2111.0,3.0,2.0,103.0,0.0,0.0,0.0,1.0
80.0,547.0,2,970.0,2.0,1.0,57.0,0.0,1.0,0.0,0.0
80.0,977.0,2,1353.0,2.0,2.0,110.0,0.0,0.0,1.0,0.0
80.0,262.0,3,1405.0,2.0,1.0,85.0,1.0,0.0,0.0,0.0
80.0,214.0,2,1285.0,2.0,2.0,90.0,1.0,0.0,0.0,0.0
80.0,1263.0,2,1050.0,2.0,1.0,42.0,0.0,0.0,0.0,1.0
80.0,960.0,2,1349.0,2.0,1.0,96.8,0.0,0.0,0.0,1.0
80.0,986.0,4,4050.0,2.0,1.0,450.0,0.0,0.0,1.0,0.0
80.0,234.0,1,812.0,1.0,0.0,26.0,0.0,0.0,0.0,1.0
80.0,1175.0,3,1440.0,2.0,2.0,63.93,0.0,0.0,0.0,1.0
80.0,472.0,4,2425.0,5.0,1.0,195.0,0.0,0.0,0.0,1.0
80.0,1248.0,4,2200.0,3.0,3.0,80.0,1.0,0.0,0.0,0.0
80.0,1000.0,3,1810.0,3.0,2.0,112.0,0.0,0.0,0.0,1.0
80.0,968.0,2,1200.0,2.0,2.0,140.0,1.0,0.0,0.0,0.0
32.0,903.0,2,1060.0,2.0,1.0,52.0,0.0,0.0,0.0,1.0
80.0,394.0,2,1015.0,2.0,2.0,60.0,0.0,0.0,0.0,1.0
,,4,2856.0,5.0,0.0,154.5,,,,
,,5,1500.0,6.0,2.0,145.0,,,,
,,3,1454.0,3.0,3.0,71.5,,,,
,,2,1075.0,2.0,2.0,48.0,,,,
,,5,774.0,5.0,3.0,70.0,,,,
,,2,1187.0,2.0,2.0,40.14,,,,
,,1,500.0,1.0,3.0,220.0,,,,
,,4,1200.0,5.0,1.0,325.0,,,,
,,3,1805.0,3.0,3.0,134.0,,,,
,,3,1527.0,3.0,1.0,142.0,,,,
,,3,1675.0,3.0,1.0,92.13,,,,
,,2,1050.0,2.0,2.0,52.71,,,,
,,7,1500.0,9.0,2.0,250.0,,,,
,,2,1262.0,2.0,2.0,47.0,,,,
,,3,1345.0,2.0,1.0,57.0,,,,
,,3,1715.0,3.0,3.0,112.0,,,,
,,5,3453.0,4.0,0.0,231.0,,,,
,,4,3600.0,5.0,1.0,400.0,,,,
,,2,1141.0,2.0,1.0,60.0,,,,
,,4,4689.0,4.0,1.0,488.0,,,,
,,1,550.0,1.0,1.0,17.0,,,,
